Protein_ID,Localizations,Signals,Membrane types,Cytoplasm,Nucleus,Extracellular,Cell membrane,Mitochondrion,Plastid,Endoplasmic reticulum,Lysosome/Vacuole,Golgi apparatus,Peroxisome,Peripheral,Transmembrane,Lipid anchor,Soluble
A1CF|Q9NQ94,Cytoplasm|Nucleus,Nuclear localization signal|Nuclear export signal,Soluble,0.5917999744415283,0.6527000069618225,0.043699998408555984,0.020600000396370888,0.0851999968290329,0.0026000000070780516,0.4361000061035156,0.06499999761581421,0.11900000274181366,0.0008999999845400453,0.5354999899864197,0.054499998688697815,0.13830000162124634,0.800599992275238
AAMP|Q13685,Cytoplasm|Nucleus,Nuclear localization signal,Soluble,0.6010000109672546,0.7851999998092651,0.007400000002235174,0.22990000247955322,0.0632999986410141,0.006000000052154064,0.05079999938607216,0.08179999887943268,0.07429999858140945,0.02590000070631504,0.4717999994754791,0.05180000141263008,0.12020000070333481,0.8137000203132629
AAR2|Q9Y312,Cytoplasm|Nucleus,Nuclear export signal,Soluble,0.6123999953269958,0.6485999822616577,0.04830000177025795,0.13930000364780426,0.02449999935925007,0.00279999990016222,0.07400000095367432,0.17430000007152557,0.12460000067949295,0.013399999588727951,0.5659000277519226,0.06790000200271606,0.10649999976158142,0.7245000004768372
AARS1|P49588,Cytoplasm,,Soluble,0.6412000060081482,0.3521000146865845,0.20160000026226044,0.13079999387264252,0.1941000074148178,0.022700000554323196,0.22709999978542328,0.06319999694824219,0.054999999701976776,0.012000000104308128,0.4603999853134155,0.03739999979734421,0.2583000063896179,0.8255000114440918
AARS2|Q5JTZ9,Mitochondrion,Mitochondrial transit peptide,Soluble,0.31779998540878296,0.20440000295639038,0.13660000264644623,0.15790000557899475,0.8337000012397766,0.002300000051036477,0.1363999992609024,0.0908999964594841,0.08560000360012054,0.027699999511241913,0.583299994468689,0.11840000003576279,0.3059999942779541,0.7436000108718872
AARSD1|Q9BTE6,Cytoplasm|Nucleus,Nuclear localization signal,Soluble,0.6790000200271606,0.564300000667572,0.11270000040531158,0.131400004029274,0.26330000162124634,0.017799999564886093,0.13830000162124634,0.061799999326467514,0.08550000190734863,0.016699999570846558,0.4361000061035156,0.056699998676776886,0.23440000414848328,0.824999988079071
AATF|Q9NY61,Nucleus,Nuclear localization signal,Soluble,0.12280000001192093,0.9161999821662903,0.019099999219179153,0.04540000110864639,0.03629999980330467,0.0010999999940395355,0.1467999964952469,0.18559999763965607,0.05090000107884407,0.004000000189989805,0.387800008058548,0.04019999876618385,0.17110000550746918,0.8611000180244446
ABCE1|P61221,Cytoplasm,,Soluble,0.7462999820709229,0.26980000734329224,0.10930000245571136,0.2865000069141388,0.4763000011444092,0.04039999842643738,0.08879999816417694,0.21610000729560852,0.02370000071823597,0.010300000198185444,0.4309000074863434,0.04179999977350235,0.08969999849796295,0.8169000148773193
ABCF1|Q8NE71,Cytoplasm|Nucleus,Nuclear localization signal,Peripheral|Soluble,0.6118000149726868,0.5297999978065491,0.046799998730421066,0.21230000257492065,0.16349999606609344,0.009200000204145908,0.20250000059604645,0.1404000073671341,0.25040000677108765,0.002899999963119626,0.6208000183105469,0.052299998700618744,0.3073999881744385,0.7206000089645386
ABCF2|Q9UG63,Cytoplasm,Nuclear localization signal,Soluble,0.6331999897956848,0.5013999938964844,0.012900000438094139,0.26840001344680786,0.22179999947547913,0.007000000216066837,0.2718999981880188,0.24650000035762787,0.17870000004768372,0.007300000172108412,0.548799991607666,0.05220000073313713,0.1882999986410141,0.7434999942779541
ABCF3|Q9NUQ8,Cytoplasm|Nucleus,,Soluble,0.6456000208854675,0.6252999901771545,0.12520000338554382,0.10019999742507935,0.2750000059604645,0.014299999922513962,0.15790000557899475,0.2989000082015991,0.09700000286102295,0.12950000166893005,0.5437999963760376,0.03869999945163727,0.1340000033378601,0.7718999981880188
ABT1|Q9ULW3,Nucleus,Nuclear localization signal,Soluble,0.46799999475479126,0.7759000062942505,0.014000000432133675,0.030500000342726707,0.09920000284910202,0.010999999940395355,0.07569999992847443,0.01810000091791153,0.030300000682473183,0.000699999975040555,0.37369999289512634,0.021900000050663948,0.07509999722242355,0.8901000022888184
ACAA2|P42765,Mitochondrion,Mitochondrial transit peptide,Soluble,0.3321000039577484,0.060600001364946365,0.07689999788999557,0.07240000367164612,0.859499990940094,0.0494999997317791,0.1071000024676323,0.16249999403953552,0.05339999869465828,0.21250000596046448,0.40849998593330383,0.053700000047683716,0.040800001472234726,0.7700999975204468
ACAT1|P24752,Mitochondrion,Mitochondrial transit peptide,Peripheral|Soluble,0.121799997985363,0.10090000182390213,0.035100001841783524,0.06589999794960022,0.951200008392334,0.014700000174343586,0.037700001150369644,0.03889999911189079,0.03319999948143959,0.07289999723434448,0.6599000096321106,0.125900000333786,0.05590000003576279,0.5820000171661377
ACIN1|Q9UKV3,Nucleus,Nuclear localization signal,Soluble,0.2816999852657318,0.8859000205993652,0.03660000115633011,0.19460000097751617,0.09690000116825104,0.002300000051036477,0.0957999974489212,0.013399999588727951,0.017799999564886093,0.0010999999940395355,0.48350000381469727,0.053599998354911804,0.272599995136261,0.8447999954223633
ACLY|P53396,Cytoplasm,,Soluble,0.5677000284194946,0.43849998712539673,0.08609999716281891,0.048700001090765,0.13770000636577606,0.036400001496076584,0.08489999920129776,0.11860000342130661,0.10610000044107437,0.1501999944448471,0.5322999954223633,0.11389999836683273,0.11710000038146973,0.6686000227928162
ACO1|P21399,Cytoplasm|Mitochondrion,Peroxisomal targeting signal,Soluble,0.8910999894142151,0.3849000036716461,0.266400009393692,0.09130000323057175,0.6553999781608582,0.007499999832361937,0.058400001376867294,0.014700000174343586,0.027699999511241913,0.3952000141143799,0.5532000064849854,0.029600000008940697,0.13979999721050262,0.7949000000953674
ACO2|Q99798,Mitochondrion,Mitochondrial transit peptide,Peripheral|Soluble,0.4277999997138977,0.20010000467300415,0.2054000049829483,0.06069999933242798,0.8460000157356262,0.04309999942779541,0.04569999873638153,0.010700000450015068,0.012000000104308128,0.1670999974012375,0.677299976348877,0.07100000232458115,0.11159999668598175,0.6518999934196472
ACTN1|P12814,Cytoplasm,Nuclear export signal,Peripheral|Soluble,0.8086000084877014,0.34860000014305115,0.023900000378489494,0.4490000009536743,0.0575999990105629,0.00279999990016222,0.13519999384880066,0.20190000534057617,0.30160000920295715,0.01080000028014183,0.7976999878883362,0.025200000032782555,0.38019999861717224,0.7002000212669373
ACTN3|Q08043,Cytoplasm,Nuclear export signal,Peripheral|Soluble,0.8138999938964844,0.3352000117301941,0.033799998462200165,0.3605000078678131,0.05380000174045563,0.0034000000450760126,0.11569999903440475,0.17980000376701355,0.2935999929904938,0.004600000102072954,0.8009999990463257,0.018300000578165054,0.31459999084472656,0.7504000067710876
ACTN4|O43707,Cytoplasm,Nuclear export signal,Peripheral|Soluble,0.8032000064849854,0.3725999891757965,0.03099999949336052,0.4138999879360199,0.04800000041723251,0.003000000026077032,0.13429999351501465,0.1931000053882599,0.30410000681877136,0.01080000028014183,0.7829999923706055,0.024399999529123306,0.29120001196861267,0.7088000178337097
ADAD1|Q96M93,Cytoplasm|Nucleus,Nuclear localization signal,Soluble,0.6389999985694885,0.8277000188827515,0.05829999968409538,0.041200000792741776,0.08299999684095383,0.0017000000225380063,0.07750000059604645,0.020500000566244125,0.03700000047683716,0.009600000455975533,0.3160000145435333,0.11029999703168869,0.11779999732971191,0.796999990940094
ADAD2|Q8NCV1,Cytoplasm|Nucleus,Nuclear localization signal,Soluble,0.5841000080108643,0.8155999779701233,0.12870000302791595,0.04830000177025795,0.1932000070810318,0.0008999999845400453,0.13689999282360077,0.044199999421834946,0.053199999034404755,0.010099999606609344,0.3384999930858612,0.15800000727176666,0.11190000176429749,0.807699978351593
ADAR|P55265,Cytoplasm|Nucleus,Nuclear localization signal,Soluble,0.5302000045776367,0.7651000022888184,0.07940000295639038,0.045099999755620956,0.09790000319480896,0.00559999980032444,0.15569999814033508,0.042899999767541885,0.05559999868273735,0.009600000455975533,0.3790999948978424,0.14589999616146088,0.11230000108480453,0.767300009727478
ADARB1|P78563,Nucleus,Nuclear localization signal,Soluble,0.4693000018596649,0.8072999715805054,0.033900000154972076,0.03420000150799751,0.12150000035762787,0.005200000014156103,0.13950000703334808,0.023099999874830246,0.038100000470876694,0.004100000020116568,0.35679998993873596,0.09120000153779984,0.14970000088214874,0.794700026512146
ADARB2|Q9NS39,Nucleus,Nuclear localization signal,Soluble,0.3725999891757965,0.7847999930381775,0.09440000355243683,0.0568000003695488,0.2386000007390976,0.002099999925121665,0.10220000147819519,0.03620000183582306,0.048700001090765,0.025100000202655792,0.4625000059604645,0.12759999930858612,0.31029999256134033,0.7738000154495239
ADAT2|Q7Z6V5,Cytoplasm|Nucleus,Nuclear localization signal,Soluble,0.6402999758720398,0.8421000242233276,0.016499999910593033,0.05700000002980232,0.1298000067472458,0.00430000014603138,0.19939999282360077,0.04280000180006027,0.08540000021457672,0.006099999882280827,0.4634999930858612,0.03139999881386757,0.12049999833106995,0.840499997138977
ADAT3|Q96EY9,Cytoplasm|Nucleus,,Soluble,0.5724999904632568,0.6723999977111816,0.08460000157356262,0.09619999676942825,0.42010000348091125,0.054099999368190765,0.2168000042438507,0.1242000013589859,0.3050000071525574,0.10029999911785126,0.5777999758720398,0.12939999997615814,0.17759999632835388,0.6855999827384949
ADNP|Q9H2P0,Nucleus,Nuclear localization signal,Soluble,0.17630000412464142,0.920799970626831,0.05829999968409538,0.017500000074505806,0.05530000105500221,0.002899999963119626,0.05299999937415123,0.012299999594688416,0.02239999920129776,0.0010000000474974513,0.42989999055862427,0.09279999881982803,0.09740000218153,0.8197000026702881
AEN|Q8WTP8,Cytoplasm|Nucleus,Nuclear localization signal,Soluble,0.5103999972343445,0.6953999996185303,0.06719999760389328,0.01600000075995922,0.295199990272522,0.0020000000949949026,0.04490000009536743,0.02500000037252903,0.03929999843239784,0.01209999993443489,0.31630000472068787,0.13030000030994415,0.09210000187158585,0.8478999733924866
AFDN|P55196,Cytoplasm,Nuclear localization signal,Peripheral|Soluble,0.7513999938964844,0.250900000333786,0.26010000705718994,0.453000009059906,0.1421000063419342,0.002099999925121665,0.1306000053882599,0.2824000120162964,0.2648000121116638,0.000699999975040555,0.7802000045776367,0.02759999968111515,0.3903999924659729,0.7408999800682068
AFF4|Q9UHB7,Nucleus,Nuclear export signal,Peripheral|Soluble,0.45010000467300415,0.7379999756813049,0.025800000876188278,0.10400000214576721,0.036400001496076584,9.999999747378752e-05,0.21359999477863312,0.13040000200271606,0.07100000232458115,0.003599999938160181,0.6478000283241272,0.07440000027418137,0.21629999577999115,0.7644000053405762
AGO1|Q9UL18,Cytoplasm|Nucleus,Nuclear localization signal|Nuclear export signal,Peripheral|Soluble,0.6837999820709229,0.5859000086784363,0.2888999879360199,0.32749998569488525,0.15700000524520874,0.0010000000474974513,0.1200999990105629,0.13979999721050262,0.164000004529953,0.06480000168085098,0.6657000184059143,0.03620000183582306,0.3725000023841858,0.7660999894142151
AGO2|Q9UKV8,Cytoplasm|Nucleus,Nuclear localization signal|Nuclear export signal,Peripheral|Soluble,0.6715999841690063,0.5468000173568726,0.24210000038146973,0.41179999709129333,0.15940000116825104,0.0010000000474974513,0.11990000307559967,0.1527000069618225,0.15760000050067902,0.08389999717473984,0.675000011920929,0.04390000179409981,0.4253000020980835,0.7501999735832214
AGO3|Q9H9G7,Cytoplasm|Nucleus,Nuclear localization signal|Nuclear export signal,Peripheral|Soluble,0.6690000295639038,0.5974000096321106,0.28299999237060547,0.3434000015258789,0.1704999953508377,0.0012000000569969416,0.1281999945640564,0.15610000491142273,0.1981000006198883,0.10040000081062317,0.6837999820709229,0.04560000076889992,0.44110000133514404,0.7436000108718872
AGO4|Q9HCK5,Cytoplasm|Nucleus,Nuclear export signal,Peripheral|Soluble,0.6700000166893005,0.5548999905586243,0.2655999958515167,0.34200000762939453,0.16459999978542328,0.0008999999845400453,0.1282999962568283,0.18000000715255737,0.1589999943971634,0.09749999642372131,0.65829998254776,0.040300000458955765,0.4325000047683716,0.7718999981880188
AHCTF1|Q8WYP5,Nucleus,Nuclear localization signal,Soluble,0.15399999916553497,0.9333999752998352,0.03629999980330467,0.027699999511241913,0.06430000066757202,0.10119999945163727,0.03060000017285347,0.006899999920278788,0.042399998754262924,0.013299999758601189,0.6098999977111816,0.12720000743865967,0.17090000212192535,0.6960999965667725
AHCY|P23526,Cytoplasm,,Soluble,0.8920000195503235,0.32019999623298645,0.057500001043081284,0.17669999599456787,0.4634999930858612,0.016499999910593033,0.22470000386238098,0.25589999556541443,0.07419999688863754,0.014000000432133675,0.4772000014781952,0.014600000344216824,0.11500000208616257,0.8436999917030334
AHNAK|Q09666,Cytoplasm|Cell membrane,Nuclear localization signal,Peripheral|Soluble,0.613099992275238,0.38760000467300415,0.2354000061750412,0.7652000188827515,0.10750000178813934,0.15049999952316284,0.30720001459121704,0.12070000171661377,0.3447999954223633,0.039500001817941666,0.8647000193595886,0.019600000232458115,0.3165999948978424,0.7670999765396118
AICDA|Q9GZX7,Cytoplasm|Nucleus,Nuclear export signal,Soluble,0.7002999782562256,0.597599983215332,0.2093999981880188,0.03689999878406525,0.10639999806880951,0.0003000000142492354,0.3028999865055084,0.22200000286102295,0.12269999831914902,0.06930000334978104,0.46389999985694885,0.11919999867677689,0.14059999585151672,0.7584999799728394
AIMP1|Q12904,Cytoplasm,Nuclear localization signal,Soluble,0.7818999886512756,0.519599974155426,0.31790000200271606,0.034299999475479126,0.06440000236034393,0.030799999833106995,0.20200000703334808,0.016899999231100082,0.15000000596046448,0.03020000085234642,0.32919999957084656,0.020500000566244125,0.1485999971628189,0.8809000253677368
AIMP2|Q13155,Cytoplasm,,Soluble,0.6865000128746033,0.4075999855995178,0.020999999716877937,0.17790000140666962,0.388700008392334,0.014800000004470348,0.04859999939799309,0.1573999971151352,0.2337999939918518,0.19599999487400055,0.4426000118255615,0.07940000295639038,0.08020000159740448,0.8051000237464905
AKAP1|Q92667,Mitochondrion,,Transmembrane,0.20509999990463257,0.19689999520778656,0.17000000178813934,0.07850000262260437,0.6865000128746033,0.03200000151991844,0.4641999900341034,0.18019999563694,0.34689998626708984,0.49239999055862427,0.5396000146865845,0.7346000075340271,0.15160000324249268,0.2513999938964844
AKAP17A|Q02040,Nucleus,Nuclear localization signal,Soluble,0.23029999434947968,0.9061999917030334,0.038100000470876694,0.1282999962568283,0.05209999904036522,0.0012000000569969416,0.08609999716281891,0.007000000216066837,0.012799999676644802,0.001500000013038516,0.4429999887943268,0.05829999968409538,0.24729999899864197,0.838699996471405
AKAP8|O43823,Nucleus,Nuclear localization signal,Soluble,0.313400000333786,0.9674999713897705,0.025599999353289604,0.012400000356137753,0.05009999871253967,0.00139999995008111,0.10350000113248825,0.013299999758601189,0.011800000444054604,9.999999747378752e-05,0.4124999940395355,0.03840000182390213,0.15070000290870667,0.8866999745368958
AKAP8L|Q9ULX6,Nucleus,Nuclear localization signal,Soluble,0.21050000190734863,0.9648000001907349,0.04529999941587448,0.01269999984651804,0.054999999701976776,0.0010999999940395355,0.09200000017881393,0.011699999682605267,0.012600000016391277,0.00019999999494757503,0.4489000141620636,0.05260000005364418,0.14380000531673431,0.8461999893188477
AKAP9|Q99996,Cytoplasm|Golgi apparatus,Nuclear export signal,Peripheral|Soluble,0.7020000219345093,0.328000009059906,0.01769999973475933,0.24639999866485596,0.1412999927997589,0.008299999870359898,0.38909998536109924,0.43709999322891235,0.7092000246047974,0.019200000911951065,0.7207000255584717,0.08969999849796295,0.2906000018119812,0.6367999911308289
ALDH18A1|P54886,Mitochondrion,Mitochondrial transit peptide,Soluble,0.39579999446868896,0.24009999632835388,0.041200000792741776,0.06599999964237213,0.8165000081062317,0.12970000505447388,0.06289999932050705,0.03359999880194664,0.06880000233650208,0.10700000077486038,0.6123999953269958,0.05779999867081642,0.1964000016450882,0.7379999756813049
ALDOA|P04075,Cytoplasm|Mitochondrion,Nuclear localization signal,Soluble,0.8105999827384949,0.504800021648407,0.05009999871253967,0.14640000462532043,0.6973999738693237,0.019500000402331352,0.05829999968409538,0.042899999767541885,0.1500999927520752,0.010499999858438969,0.5813999772071838,0.023000000044703484,0.31049999594688416,0.8287000060081482
ALDOC|P09972,Cytoplasm,Nuclear localization signal,Soluble,0.8723999857902527,0.4287000000476837,0.022600000724196434,0.07980000227689743,0.5408999919891357,0.031300000846385956,0.05310000106692314,0.030300000682473183,0.17440000176429749,0.02280000038444996,0.5803999900817871,0.019099999219179153,0.21209999918937683,0.8240000009536743
ALKBH5|Q6P6C2,Nucleus,Nuclear localization signal,Soluble,0.3124000132083893,0.9203000068664551,0.03999999910593033,0.046799998730421066,0.04580000042915344,0.023499999195337296,0.09449999779462814,0.029500000178813934,0.025699999183416367,0.01549999974668026,0.47029998898506165,0.06499999761581421,0.0502999983727932,0.7874000072479248
ALKBH8|Q96BT7,Cytoplasm|Nucleus,Nuclear localization signal,Soluble,0.6754000186920166,0.6693999767303467,0.11249999701976776,0.093299999833107,0.08889999985694885,0.004100000020116568,0.0763000026345253,0.07020000368356705,0.08100000023841858,0.0020000000949949026,0.49950000643730164,0.05480000004172325,0.14730000495910645,0.777999997138977
ALYREF|Q86V81,Cytoplasm|Nucleus,Nuclear localization signal,Soluble,0.5909000039100647,0.7167999744415283,0.027499999850988388,0.17149999737739563,0.07370000332593918,0.0024999999441206455,0.04879999905824661,0.01549999974668026,0.050200000405311584,0.0005000000237487257,0.35190001130104065,0.020600000396370888,0.2037000060081482,0.8454999923706055
ANAPC5|Q9UJX4,Cytoplasm|Nucleus,Nuclear export signal,Soluble,0.6238999962806702,0.6895999908447266,0.03519999980926514,0.24250000715255737,0.09929999709129333,0.0010000000474974513,0.11249999701976776,0.23739999532699585,0.19840000569820404,0.03530000150203705,0.5925999879837036,0.1428000032901764,0.10849999636411667,0.6654000282287598
ANKHD1|Q8IWZ3,Cytoplasm|Nucleus,Nuclear localization signal|Nuclear export signal,Soluble,0.7250999808311462,0.7405999898910522,0.024700000882148743,0.09449999779462814,0.08609999716281891,0.005200000014156103,0.1282999962568283,0.09390000253915787,0.17430000007152557,0.009499999694526196,0.6111999750137329,0.07100000232458115,0.1696999967098236,0.7932000160217285
ANKRD17|O75179,Cytoplasm|Nucleus,Nuclear localization signal,Soluble,0.4724999964237213,0.9193000197410583,0.04529999941587448,0.05460000038146973,0.09849999845027924,0.00570000009611249,0.1151999980211258,0.016599999740719795,0.16279999911785126,0.0035000001080334187,0.5996999740600586,0.0406000018119812,0.11309999972581863,0.8259000182151794
ANKS1A|Q92625,Cytoplasm|Cell membrane,Nuclear localization signal|Nuclear export signal,Peripheral|Soluble,0.7297999858856201,0.34220001101493835,0.023900000378489494,0.5342000126838684,0.11379999667406082,0.0027000000700354576,0.1712999939918518,0.24940000474452972,0.2168000042438507,0.003000000026077032,0.7573999762535095,0.07129999995231628,0.31929999589920044,0.6233999729156494
ANKS1B|Q7Z6G8,Cytoplasm|Cell membrane,Nuclear export signal,Peripheral|Soluble,0.6962000131607056,0.36629998683929443,0.02019999921321869,0.5238999724388123,0.1128000020980835,0.0034000000450760126,0.10859999805688858,0.24400000274181366,0.20999999344348907,0.005799999926239252,0.7465999722480774,0.07090000063180923,0.295199990272522,0.603600025177002
ANKS3|Q6ZW76,Cytoplasm|Nucleus,Nuclear localization signal|Nuclear export signal,Peripheral|Soluble,0.722599983215332,0.5690000057220459,0.033799998462200165,0.16359999775886536,0.1185000017285347,0.00139999995008111,0.15410000085830688,0.34389999508857727,0.19210000336170197,0.002400000113993883,0.6225000023841858,0.10639999806880951,0.16380000114440918,0.7860000133514404
ANKS4B|Q8N8V4,Cytoplasm,Nuclear export signal,Soluble,0.6019999980926514,0.36090001463890076,0.026900000870227814,0.2084999978542328,0.13169999420642853,0.023600000888109207,0.15459999442100525,0.16920000314712524,0.21699999272823334,0.009100000374019146,0.5683000087738037,0.04780000075697899,0.17509999871253967,0.8058000206947327
ANKS6|Q68DC2,Cytoplasm,Nuclear export signal,Peripheral|Soluble,0.5591999888420105,0.39590001106262207,0.021800000220537186,0.35010001063346863,0.2784999907016754,0.007000000216066837,0.27709999680519104,0.3418999910354614,0.23839999735355377,0.023800000548362732,0.6773999929428101,0.0843999981880188,0.21240000426769257,0.7067999839782715
ANP32A|P39687,Nucleus,Nuclear localization signal,Soluble,0.31139999628067017,0.9408000111579895,0.2915000021457672,0.03720000013709068,0.04780000075697899,0.00019999999494757503,0.08550000190734863,0.010999999940395355,0.01640000008046627,0.0003000000142492354,0.26100000739097595,0.019099999219179153,0.15870000422000885,0.9110000133514404
ANP32B|Q92688,Nucleus,Nuclear localization signal,Soluble,0.31189998984336853,0.9369000196456909,0.2973000109195709,0.03920000046491623,0.04280000180006027,0.00039999998989515007,0.09719999879598618,0.010099999606609344,0.0203000009059906,0.00019999999494757503,0.25110000371932983,0.014600000344216824,0.16359999775886536,0.9280999898910522
ANXA1|P04083,Cytoplasm,,Soluble,0.7699999809265137,0.3930000066757202,0.5472000241279602,0.4156000018119812,0.26339998841285706,0.0560000017285347,0.09210000187158585,0.45739999413490295,0.06889999657869339,0.01640000008046627,0.5835999846458435,0.03009999915957451,0.09629999846220016,0.7703999876976013
ANXA11|P50995,Cytoplasm|Nucleus,,Soluble,0.7211999893188477,0.5322999954223633,0.4975000023841858,0.4828999936580658,0.15639999508857727,0.008200000040233135,0.09709999710321426,0.47699999809265137,0.04019999876618385,0.008299999870359898,0.47049999237060547,0.02590000070631504,0.0632999986410141,0.804099977016449
ANXA2|P07355,Cytoplasm,,Soluble,0.7182999849319458,0.36880001425743103,0.5404000282287598,0.3343000113964081,0.14650000631809235,0.009499999694526196,0.1014999970793724,0.5609999895095825,0.09059999883174896,0.05939999967813492,0.5939000248908997,0.030500000342726707,0.1014999970793724,0.7753000259399414
ANXA6|P08133,Cytoplasm|Cell membrane,,Soluble,0.7498000264167786,0.35659998655319214,0.5289999842643738,0.559499979019165,0.2476000040769577,0.024700000882148743,0.1080000028014183,0.4302000105381012,0.03590000048279762,0.013100000098347664,0.5108000040054321,0.027499999850988388,0.0966000035405159,0.8194000124931335
ANXA7|P20073,Cytoplasm,,Soluble,0.7336000204086304,0.4909999966621399,0.13740000128746033,0.3269999921321869,0.3050999939441681,0.013799999840557575,0.12770000100135803,0.5349000096321106,0.0471000000834465,0.022299999371170998,0.47110000252723694,0.02250000089406967,0.0551999993622303,0.830299973487854
AP1B1|Q10567,Cytoplasm,Nuclear export signal,Peripheral|Soluble,0.6503000259399414,0.3571999967098236,0.010999999940395355,0.4018999934196472,0.02810000069439411,0.005900000222027302,0.16449999809265137,0.40290001034736633,0.5927000045776367,0.0502999983727932,0.7425000071525574,0.039500001817941666,0.27250000834465027,0.6722000241279602
AP3D1|O14617,Nucleus,Nuclear localization signal,Peripheral|Soluble,0.4521999955177307,0.6315000057220459,0.04280000180006027,0.27250000834465027,0.02879999950528145,0.017799999564886093,0.07859999686479568,0.20909999310970306,0.20839999616146088,0.0015999999595806003,0.7900000214576721,0.04540000110864639,0.24539999663829803,0.630299985408783
APC|P25054,Cytoplasm,Nuclear localization signal,Soluble,0.7031999826431274,0.4657999873161316,0.06350000202655792,0.37059998512268066,0.14869999885559082,0.022099999710917473,0.0794999971985817,0.07829999923706055,0.1574999988079071,0.012400000356137753,0.5814999938011169,0.07689999788999557,0.13199999928474426,0.7670999765396118
APEX1|P27695,Nucleus,Nuclear localization signal,Soluble,0.2540000081062317,0.9455999732017517,0.04569999873638153,0.06159999966621399,0.1704999953508377,0.033799998462200165,0.06129999831318855,0.0210999995470047,0.054499998688697815,0.0005000000237487257,0.2581000030040741,0.023000000044703484,0.1808999925851822,0.8772000074386597
API5|Q9BZZ5,Cytoplasm|Nucleus,Nuclear localization signal,Soluble,0.5196999907493591,0.8522999882698059,0.11299999803304672,0.04740000143647194,0.094200000166893,0.00139999995008111,0.06459999829530716,0.0333000011742115,0.04100000113248825,0.00039999998989515007,0.5311999917030334,0.03480000048875809,0.12210000306367874,0.7985000014305115
APOBEC1|P41238,Cytoplasm|Nucleus,,Soluble,0.508899986743927,0.541700005531311,0.29739999771118164,0.16279999911785126,0.2515999972820282,0.003700000001117587,0.20649999380111694,0.19869999587535858,0.1404999941587448,0.16670000553131104,0.41620001196861267,0.2793999910354614,0.24969999492168427,0.6840999722480774
APOBEC2|Q9Y235,Cytoplasm|Nucleus,Nuclear localization signal,Soluble,0.7002999782562256,0.6930000185966492,0.15000000596046448,0.030899999663233757,0.05689999833703041,0.00039999998989515007,0.12349999696016312,0.028300000354647636,0.04039999842643738,0.016499999910593033,0.42160001397132874,0.03449999913573265,0.0982000008225441,0.8661999702453613
APOBEC3A|P31941,Cytoplasm|Nucleus,Nuclear localization signal|Nuclear export signal,Soluble,0.728600025177002,0.6399999856948853,0.11779999732971191,0.07959999889135361,0.1274999976158142,9.999999747378752e-05,0.13369999825954437,0.22849999368190765,0.03739999979734421,0.02930000051856041,0.459199994802475,0.12319999933242798,0.22599999606609344,0.8008000254631042
APOBEC3B|Q9UH17,Cytoplasm|Nucleus,Nuclear export signal,Soluble,0.6787999868392944,0.6347000002861023,0.14489999413490295,0.055399999022483826,0.11699999868869781,0.00019999999494757503,0.23989999294281006,0.2711000144481659,0.04610000178217888,0.03869999945163727,0.4426000118255615,0.14159999787807465,0.15330000221729279,0.7811999917030334
APOBEC3C|Q9NRW3,Cytoplasm|Nucleus,,Soluble,0.5562999844551086,0.6884999871253967,0.20559999346733093,0.040800001472234726,0.06939999759197235,0.0003000000142492354,0.07180000096559525,0.05380000174045563,0.028699999675154686,0.16590000689029694,0.366100013256073,0.1307000070810318,0.13359999656677246,0.7797999978065491
APOBEC3D|Q96AK3,Cytoplasm|Nucleus,,Soluble,0.5192999839782715,0.5587999820709229,0.17020000517368317,0.05829999968409538,0.08959999680519104,0.00019999999494757503,0.1128000020980835,0.09989999979734421,0.025299999862909317,0.13580000400543213,0.3919999897480011,0.16850000619888306,0.12309999763965607,0.7724000215530396
APOBEC3F|Q8IUX4,Cytoplasm|Nucleus,,Soluble,0.6169999837875366,0.6590999960899353,0.1746000051498413,0.044199999421834946,0.07680000364780426,0.0003000000142492354,0.2240000069141388,0.16750000417232513,0.051899999380111694,0.07490000128746033,0.43869999051094055,0.20440000295639038,0.13670000433921814,0.7272999882698059
APOBEC3G|Q9HC16,Cytoplasm|Nucleus,,Soluble,0.7239999771118164,0.6248999834060669,0.22419999539852142,0.04619999974966049,0.08420000225305557,0.00019999999494757503,0.10750000178813934,0.20389999449253082,0.05530000105500221,0.027400000020861626,0.4207000136375427,0.11729999631643295,0.13349999487400055,0.805899977684021
APOBEC3H|Q6NTF7,Cytoplasm|Nucleus,Nuclear localization signal,Soluble,0.6725000143051147,0.6797999739646912,0.21119999885559082,0.07750000059604645,0.05869999900460243,0.000699999975040555,0.09359999746084213,0.06710000336170197,0.058800000697374344,0.05270000174641609,0.37700000405311584,0.0778999999165535,0.13619999587535858,0.8367999792098999
APOBEC4|Q8WW27,Cytoplasm|Nucleus,Nuclear localization signal,Soluble,0.6861000061035156,0.7091000080108643,0.20260000228881836,0.048900000751018524,0.10459999740123749,0.02239999920129776,0.1793999969959259,0.07159999758005142,0.2962999939918518,0.025499999523162842,0.41620001196861267,0.07410000264644623,0.039500001817941666,0.8123999834060669
APTX|Q7Z2E3,Nucleus,Nuclear localization signal,Soluble,0.29679998755455017,0.9129999876022339,0.11469999700784683,0.023800000548362732,0.15410000085830688,0.0020000000949949026,0.0917000025510788,0.06509999930858612,0.03970000147819519,0.028699999675154686,0.5092999935150146,0.1185000017285347,0.18979999423027039,0.7405999898910522
AQR|O60306,Cytoplasm|Nucleus,,Soluble,0.554099977016449,0.5781000256538391,0.03840000182390213,0.07090000063180923,0.11400000005960464,0.010300000198185444,0.1898999959230423,0.04989999905228615,0.05180000141263008,0.004000000189989805,0.5554999709129333,0.16519999504089355,0.07649999856948853,0.6812000274658203
ARAP1|Q96P48,Cytoplasm|Lysosome/Vacuole,,Peripheral|Soluble,0.6039999723434448,0.26499998569488525,0.1324000060558319,0.48829999566078186,0.1363999992609024,0.002099999925121665,0.19439999759197235,0.6787999868392944,0.34540000557899475,0.002400000113993883,0.7936000227928162,0.07270000129938126,0.16410000622272491,0.6644999980926514
ARAP2|Q8WZ64,Cytoplasm|Cell membrane,Nuclear export signal,Peripheral|Soluble,0.708299994468689,0.22429999709129333,0.07930000126361847,0.5764999985694885,0.09570000320672989,0.01679999940097332,0.15330000221729279,0.33340001106262207,0.3246000111103058,0.0035000001080334187,0.7303000092506409,0.05139999836683273,0.1324000060558319,0.7141000032424927
ARAP3|Q8WWN8,Cytoplasm|Cell membrane,,Peripheral|Soluble,0.6934999823570251,0.2442999929189682,0.09319999814033508,0.5788999795913696,0.23800000548362732,0.0015999999595806003,0.22290000319480896,0.4993000030517578,0.28360000252723694,0.003100000089034438,0.7860999703407288,0.0729999989271164,0.16179999709129333,0.6953999996185303
ARCN1|P48444,Cytoplasm|Lysosome/Vacuole|Golgi apparatus,Nuclear export signal,Peripheral|Soluble,0.6044999957084656,0.22759999334812164,0.065700002014637,0.29820001125335693,0.04320000112056732,0.009200000204145908,0.20980000495910645,0.6345000267028809,0.7940999865531921,0.0008999999845400453,0.7610999941825867,0.027799999341368675,0.23499999940395355,0.6717000007629395
ARGLU1|Q9NWB6,Nucleus,Nuclear localization signal,Soluble,0.3467999994754791,0.8996000289916992,0.042500000447034836,0.05719999969005585,0.13510000705718994,0.007600000128149986,0.09390000253915787,0.016300000250339508,0.029100000858306885,0.0006000000284984708,0.3946000039577484,0.026399999856948853,0.1696999967098236,0.8580999970436096
ARHGEF1|Q92888,Cytoplasm|Cell membrane|Lysosome/Vacuole,Nuclear export signal,Peripheral|Soluble,0.732699990272522,0.19140000641345978,0.024000000208616257,0.5616999864578247,0.1639000028371811,0.0006000000284984708,0.24320000410079956,0.5867999792098999,0.4302999973297119,0.008500000461935997,0.7955999970436096,0.08389999717473984,0.2312999963760376,0.6995999813079834
ARHGEF2|Q92974,Cytoplasm,,Peripheral|Soluble,0.6922000050544739,0.17640000581741333,0.0421999990940094,0.45739999413490295,0.12549999356269836,0.0007999999797903001,0.20520000159740448,0.47839999198913574,0.3174999952316284,0.003000000026077032,0.7552000284194946,0.05790000036358833,0.16099999845027924,0.7486000061035156
ARID4A|P29374,Nucleus,Nuclear localization signal,Soluble,0.3508000075817108,0.9085000157356262,0.09619999676942825,0.09430000185966492,0.026799999177455902,0.0007999999797903001,0.04529999941587448,0.01899999938905239,0.020899999886751175,0.0003000000142492354,0.5309000015258789,0.04050000011920929,0.2176000028848648,0.8226000070571899
ARID4B|Q4LE39,Nucleus,Nuclear localization signal,Soluble,0.31709998846054077,0.8794999718666077,0.06689999997615814,0.1251000016927719,0.03669999912381172,0.000699999975040555,0.05739999935030937,0.025599999353289604,0.022299999371170998,0.0010000000474974513,0.503000020980835,0.050599999725818634,0.2651999890804291,0.82669997215271
ARL6IP4|Q66PJ3,Nucleus,Nuclear localization signal,Soluble,0.17579999566078186,0.8992000222206116,0.04769999906420708,0.10279999673366547,0.017100000753998756,0.00279999990016222,0.066600002348423,0.02239999920129776,0.021900000050663948,0.0008999999845400453,0.33640000224113464,0.031099999323487282,0.2849000096321106,0.9038000106811523
ARMC8|Q8IUR7,Cytoplasm,Nuclear export signal,Peripheral|Soluble,0.675599992275238,0.45350000262260437,0.01269999984651804,0.28769999742507935,0.2930000126361847,0.006899999920278788,0.2976999878883362,0.29159998893737793,0.33149999380111694,0.0052999998442828655,0.6377000212669373,0.08399999886751175,0.156700000166893,0.6966999769210815
ARPC1B|O15143,Cytoplasm,,Soluble,0.49239999055862427,0.45879998803138733,0.02800000086426735,0.17100000381469727,0.04010000079870224,0.006599999964237213,0.41990000009536743,0.2574999928474426,0.23119999468326569,0.05249999836087227,0.5504999756813049,0.07270000129938126,0.06700000166893005,0.7106000185012817
ASCC1|Q8N9N2,Cytoplasm|Nucleus,,Soluble,0.5353000164031982,0.649399995803833,0.14030000567436218,0.11379999667406082,0.38960000872612,0.003100000089034438,0.1111999973654747,0.07750000059604645,0.024700000882148743,0.05480000004172325,0.46219998598098755,0.07639999687671661,0.20229999721050262,0.7861999869346619
ASCC2|Q9H1I8,Cytoplasm|Nucleus,Nuclear export signal,Soluble,0.5845000147819519,0.6739000082015991,0.008500000461935997,0.04659999907016754,0.09470000118017197,0.003800000064074993,0.17919999361038208,0.026000000536441803,0.10180000215768814,0.00279999990016222,0.5404000282287598,0.11150000244379044,0.12099999934434891,0.7271000146865845
ASCC3|Q8N3C0,Nucleus,Nuclear localization signal,Soluble,0.46059998869895935,0.5285000205039978,0.10429999977350235,0.14020000398159027,0.15330000221729279,0.011300000362098217,0.16619999706745148,0.04360000044107437,0.1551000028848648,0.012199999764561653,0.4708999991416931,0.14270000159740448,0.05299999937415123,0.7016000151634216
ASNS|P08243,Cytoplasm,Nuclear localization signal|Nuclear export signal,Soluble,0.7235000133514404,0.4235000014305115,0.0013000000035390258,0.2669999897480011,0.28189998865127563,0.06780000030994415,0.3197999894618988,0.1103999987244606,0.0860000029206276,0.0142000000923872,0.4514000117778778,0.08969999849796295,0.09640000015497208,0.6870999932289124
ASZ1|Q8WWH4,Mitochondrion,Mitochondrial transit peptide,Transmembrane,0.3278999924659729,0.289000004529953,0.047200001776218414,0.10649999976158142,0.652999997138977,0.04439999908208847,0.2630999982357025,0.25600001215934753,0.33959999680519104,0.1574999988079071,0.4235999882221222,0.8224999904632568,0.06279999762773514,0.2345999926328659
ATIC|P31939,Cytoplasm,,Soluble,0.8112999796867371,0.16210000216960907,0.22789999842643738,0.026200000196695328,0.12620000541210175,0.006899999920278788,0.2143000066280365,0.22779999673366547,0.41260001063346863,0.004699999932199717,0.3930000066757202,0.03799999877810478,0.06859999895095825,0.8263999819755554
ATP1A1|P05023,Cell membrane,Transmembrane domain,Transmembrane,0.22630000114440918,0.1062999963760376,0.016100000590085983,0.642799973487854,0.07890000194311142,0.002400000113993883,0.5591999888420105,0.5339000225067139,0.46149998903274536,0.003100000089034438,0.15240000188350677,0.9657999873161316,0.08780000358819962,0.17319999635219574
ATP5F1A|P25705,Mitochondrion,Mitochondrial transit peptide,Peripheral|Soluble,0.11509999632835388,0.05299999937415123,0.03849999979138374,0.10440000146627426,0.9470000267028809,0.133200004696846,0.031599998474121094,0.04479999840259552,0.08100000023841858,0.022099999710917473,0.7577999830245972,0.065700002014637,0.05609999969601631,0.5598000288009644
ATP5F1B|P06576,Mitochondrion,Mitochondrial transit peptide,Peripheral|Soluble,0.07959999889135361,0.0640999972820282,0.037300001829862595,0.09470000118017197,0.958299994468689,0.20669999718666077,0.051100000739097595,0.04500000178813934,0.12960000336170197,0.04170000180602074,0.8148000240325928,0.046799998730421066,0.093299999833107,0.5636000037193298
ATP5MF-PTCD1|G3V325,Mitochondrion,Mitochondrial transit peptide,Peripheral|Soluble,0.17329999804496765,0.20190000534057617,0.05000000074505806,0.10639999806880951,0.9035999774932861,0.013100000098347664,0.09480000287294388,0.0731000006198883,0.12300000339746475,0.024700000882148743,0.6865000128746033,0.22679999470710754,0.11999999731779099,0.5820000171661377
ATRX|P46100,Cytoplasm|Nucleus,Nuclear localization signal,Soluble,0.4821000099182129,0.9413999915122986,0.016300000250339508,0.08009999990463257,0.03099999949336052,0.012199999764561653,0.1062999963760376,0.04690000042319298,0.07810000330209732,0.0020000000949949026,0.5636000037193298,0.046300001442432404,0.08250000327825546,0.8041999936103821
ATXN1|P54253,Nucleus,Nuclear localization signal,Soluble,0.3571999967098236,0.8988000154495239,0.12129999697208405,0.02410000003874302,0.02539999969303608,0.000699999975040555,0.02500000037252903,0.02290000021457672,0.042100001126527786,0.00039999998989515007,0.5667999982833862,0.0284000001847744,0.2741999924182892,0.8507000207901001
ATXN2|Q99700,Cytoplasm|Nucleus,Nuclear localization signal,Soluble,0.6829000115394592,0.5716000199317932,0.14380000531673431,0.09470000118017197,0.13040000200271606,0.016300000250339508,0.1809999942779541,0.06949999928474426,0.2296999990940094,0.006300000008195639,0.595300018787384,0.07050000131130219,0.16699999570846558,0.7939000129699707
ATXN2L|Q8WWM7,Cytoplasm|Nucleus,Nuclear localization signal|Nuclear export signal,Soluble,0.7889999747276306,0.6686000227928162,0.04830000177025795,0.10279999673366547,0.04960000142455101,0.0006000000284984708,0.09489999711513519,0.05339999869465828,0.1348000019788742,0.0008999999845400453,0.5692999958992004,0.04800000041723251,0.18940000236034393,0.8403000235557556
BAG3|O95817,Cytoplasm,Nuclear export signal,Soluble,0.7616000175476074,0.4925000071525574,0.08150000125169754,0.17299999296665192,0.11020000278949738,0.002199999988079071,0.13420000672340393,0.3346000015735626,0.2354000061750412,0.006599999964237213,0.6126999855041504,0.027000000700354576,0.21299999952316284,0.8263000249862671
BAZ1A|Q9NRL2,Nucleus,Nuclear localization signal,Soluble,0.16519999504089355,0.9283999800682068,0.014999999664723873,0.03359999880194664,0.07490000128746033,0.020400000736117363,0.0215000007301569,0.024800000712275505,0.04610000178217888,0.0035000001080334187,0.45879998803138733,0.045899998396635056,0.19740000367164612,0.7937999963760376
BAZ1B|Q9UIG0,Nucleus,Nuclear localization signal,Soluble,0.17749999463558197,0.8978000283241272,0.021900000050663948,0.05380000174045563,0.06199999898672104,0.025499999523162842,0.024800000712275505,0.021400000900030136,0.06239999830722809,0.0008999999845400453,0.4352000057697296,0.045899998396635056,0.15299999713897705,0.8080000281333923
BAZ2A|Q9UIF9,Nucleus,Nuclear localization signal,Soluble,0.20059999823570251,0.9477999806404114,0.012799999676644802,0.06620000302791595,0.02410000003874302,0.003800000064074993,0.06499999761581421,0.028200000524520874,0.03229999914765358,0.002300000051036477,0.5619000196456909,0.05090000107884407,0.15289999544620514,0.8033000230789185
BCAS2|O75934,Cytoplasm|Nucleus,Nuclear localization signal,Soluble,0.6608999967575073,0.5723999738693237,0.08460000157356262,0.13089999556541443,0.1362999975681305,0.006599999964237213,0.07270000129938126,0.18790000677108765,0.2069000005722046,0.01860000006854534,0.520799994468689,0.052799999713897705,0.07890000194311142,0.8240000009536743
BCCIP|Q9P287,Nucleus,Nuclear localization signal,Soluble,0.33160001039505005,0.8798999786376953,0.05939999967813492,0.019899999722838402,0.09080000221729279,0.0010000000474974513,0.0494999997317791,0.04309999942779541,0.051899999380111694,0.0013000000035390258,0.31630000472068787,0.06270000338554382,0.09749999642372131,0.839900016784668
BCDIN3D|Q7Z5W3,Cytoplasm|Nucleus,Nuclear localization signal|Nuclear export signal,Soluble,0.5892000198364258,0.723800003528595,0.017400000244379044,0.07989999651908875,0.20749999582767487,0.01209999993443489,0.09650000184774399,0.09589999914169312,0.10140000283718109,0.015799999237060547,0.4207000136375427,0.15710000693798065,0.028999999165534973,0.7188000082969666
BCLAF1|Q9NYF8,Nucleus,Nuclear localization signal,Soluble,0.3027999997138977,0.8640000224113464,0.16140000522136688,0.057999998331069946,0.10000000149011612,0.0003000000142492354,0.1543000042438507,0.011300000362098217,0.014299999922513962,0.0010999999940395355,0.20980000495910645,0.05820000171661377,0.12489999830722809,0.9075000286102295
BFAR|Q9NZS9,Endoplasmic reticulum,,Transmembrane,0.21490000188350677,0.2563999891281128,0.043699998408555984,0.11869999766349792,0.5674999952316284,0.30959999561309814,0.8284000158309937,0.40290001034736633,0.49129998683929443,0.39579999446868896,0.2603999972343445,0.9715999960899353,0.049300000071525574,0.18479999899864197
BICC1|Q9H694,Cytoplasm|Nucleus,Nuclear export signal,Soluble,0.6754000186920166,0.5691999793052673,0.025699999183416367,0.0949999988079071,0.06129999831318855,0.0010000000474974513,0.11389999836683273,0.09229999780654907,0.08100000023841858,0.0015999999595806003,0.6176999807357788,0.09390000253915787,0.1451999992132187,0.7242000102996826
BLM|P54132,Nucleus,Nuclear localization signal,Soluble,0.25049999356269836,0.9527000188827515,0.02280000038444996,0.03310000151395798,0.08110000193119049,0.02370000071823597,0.04650000110268593,0.014000000432133675,0.03350000083446503,0.00800000037997961,0.4081000089645386,0.06949999928474426,0.14810000360012054,0.8082000017166138
BMS1|Q14692,Nucleus,Nuclear localization signal,Soluble,0.16439999639987946,0.8702999949455261,0.012400000356137753,0.045899998396635056,0.11460000276565552,0.0012000000569969416,0.11089999973773956,0.016499999910593033,0.020400000736117363,0.0026000000070780516,0.3635999858379364,0.05139999836683273,0.22869999706745148,0.8669999837875366
BOLL|Q8N9W6,Cytoplasm|Nucleus,Nuclear localization signal,Soluble,0.6646999716758728,0.6326000094413757,0.0430000014603138,0.0997999981045723,0.04039999842643738,0.003000000026077032,0.14409999549388885,0.1023000031709671,0.11249999701976776,0.00139999995008111,0.4077000021934509,0.11240000277757645,0.19509999454021454,0.7807999849319458
BOP1|Q14137,Cytoplasm|Nucleus,Nuclear export signal,Soluble,0.527999997138977,0.6517000198364258,0.014800000004470348,0.09619999676942825,0.18930000066757202,0.008999999612569809,0.17970000207424164,0.17749999463558197,0.1647000014781952,0.05900000035762787,0.48840001225471497,0.09520000219345093,0.21570000052452087,0.7645999789237976
BPTF|Q12830,Nucleus,Nuclear localization signal,Soluble,0.23149999976158142,0.9573000073432922,0.05249999836087227,0.03819999843835831,0.029500000178813934,0.00930000003427267,0.061000000685453415,0.019899999722838402,0.057999998331069946,0.0003000000142492354,0.5722000002861023,0.04619999974966049,0.259799987077713,0.7871000170707703
BRD2|P25440,Nucleus,Nuclear localization signal,Soluble,0.24240000545978546,0.8935999870300293,0.05130000039935112,0.11479999870061874,0.017799999564886093,0.00019999999494757503,0.07039999961853027,0.13590000569820404,0.034299999475479126,0.0017999999690800905,0.3743000030517578,0.0812000036239624,0.3569999933242798,0.8105999827384949
BRIP1|Q9BX63,Nucleus,Nuclear localization signal,Soluble,0.3050000071525574,0.9358000159263611,0.05400000140070915,0.031599998474121094,0.037300001829862595,0.020099999383091927,0.035999998450279236,0.027799999341368675,0.03099999949336052,0.03290000185370445,0.4343999922275543,0.10109999775886536,0.10670000314712524,0.7822999954223633
BRIX1|Q8TDN6,Nucleus,Nuclear localization signal,Soluble,0.30790001153945923,0.849399983882904,0.06669999659061432,0.044199999421834946,0.19670000672340393,0.005900000222027302,0.028699999675154686,0.01860000006854534,0.021299999207258224,0.0005000000237487257,0.3172999918460846,0.04960000142455101,0.06109999865293503,0.8314999938011169
BTAF1|O14981,Nucleus,Nuclear localization signal|Nuclear export signal,Soluble,0.32409998774528503,0.9156000018119812,0.014700000174343586,0.03530000150203705,0.0934000015258789,0.005100000184029341,0.061799999326467514,0.06639999896287918,0.13279999792575836,0.002199999988079071,0.6011999845504761,0.04529999941587448,0.09099999815225601,0.7554000020027161
BTF3|P20290,Cytoplasm|Nucleus,Nuclear localization signal,Soluble,0.5763999819755554,0.7613999843597412,0.1720999926328659,0.07169999927282333,0.44179999828338623,0.030700000002980232,0.22300000488758087,0.16689999401569366,0.14650000631809235,0.02800000086426735,0.39649999141693115,0.025299999862909317,0.1881999969482422,0.883899986743927
BTF3L4|Q96K17,Cytoplasm|Nucleus,Nuclear localization signal,Soluble,0.6462000012397766,0.6899999976158142,0.042399998754262924,0.09040000289678574,0.2563999891281128,0.00989999994635582,0.15489999949932098,0.0340999998152256,0.050599999725818634,0.08579999953508377,0.33480000495910645,0.012400000356137753,0.16899999976158142,0.9117000102996826
BUB3|O43684,Nucleus,Nuclear localization signal,Soluble,0.4316999912261963,0.6995000243186951,0.003000000026077032,0.21819999814033508,0.25200000405311584,0.0007999999797903001,0.21649999916553497,0.19760000705718994,0.16689999401569366,0.008999999612569809,0.6144000291824341,0.03539999946951866,0.131400004029274,0.7714999914169312
BUD13|Q9BRD0,Nucleus,Nuclear localization signal,Soluble,0.29179999232292175,0.9138000011444092,0.03840000182390213,0.066600002348423,0.01720000058412552,0.00279999990016222,0.0722000002861023,0.05420000106096268,0.11240000277757645,0.0008999999845400453,0.43309998512268066,0.029500000178813934,0.21699999272823334,0.8565999865531921
BUD23|O43709,Nucleus,Nuclear localization signal,Soluble,0.46540001034736633,0.6922000050544739,0.0940999984741211,0.030799999833106995,0.12290000170469284,0.0026000000070780516,0.20029999315738678,0.01640000008046627,0.11240000277757645,0.0031999999191612005,0.5026999711990356,0.1046999990940094,0.1607999950647354,0.7364000082015991
BUD31|P41223,Nucleus,Nuclear localization signal,Soluble,0.4684999883174896,0.6243000030517578,0.06830000132322311,0.12430000305175781,0.3499999940395355,0.133200004696846,0.07280000299215317,0.09189999848604202,0.06300000101327896,0.0006000000284984708,0.2757999897003174,0.050999999046325684,0.04170000180602074,0.8535000085830688
BYSL|Q13895,Nucleus,Nuclear localization signal|Nuclear export signal,Soluble,0.40700000524520874,0.8294000029563904,0.02160000056028366,0.012799999676644802,0.16140000522136688,0.004100000020116568,0.02329999953508377,0.06129999831318855,0.08969999849796295,0.002300000051036477,0.39010000228881836,0.06780000030994415,0.08489999920129776,0.8116000294685364
BZW1|Q7L1Q6,Cytoplasm|Nucleus,Nuclear localization signal|Nuclear export signal,Soluble,0.6930999755859375,0.6402000188827515,0.11259999871253967,0.12449999898672104,0.0284000001847744,0.0008999999845400453,0.056299999356269836,0.10440000146627426,0.17020000517368317,0.0005000000237487257,0.39719998836517334,0.0406000018119812,0.09759999811649323,0.8452000021934509
BZW2|Q9Y6E2,Cytoplasm|Nucleus,Nuclear localization signal|Nuclear export signal,Soluble,0.646399974822998,0.6646999716758728,0.12210000306367874,0.1274999976158142,0.030400000512599945,0.0010999999940395355,0.04690000042319298,0.1145000010728836,0.16850000619888306,0.0007999999797903001,0.37599998712539673,0.056299999356269836,0.11959999799728394,0.8384000062942505
C11orf68|Q9H3H3,Cytoplasm,,Soluble,0.6466000080108643,0.44279998540878296,0.17239999771118164,0.08950000256299973,0.20999999344348907,0.05869999900460243,0.14350000023841858,0.1746000051498413,0.20469999313354492,0.1444000005722046,0.52920001745224,0.0828000009059906,0.08160000294446945,0.8047000169754028
C1D|Q13901,Cytoplasm|Nucleus,Nuclear localization signal,Soluble,0.48429998755455017,0.8170999884605408,0.010300000198185444,0.024299999698996544,0.15389999747276306,0.06199999898672104,0.07320000231266022,0.04560000076889992,0.04809999838471413,0.10540000349283218,0.39079999923706055,0.04610000178217888,0.048500001430511475,0.8073999881744385
C1QBP|Q07021,Mitochondrion,Mitochondrial transit peptide,Peripheral|Soluble,0.16509999334812164,0.18039999902248383,0.047200001776218414,0.1225999966263771,0.9628000259399414,0.007600000128149986,0.08959999680519104,0.08980000019073486,0.16850000619888306,0.04470000043511391,0.6406000256538391,0.16930000483989716,0.08179999887943268,0.6164000034332275
C1orf52|Q8N6N3,Nucleus,Nuclear localization signal,Soluble,0.33559998869895935,0.8809999823570251,0.10339999943971634,0.04809999838471413,0.06960000097751617,0.007499999832361937,0.10239999741315842,0.0272000003606081,0.04639999940991402,0.0024999999441206455,0.3375000059604645,0.02329999953508377,0.1467999964952469,0.890500009059906
C2orf49|Q9BVC5,Nucleus,Nuclear localization signal,Soluble,0.28790000081062317,0.8989999890327454,0.01360000018030405,0.03689999878406525,0.12189999967813492,0.01940000057220459,0.02419999986886978,0.019099999219179153,0.022600000724196434,0.008200000040233135,0.4065999984741211,0.04960000142455101,0.05570000037550926,0.8306999802589417
CACTIN|Q8WUQ7,Nucleus,Nuclear localization signal,Soluble,0.2184000015258789,0.9290000200271606,0.04010000079870224,0.05959999933838844,0.1850000023841858,0.0007999999797903001,0.05530000105500221,0.0203000009059906,0.0215000007301569,0.0032999999821186066,0.41670000553131104,0.06019999831914902,0.14030000567436218,0.8579999804496765
CACYBP|Q9HB71,Cytoplasm|Nucleus,Nuclear localization signal,Soluble,0.5532000064849854,0.572700023651123,0.09200000017881393,0.06239999830722809,0.15379999577999115,0.0005000000237487257,0.16830000281333923,0.17759999632835388,0.1582999974489212,0.01640000008046627,0.3303000032901764,0.021400000900030136,0.06610000133514404,0.8795999884605408
CAD|P27708,Cytoplasm,,Peripheral|Soluble,0.7207000255584717,0.4327000081539154,0.10750000178813934,0.2328999936580658,0.3718000054359436,0.027000000700354576,0.22130000591278076,0.18389999866485596,0.18469999730587006,0.007499999832361937,0.6416000127792358,0.05700000002980232,0.3562000095844269,0.7224000096321106
CALD1|Q05682,Cytoplasm,Nuclear localization signal|Nuclear export signal,Peripheral|Soluble,0.8012999892234802,0.3578999936580658,0.2142000049352646,0.26019999384880066,0.21580000221729279,0.002099999925121665,0.06809999793767929,0.17350000143051147,0.504800021648407,0.014800000004470348,0.6452999711036682,0.02329999953508377,0.5005999803543091,0.8482999801635742
CALR|P27797,Extracellular|Endoplasmic reticulum,Signal peptide,Soluble,0.2206999957561493,0.07819999754428864,0.697700023651123,0.14589999616146088,0.07050000131130219,0.006399999838322401,0.7358999848365784,0.3391000032424927,0.3440999984741211,0.027499999850988388,0.29100000858306885,0.03280000016093254,0.06870000064373016,0.8704000115394592
CALU|O43852,Endoplasmic reticulum,Signal peptide,Soluble,0.1648000031709671,0.09489999711513519,0.3059999942779541,0.27230000495910645,0.03909999877214432,0.012000000104308128,0.6452999711036682,0.3952000141143799,0.3993000090122223,0.003000000026077032,0.24619999527931213,0.07729999721050262,0.04470000043511391,0.8016999959945679
CAND1|Q86VP6,Cytoplasm|Nucleus,Nuclear export signal,Soluble,0.6000999808311462,0.847599983215332,0.0066999997943639755,0.12729999423027039,0.08659999817609787,0.004100000020116568,0.14180000126361847,0.20170000195503235,0.2696000039577484,0.009200000204145908,0.5875999927520752,0.04769999906420708,0.1867000013589859,0.7652999758720398
CANX|P27824,Endoplasmic reticulum,Signal peptide|Transmembrane domain,Transmembrane,0.21739999949932098,0.16760000586509705,0.11729999631643295,0.5175999999046326,0.039799999445676804,0.007899999618530273,0.7459999918937683,0.40849998593330383,0.5680999755859375,0.11420000344514847,0.15539999306201935,0.974399983882904,0.3779999911785126,0.11169999837875366
CAPN15|O75808,Cytoplasm,Nuclear localization signal,Peripheral|Soluble,0.6004999876022339,0.4507000148296356,0.11349999904632568,0.23149999976158142,0.25949999690055847,0.003599999938160181,0.24869999289512634,0.3158000111579895,0.5414000153541565,0.027400000020861626,0.6341000199317932,0.11840000003576279,0.33180001378059387,0.7612000107765198
CAPRIN1|Q14444,Cytoplasm|Nucleus,Nuclear localization signal|Nuclear export signal,Soluble,0.609000027179718,0.6671000123023987,0.03150000050663948,0.10249999910593033,0.10890000313520432,0.00019999999494757503,0.08320000022649765,0.1632000058889389,0.0617000013589859,0.0006000000284984708,0.453900009393692,0.03009999915957451,0.13819999992847443,0.8759999871253967
CARHSP1|Q9Y2V2,Cytoplasm|Nucleus,,Soluble,0.6498000025749207,0.5839999914169312,0.03099999949336052,0.029400000348687172,0.12970000505447388,0.009499999694526196,0.08340000361204147,0.07419999688863754,0.03999999910593033,0.020800000056624413,0.40849998593330383,0.0714000016450882,0.06040000170469284,0.7770000100135803
CARM1|Q86X55,Cytoplasm|Nucleus,Nuclear localization signal|Nuclear export signal,Peripheral|Soluble,0.6230000257492065,0.732699990272522,0.03449999913573265,0.20999999344348907,0.19840000569820404,0.0013000000035390258,0.10329999774694443,0.23019999265670776,0.4657000005245209,0.006399999838322401,0.6973999738693237,0.08649999648332596,0.14830000698566437,0.7016000151634216
CARS1|P49589,Cytoplasm|Nucleus,Nuclear localization signal,Soluble,0.6610999703407288,0.652400016784668,0.03550000116229057,0.06599999964237213,0.14159999787807465,0.0020000000949949026,0.26170000433921814,0.09679999947547913,0.04019999876618385,0.007000000216066837,0.43059998750686646,0.0674000009894371,0.2572999894618988,0.8061000108718872
CARS2|Q9HA77,Mitochondrion,Mitochondrial transit peptide,Soluble,0.18240000307559967,0.24160000681877136,0.11490000039339066,0.09669999778270721,0.8607000112533569,0.003000000026077032,0.15049999952316284,0.16820000112056732,0.15459999442100525,0.06520000100135803,0.5770999789237976,0.1656000018119812,0.13459999859333038,0.6796000003814697
CASC3|O15234,Cytoplasm|Nucleus,Nuclear localization signal,Soluble,0.718500018119812,0.7123000025749207,0.02459999918937683,0.09560000151395798,0.04560000076889992,0.000699999975040555,0.058400001376867294,0.0625,0.03689999878406525,0.002899999963119626,0.3801000118255615,0.05310000106692314,0.14069999754428864,0.8745999932289124
CASKIN1|Q8WXD9,Cytoplasm|Cell membrane,Nuclear export signal,Peripheral|Soluble,0.7687000036239624,0.30000001192092896,0.13899999856948853,0.6687999963760376,0.1200999990105629,0.0020000000949949026,0.1534000039100647,0.21570000052452087,0.20399999618530273,0.005799999926239252,0.7872999906539917,0.052299998700618744,0.36910000443458557,0.730400025844574
CASKIN2|Q8WXE0,Cytoplasm|Cell membrane,Nuclear localization signal,Peripheral|Soluble,0.767799973487854,0.3337000012397766,0.09239999949932098,0.5806999802589417,0.15870000422000885,0.0013000000035390258,0.2565999925136566,0.16869999468326569,0.17790000140666962,0.008999999612569809,0.788100004196167,0.06069999933242798,0.27799999713897705,0.7222999930381775
CAST|P20810,Cytoplasm,Nuclear localization signal,Soluble,0.8125,0.3122999966144562,0.1761000007390976,0.3206000030040741,0.1492999941110611,0.06759999692440033,0.1899999976158142,0.13030000030994415,0.631600022315979,0.03240000084042549,0.5454000234603882,0.033399999141693115,0.4004000127315521,0.8289999961853027
CBX1|P83916,Nucleus,Nuclear localization signal,Soluble,0.26030001044273376,0.9272000193595886,0.09269999712705612,0.052299998700618744,0.025599999353289604,0.019200000911951065,0.04800000041723251,0.018200000748038292,0.03269999846816063,0.00039999998989515007,0.3292999863624573,0.013000000268220901,0.36230000853538513,0.8865000009536743
CBX3|Q13185,Nucleus,Nuclear localization signal,Soluble,0.2766000032424927,0.9168999791145325,0.11469999700784683,0.08070000261068344,0.02979999966919422,0.009399999864399433,0.03779999911785126,0.01940000057220459,0.02930000051856041,9.999999747378752e-05,0.37389999628067017,0.038600001484155655,0.31360000371932983,0.8278999924659729
CBX5|P45973,Nucleus,Nuclear localization signal,Soluble,0.24500000476837158,0.9448000192642212,0.08969999849796295,0.058800000697374344,0.038600001484155655,0.006300000008195639,0.028699999675154686,0.015599999576807022,0.028999999165534973,0.00019999999494757503,0.2969000041484833,0.014999999664723873,0.26649999618530273,0.8938000202178955
CCAR1|Q8IX12,Nucleus,Nuclear localization signal,Soluble,0.2784999907016754,0.9291999936103821,0.08659999817609787,0.040300000458955765,0.03280000016093254,0.005100000184029341,0.04490000009536743,0.012000000104308128,0.005900000222027302,0.0005000000237487257,0.5397999882698059,0.05920000001788139,0.2784000039100647,0.7840999960899353
CCAR2|Q8N163,Cytoplasm|Nucleus,Nuclear localization signal,Soluble,0.5047000050544739,0.8026000261306763,0.2567000091075897,0.024900000542402267,0.07289999723434448,0.0010000000474974513,0.15369999408721924,0.047200001776218414,0.020999999716877937,0.00139999995008111,0.5275999903678894,0.1054999977350235,0.19179999828338623,0.7508999705314636
CCDC12|Q8WUD4,Nucleus,Nuclear localization signal,Soluble,0.38089999556541443,0.8012999892234802,0.10459999740123749,0.01889999955892563,0.04809999838471413,0.007600000128149986,0.04149999842047691,0.03660000115633011,0.04769999906420708,0.0032999999821186066,0.22139999270439148,0.06629999727010727,0.07240000367164612,0.8662999868392944
CCDC124|Q96CT7,Nucleus,Nuclear localization signal,Soluble,0.2930999994277954,0.6446999907493591,0.00139999995008111,0.13660000264644623,0.14790000021457672,0.0020000000949949026,0.030400000512599945,0.041600000113248825,0.018200000748038292,0.002199999988079071,0.39239999651908875,0.023900000378489494,0.2061000019311905,0.8241999745368958
CCDC137|Q6PK04,Nucleus,Nuclear localization signal,Soluble,0.3635999858379364,0.8062000274658203,0.028999999165534973,0.031300000846385956,0.23029999434947968,0.0005000000237487257,0.09749999642372131,0.041600000113248825,0.019200000911951065,0.003100000089034438,0.3675000071525574,0.10450000315904617,0.1371999979019165,0.8561000227928162
CCDC59|Q9P031,Nucleus,Nuclear localization signal,Soluble,0.46630001068115234,0.7831000089645386,0.011800000444054604,0.03350000083446503,0.15109999477863312,0.0007999999797903001,0.11500000208616257,0.03060000017285347,0.009600000455975533,0.0010999999940395355,0.31790000200271606,0.0723000019788742,0.20160000026226044,0.8610000014305115
CCDC86|Q9H6F5,Nucleus,Nuclear localization signal,Soluble,0.2906999886035919,0.8907999992370605,0.014700000174343586,0.07819999754428864,0.12399999797344208,0.0008999999845400453,0.07699999958276749,0.014000000432133675,0.005799999926239252,0.0017999999690800905,0.26899999380111694,0.04809999838471413,0.271699994802475,0.8999000191688538
CCDC9|Q9Y3X0,Cytoplasm|Nucleus,Nuclear localization signal,Soluble,0.7824000120162964,0.5450999736785889,0.03909999877214432,0.2402999997138977,0.09449999779462814,0.0007999999797903001,0.07169999927282333,0.1525000035762787,0.13089999556541443,0.00430000014603138,0.527400016784668,0.05420000106096268,0.2818000018596649,0.8424999713897705
CCDC97|Q96F63,Cytoplasm|Nucleus,Nuclear localization signal|Nuclear export signal,Soluble,0.6565999984741211,0.6661999821662903,0.013799999840557575,0.057500001043081284,0.3743000030517578,0.0007999999797903001,0.15320000052452087,0.06960000097751617,0.07720000296831131,0.008500000461935997,0.4032999873161316,0.06639999896287918,0.1290999948978424,0.8745999932289124
CCNK|O75909,Nucleus,Nuclear localization signal,Soluble,0.3912000060081482,0.803600013256073,0.02459999918937683,0.20170000195503235,0.05889999866485596,0.005400000140070915,0.042399998754262924,0.11909999698400497,0.22030000388622284,0.0017000000225380063,0.5885999798774719,0.11230000108480453,0.1680999994277954,0.6347000002861023
CCNT1|O60563,Nucleus,Nuclear localization signal|Nuclear export signal,Soluble,0.3644999861717224,0.848800003528595,0.01769999973475933,0.08070000261068344,0.03830000013113022,0.002199999988079071,0.033900000154972076,0.0868000015616417,0.1500999927520752,0.004699999932199717,0.5620999932289124,0.08299999684095383,0.1988999992609024,0.7002999782562256
CCT2|P78371,Cytoplasm,Nuclear localization signal|Nuclear export signal,Peripheral|Soluble,0.73089998960495,0.4562000036239624,0.042399998754262924,0.13979999721050262,0.181099995970726,0.012600000016391277,0.056699998676776886,0.1387999951839447,0.05530000105500221,0.00430000014603138,0.6428999900817871,0.04259999841451645,0.1858000010251999,0.7091000080108643
CCT3|P49368,Cytoplasm|Nucleus,Nuclear export signal,Peripheral|Soluble,0.6743999719619751,0.5774000287055969,0.06080000102519989,0.17800000309944153,0.1687999963760376,0.0019000000320374966,0.15629999339580536,0.0925000011920929,0.028300000354647636,0.0035000001080334187,0.6866999864578247,0.044199999421834946,0.27219998836517334,0.704200029373169
CCT4|P50991,Cytoplasm,Nuclear localization signal|Nuclear export signal,Peripheral|Soluble,0.7179999947547913,0.4122999906539917,0.06920000165700912,0.18799999356269836,0.16930000483989716,0.006800000090152025,0.06279999762773514,0.18160000443458557,0.11140000075101852,0.006500000134110451,0.6337000131607056,0.04910000041127205,0.32179999351501465,0.7027999758720398
CCT5|P48643,Cytoplasm,Nuclear localization signal|Nuclear export signal,Soluble,0.7365000247955322,0.5184999704360962,0.0843999981880188,0.2094999998807907,0.1387999951839447,0.004399999976158142,0.059300001710653305,0.12319999933242798,0.0348999984562397,0.00419999985024333,0.6129999756813049,0.03400000184774399,0.24619999527931213,0.7336999773979187
CCT6A|P40227,Cytoplasm,Nuclear localization signal,Soluble,0.6560999751091003,0.3921999931335449,0.04749999940395355,0.1746000051498413,0.19529999792575836,0.00139999995008111,0.1151999980211258,0.19900000095367432,0.08860000222921371,0.016100000590085983,0.618399977684021,0.06889999657869339,0.36809998750686646,0.6794999837875366
CCT7|Q99832,Cytoplasm,Nuclear localization signal,Soluble,0.6963000297546387,0.4172999858856201,0.11240000277757645,0.22120000422000885,0.16699999570846558,0.0019000000320374966,0.07410000264644623,0.1581999957561493,0.07090000063180923,0.003800000064074993,0.5934000015258789,0.04129999876022339,0.29190000891685486,0.7215999960899353
CCT8|P50990,Cytoplasm,Nuclear localization signal,Soluble,0.7577000260353088,0.47279998660087585,0.03889999911189079,0.15449999272823334,0.2011999934911728,0.0020000000949949026,0.10689999908208847,0.04899999871850014,0.013100000098347664,0.0052999998442828655,0.6194000244140625,0.044199999421834946,0.19779999554157257,0.707099974155426
CD2BP2|O95400,Nucleus,Nuclear localization signal|Nuclear export signal,Soluble,0.38089999556541443,0.8501999974250793,0.002099999925121665,0.05590000003576279,0.11680000275373459,0.0044999998062849045,0.04390000179409981,0.13680000603199005,0.014600000344216824,0.003100000089034438,0.4203999936580658,0.029899999499320984,0.2053000032901764,0.858299970626831
CDA|P32320,Cytoplasm,,Soluble,0.7422999739646912,0.5239999890327454,0.042500000447034836,0.15520000457763672,0.4352000057697296,0.013100000098347664,0.2702000141143799,0.030300000682473183,0.013000000268220901,0.07540000230073929,0.43630000948905945,0.045099999755620956,0.22589999437332153,0.8363000154495239
CDADC1|Q9BWV3,Nucleus,Nuclear localization signal,Soluble,0.34779998660087585,0.8798999786376953,0.058800000697374344,0.021400000900030136,0.11550000309944153,0.003000000026077032,0.1193000003695488,0.030300000682473183,0.04540000110864639,0.01640000008046627,0.4081000089645386,0.11819999665021896,0.07410000264644623,0.7904999852180481
CDC27|P30260,Cytoplasm|Nucleus,Nuclear localization signal|Nuclear export signal,Soluble,0.5153999924659729,0.6966999769210815,0.004900000058114529,0.1695999950170517,0.1550000011920929,0.012600000016391277,0.12309999763965607,0.09769999980926514,0.10019999742507935,0.09210000187158585,0.5699999928474426,0.0746999979019165,0.16419999301433563,0.7141000032424927
CDC37|Q16543,Cytoplasm|Nucleus,Nuclear localization signal|Nuclear export signal,Soluble,0.6646000146865845,0.7717999815940857,0.010300000198185444,0.09470000118017197,0.16779999434947968,0.005900000222027302,0.14339999854564667,0.09229999780654907,0.11479999870061874,0.0019000000320374966,0.2989000082015991,0.035100001841783524,0.17710000276565552,0.8894000053405762
CDC40|O60508,Nucleus,Nuclear localization signal,Soluble,0.2696000039577484,0.8823000192642212,0.004399999976158142,0.06499999761581421,0.04340000078082085,0.012199999764561653,0.09099999815225601,0.06520000100135803,0.057100001722574234,0.0017999999690800905,0.3635999858379364,0.05090000107884407,0.10809999704360962,0.807200014591217
CDC5L|Q99459,Nucleus,Nuclear localization signal,Soluble,0.26440000534057617,0.9435999989509583,0.006899999920278788,0.04050000011920929,0.03620000183582306,0.0010999999940395355,0.06629999727010727,0.019700000062584877,0.00930000003427267,0.00989999994635582,0.5371000170707703,0.036400001496076584,0.17980000376701355,0.8075000047683716
CDC73|Q6P1J9,Nucleus,Nuclear localization signal,Soluble,0.3352000117301941,0.8307999968528748,0.08219999819993973,0.030700000002980232,0.03929999843239784,0.00139999995008111,0.03689999878406525,0.0917000025510788,0.04349999874830246,0.006800000090152025,0.460999995470047,0.04230000078678131,0.0877000018954277,0.8044000267982483
CDK11B|P21127,Nucleus,Nuclear localization signal,Soluble,0.41679999232292175,0.8687000274658203,0.17319999635219574,0.17739999294281006,0.04390000179409981,0.0006000000284984708,0.035100001841783524,0.04280000180006027,0.03840000182390213,0.0019000000320374966,0.5976999998092651,0.04899999871850014,0.2831999957561493,0.7818999886512756
CDK12|Q9NYV4,Nucleus,Nuclear localization signal,Soluble,0.19750000536441803,0.9467999935150146,0.01489999983459711,0.05220000073313713,0.02539999969303608,0.004100000020116568,0.047200001776218414,0.010200000368058681,0.011800000444054604,0.0015999999595806003,0.36160001158714294,0.0714000016450882,0.16279999911785126,0.8651999831199646
CDK9|P50750,Cytoplasm|Nucleus,Nuclear export signal,Soluble,0.6226999759674072,0.6820999979972839,0.02800000086426735,0.2567000091075897,0.1160999983549118,0.010700000450015068,0.05000000074505806,0.11469999700784683,0.08060000091791153,0.010099999606609344,0.5612000226974487,0.052000001072883606,0.08649999648332596,0.7192000150680542
CDKN2AIP|Q9NXV6,Nucleus,Nuclear localization signal,Soluble,0.27970001101493835,0.9068999886512756,0.125,0.012900000438094139,0.05270000174641609,0.009600000455975533,0.04439999908208847,0.007600000128149986,0.01940000057220459,0.0017999999690800905,0.36899998784065247,0.0729999989271164,0.10119999945163727,0.8266000151634216
CDV3|Q9UKY7,Cytoplasm,Nuclear export signal,Soluble,0.6697999835014343,0.41119998693466187,0.03620000183582306,0.13130000233650208,0.024700000882148743,0.005200000014156103,0.07810000330209732,0.11810000240802765,0.44130000472068787,0.004699999932199717,0.4984999895095825,0.028300000354647636,0.3075999915599823,0.8101999759674072
CEBPZ|Q03701,Nucleus,Nuclear localization signal,Soluble,0.18780000507831573,0.8133999705314636,0.03400000184774399,0.03150000050663948,0.08669999986886978,0.005499999970197678,0.04349999874830246,0.02250000089406967,0.13030000030994415,0.0003000000142492354,0.42890000343322754,0.053599998354911804,0.06390000134706497,0.8258000016212463
CELF1|Q92879,Cytoplasm|Nucleus,Nuclear localization signal,Soluble,0.4837000072002411,0.7703999876976013,0.03700000047683716,0.03959999978542328,0.041600000113248825,0.0031999999191612005,0.037700001150369644,0.0035000001080334187,0.007799999788403511,0.0013000000035390258,0.5461000204086304,0.05400000140070915,0.11580000072717667,0.7667999863624573
CELF2|O95319,Cytoplasm|Nucleus,Nuclear localization signal,Soluble,0.4765999913215637,0.7720000147819519,0.058400001376867294,0.04619999974966049,0.04690000042319298,0.002099999925121665,0.028300000354647636,0.007899999618530273,0.013799999840557575,0.00139999995008111,0.5547999739646912,0.07840000092983246,0.18400000035762787,0.7366999983787537
CELF3|Q5SZQ8,Cytoplasm|Nucleus,Nuclear localization signal,Soluble,0.7052000164985657,0.7128000259399414,0.07029999792575836,0.08030000329017639,0.05009999871253967,0.00139999995008111,0.03420000150799751,0.02070000022649765,0.016300000250339508,0.0008999999845400453,0.5958999991416931,0.05730000138282776,0.2484000027179718,0.7408000230789185
CELF4|Q9BZC1,Cytoplasm|Nucleus,Nuclear localization signal,Soluble,0.7181000113487244,0.7113000154495239,0.052000001072883606,0.13120000064373016,0.055799998342990875,0.0012000000569969416,0.04659999907016754,0.03460000082850456,0.02329999953508377,0.0006000000284984708,0.5443999767303467,0.05649999901652336,0.17839999496936798,0.7670000195503235
CELF5|Q8N6W0,Cytoplasm|Nucleus,Nuclear localization signal,Soluble,0.6762999892234802,0.621999979019165,0.062199998646974564,0.05480000004172325,0.040699999779462814,0.0020000000949949026,0.04879999905824661,0.025100000202655792,0.02160000056028366,0.001500000013038516,0.5659999847412109,0.07209999859333038,0.19619999825954437,0.7591999769210815
CELF6|Q96J87,Cytoplasm|Nucleus,Nuclear localization signal,Soluble,0.6687999963760376,0.6577000021934509,0.05180000141263008,0.10610000044107437,0.0494999997317791,0.0012000000569969416,0.039500001817941666,0.02319999970495701,0.018699999898672104,0.0013000000035390258,0.5713000297546387,0.057999998331069946,0.14749999344348907,0.7788000106811523
CEP170|Q5SW79,Cytoplasm,Nuclear localization signal,Peripheral|Soluble,0.6967999935150146,0.29739999771118164,0.041099999099969864,0.29089999198913574,0.09040000289678574,0.002400000113993883,0.14790000021457672,0.0982000008225441,0.1979999989271164,0.0066999997943639755,0.6959999799728394,0.08150000125169754,0.18709999322891235,0.7249000072479248
CFAP52|Q8N1V2,Cytoplasm|Nucleus,Nuclear localization signal|Nuclear export signal,Soluble,0.7425000071525574,0.5579000115394592,0.02850000001490116,0.30640000104904175,0.030300000682473183,0.0026000000070780516,0.15129999816417694,0.18250000476837158,0.17640000581741333,0.002199999988079071,0.5497999787330627,0.05310000106692314,0.11879999935626984,0.7423999905586243
CFL1|P23528,Cytoplasm,Nuclear export signal,Soluble,0.650600016117096,0.3571000099182129,0.13689999282360077,0.2249000072479248,0.09380000084638596,0.016100000590085983,0.1599999964237213,0.13819999992847443,0.13220000267028809,0.002099999925121665,0.5720000267028809,0.023499999195337296,0.13009999692440033,0.8050000071525574
CHD1|O14646,Nucleus,Nuclear localization signal,Soluble,0.22990000247955322,0.9790999889373779,0.01119999960064888,0.029999999329447746,0.0215000007301569,0.003800000064074993,0.03420000150799751,0.03550000116229057,0.013799999840557575,0.0010999999940395355,0.4171999990940094,0.0560000017285347,0.0885000005364418,0.8490999937057495
CHD1L|Q86WJ1,Nucleus,Nuclear localization signal|Nuclear export signal,Soluble,0.32010000944137573,0.9050999879837036,0.010499999858438969,0.07559999823570251,0.15139999985694885,0.0015999999595806003,0.07000000029802322,0.08789999783039093,0.027300000190734863,0.0019000000320374966,0.6060000061988831,0.07559999823570251,0.1590999960899353,0.7763000130653381
CHD2|O14647,Nucleus,Nuclear localization signal,Soluble,0.29159998893737793,0.9524000287055969,0.02669999934732914,0.052799999713897705,0.05400000140070915,0.008100000210106373,0.026200000196695328,0.013399999588727951,0.020400000736117363,0.0005000000237487257,0.3935999870300293,0.032600000500679016,0.11729999631643295,0.8901000022888184
CHD3|Q12873,Nucleus,Nuclear localization signal,Soluble,0.11900000274181366,0.9648000001907349,0.039400000125169754,0.049800001084804535,0.03220000118017197,0.03869999945163727,0.024800000712275505,0.01759999990463257,0.03480000048875809,0.00019999999494757503,0.5437999963760376,0.07450000196695328,0.1517000049352646,0.7777000069618225
CHD4|Q14839,Nucleus,Nuclear localization signal,Soluble,0.24140000343322754,0.9621999859809875,0.017500000074505806,0.08889999985694885,0.01140000019222498,0.024800000712275505,0.05920000001788139,0.031300000846385956,0.05770000070333481,0.0005000000237487257,0.6151999831199646,0.04809999838471413,0.09989999979734421,0.7915999889373779
CHD5|Q8TDI0,Nucleus,Nuclear localization signal,Soluble,0.18549999594688416,0.9585999846458435,0.029500000178813934,0.09769999980926514,0.011800000444054604,0.03060000017285347,0.0494999997317791,0.03709999844431877,0.03229999914765358,0.0003000000142492354,0.5845999717712402,0.057500001043081284,0.10530000180006027,0.7944999933242798
CHD6|Q8TD26,Nucleus,Nuclear localization signal,Soluble,0.30489999055862427,0.9678000211715698,0.04899999871850014,0.029100000858306885,0.024000000208616257,0.006500000134110451,0.04349999874830246,0.013100000098347664,0.03310000151395798,0.0008999999845400453,0.4165000021457672,0.06830000132322311,0.2117999941110611,0.8600000143051147
CHD7|Q9P2D1,Nucleus,Nuclear localization signal,Peripheral|Soluble,0.31220000982284546,0.9750000238418579,0.013399999588727951,0.01590000092983246,0.05999999865889549,0.017100000753998756,0.016300000250339508,0.012299999594688416,0.03240000084042549,0.0010000000474974513,0.6305000185966492,0.04320000112056732,0.10000000149011612,0.7705000042915344
CHD8|Q9HCK8,Nucleus,Nuclear localization signal,Soluble,0.31139999628067017,0.9370999932289124,0.009100000374019146,0.0340999998152256,0.07360000163316727,0.012299999594688416,0.026100000366568565,0.007799999788403511,0.019700000062584877,0.0008999999845400453,0.4422000050544739,0.05990000069141388,0.07980000227689743,0.8424999713897705
CHD9|Q3L8U1,Nucleus,Nuclear localization signal,Soluble,0.34439998865127563,0.9617000222206116,0.01720000058412552,0.019300000742077827,0.061900001019239426,0.005900000222027302,0.020099999383091927,0.019200000911951065,0.04800000041723251,0.002199999988079071,0.4523000121116638,0.05990000069141388,0.09269999712705612,0.843999981880188
CHERP|Q8IWX8,Nucleus,Nuclear localization signal,Soluble,0.45320001244544983,0.7314000129699707,0.0430000014603138,0.22660000622272491,0.12129999697208405,0.002199999988079071,0.4397999942302704,0.00989999994635582,0.033399999141693115,0.001500000013038516,0.520799994468689,0.038600001484155655,0.16680000722408295,0.8428999781608582
CHLSN|Q9BRJ6,Nucleus,Nuclear localization signal,Soluble,0.3257000148296356,0.8784999847412109,0.13249999284744263,0.03539999946951866,0.1006999984383583,0.00039999998989515007,0.06939999759197235,0.05350000038743019,0.08609999716281891,0.0038999998942017555,0.33059999346733093,0.07119999825954437,0.3395000100135803,0.8719000220298767
CHORDC1|Q9UHD1,Cytoplasm,Nuclear localization signal,Soluble,0.4880000054836273,0.5134000182151794,0.1777999997138977,0.0568000003695488,0.06859999895095825,0.0010000000474974513,0.2563000023365021,0.2345000058412552,0.28690001368522644,0.0024999999441206455,0.4000000059604645,0.0414000004529953,0.1362999975681305,0.8116000294685364
CHTOP|Q9Y3Y2,Nucleus,Nuclear localization signal,Soluble,0.3806999921798706,0.6970999836921692,0.13689999282360077,0.0835999995470047,0.13169999420642853,0.004000000189989805,0.008799999952316284,0.01640000008046627,0.0210999995470047,0.0012000000569969416,0.32919999957084656,0.017400000244379044,0.14010000228881836,0.8968999981880188
CIRBP|Q14011,Cytoplasm|Nucleus,Nuclear localization signal,Soluble,0.6227999925613403,0.7793999910354614,0.05700000002980232,0.0723000019788742,0.12359999865293503,0.004900000058114529,0.1785999983549118,0.039799999445676804,0.011099999770522118,0.0010999999940395355,0.4571000039577484,0.02070000022649765,0.1923999935388565,0.8446000218391418
CIZ1|Q9ULV3,Nucleus,Nuclear localization signal,Soluble,0.30550000071525574,0.8907999992370605,0.06340000033378601,0.033799998462200165,0.11739999800920486,0.0034000000450760126,0.08730000257492065,0.012400000356137753,0.04580000042915344,0.00419999985024333,0.3116999864578247,0.10679999738931656,0.34360000491142273,0.8450999855995178
CKAP4|Q07065,Cell membrane|Endoplasmic reticulum|Golgi apparatus,Signal peptide|Transmembrane domain,Transmembrane,0.22360000014305115,0.20239999890327454,0.17589999735355377,0.6080999970436096,0.0820000022649765,0.002899999963119626,0.7526999711990356,0.4542999863624573,0.8109999895095825,0.008700000122189522,0.28220000863075256,0.946399986743927,0.19359999895095825,0.21610000729560852
CKAP5|Q14008,Cytoplasm,Nuclear export signal,Soluble,0.714900016784668,0.48809999227523804,0.029500000178813934,0.12070000171661377,0.049400001764297485,0.00989999994635582,0.1720999926328659,0.22990000247955322,0.3562999963760376,0.007400000002235174,0.5586000084877014,0.02669999934732914,0.09870000183582306,0.8145999908447266
CLASP1|Q7Z460,Cytoplasm,Nuclear localization signal|Nuclear export signal,Peripheral|Soluble,0.7145000100135803,0.4397999942302704,0.017999999225139618,0.3700000047683716,0.10700000077486038,0.003700000001117587,0.2249000072479248,0.3905999958515167,0.3578999936580658,0.013500000350177288,0.7678999900817871,0.04320000112056732,0.24459999799728394,0.7193999886512756
CLASP2|O75122,Cytoplasm,Nuclear localization signal|Nuclear export signal,Peripheral|Soluble,0.6880000233650208,0.3930000066757202,0.03660000115633011,0.4505999982357025,0.10700000077486038,0.0027000000700354576,0.22120000422000885,0.3885999917984009,0.39489999413490295,0.010700000450015068,0.7767000198364258,0.04919999837875366,0.26109999418258667,0.7073000073432922
CLIC1|O00299,Cytoplasm,Nuclear localization signal|Nuclear export signal,Soluble,0.7300999760627747,0.35010001063346863,0.01730000041425228,0.3474000096321106,0.31540000438690186,0.006599999964237213,0.16169999539852142,0.3052999973297119,0.5946000218391418,0.164900004863739,0.5530999898910522,0.03460000082850456,0.18070000410079956,0.7896000146865845
CLK1|P49759,Nucleus,Nuclear localization signal,Soluble,0.26980000734329224,0.9559000134468079,0.028699999675154686,0.08370000123977661,0.02879999950528145,0.00139999995008111,0.061000000685453415,0.02019999921321869,0.008899999782443047,0.0038999998942017555,0.35580000281333923,0.06719999760389328,0.09380000084638596,0.7789000272750854
CLK2|P49760,Nucleus,Nuclear localization signal,Soluble,0.20890000462532043,0.9542999863624573,0.0272000003606081,0.046799998730421066,0.05739999935030937,0.00279999990016222,0.10400000214576721,0.023399999365210533,0.0052999998442828655,0.020400000736117363,0.41519999504089355,0.07840000092983246,0.09380000084638596,0.7329999804496765
CLK3|P49761,Nucleus,Nuclear localization signal,Soluble,0.2282000035047531,0.9435999989509583,0.013399999588727951,0.07739999890327454,0.0957999974489212,0.0006000000284984708,0.09870000183582306,0.02449999935925007,0.003800000064074993,0.002300000051036477,0.35269999504089355,0.09549999982118607,0.08560000360012054,0.7631999850273132
CLNS1A|P54105,Cytoplasm|Nucleus,Nuclear export signal,Peripheral|Soluble,0.7213000059127808,0.796999990940094,0.006300000008195639,0.04650000110268593,0.06909999996423721,0.005200000014156103,0.14949999749660492,0.31839999556541443,0.08330000191926956,0.007400000002235174,0.631600022315979,0.030500000342726707,0.06620000302791595,0.7419000267982483
CLP1|Q92989,Cytoplasm|Nucleus,Nuclear export signal,Soluble,0.771399974822998,0.6205000281333923,0.008899999782443047,0.06989999860525131,0.066600002348423,0.0010000000474974513,0.10769999772310257,0.16179999709129333,0.1454000025987625,0.0020000000949949026,0.5486000180244446,0.04089999943971634,0.1437000036239624,0.7928000092506409
CLPB|Q9H078,Mitochondrion,Mitochondrial transit peptide,Transmembrane,0.1543000042438507,0.2199999988079071,0.03280000016093254,0.16410000622272491,0.9387999773025513,0.03819999843835831,0.14399999380111694,0.0892999991774559,0.10840000212192535,0.1746000051498413,0.5619999766349792,0.5845999717712402,0.18050000071525574,0.358599990606308
CLTC|Q00610,Cytoplasm,Nuclear localization signal,Peripheral|Soluble,0.5169000029563904,0.5174999833106995,0.02759999968111515,0.289900004863739,0.06129999831318855,0.0017999999690800905,0.3359000086784363,0.43619999289512634,0.28290000557899475,0.00039999998989515007,0.734499990940094,0.05950000137090683,0.1673000007867813,0.6572999954223633
CLUH|O75153,Cytoplasm,Nuclear export signal,Soluble,0.6406999826431274,0.3472999930381775,0.02979999966919422,0.28519999980926514,0.179299995303154,0.00800000037997961,0.2770000100135803,0.09560000151395798,0.2605000138282776,0.010900000110268593,0.6136000156402588,0.08150000125169754,0.23160000145435333,0.7608000040054321
CMSS1|Q9BQ75,Nucleus,Nuclear localization signal,Soluble,0.26489999890327454,0.8697999715805054,0.040800001472234726,0.01269999984651804,0.05480000004172325,0.005499999970197678,0.07280000299215317,0.009100000374019146,0.065700002014637,0.0027000000700354576,0.23759999871253967,0.11909999698400497,0.08910000324249268,0.847000002861023
CNBP|P62633,Cytoplasm|Nucleus,Nuclear localization signal,Soluble,0.5921000242233276,0.6256999969482422,0.3102000057697296,0.06809999793767929,0.06369999796152115,0.018200000748038292,0.14839999377727509,0.131400004029274,0.10809999704360962,0.0005000000237487257,0.21639999747276306,0.019200000911951065,0.05590000003576279,0.8996000289916992
CNKSR1|Q969H4,Cytoplasm,,Peripheral|Soluble,0.7074999809265137,0.31690001487731934,0.0210999995470047,0.46219998598098755,0.07800000160932541,0.00039999998989515007,0.3343999981880188,0.3393000066280365,0.28940001130104065,0.004900000058114529,0.7864999771118164,0.07090000063180923,0.18870000541210175,0.7050999999046326
CNKSR2|Q8WXI2,Cytoplasm|Cell membrane,Nuclear export signal,Peripheral|Soluble,0.7397000193595886,0.30160000920295715,0.026000000536441803,0.5286999940872192,0.048900000751018524,0.000699999975040555,0.3206999897956848,0.2117999941110611,0.17880000174045563,0.002099999925121665,0.7975000143051147,0.06930000334978104,0.24879999458789825,0.6478999853134155
CNKSR3|Q6P9H4,Cytoplasm|Cell membrane,,Peripheral|Soluble,0.6134999990463257,0.2524999976158142,0.08340000361204147,0.613099992275238,0.10100000351667404,0.012900000438094139,0.4884999990463257,0.15449999272823334,0.34869998693466187,0.01979999989271164,0.8165000081062317,0.13210000097751617,0.45820000767707825,0.5098999738693237
CNN1|P51911,Cytoplasm|Cell membrane,,Soluble,0.9125000238418579,0.13349999487400055,0.11079999804496765,0.5393000245094299,0.26499998569488525,0.013799999840557575,0.07150000333786011,0.08429999649524689,0.11479999870061874,0.003100000089034438,0.5853000283241272,0.03350000083446503,0.15569999814033508,0.7667999863624573
CNN2|Q99439,Cytoplasm|Cell membrane,Nuclear export signal,Soluble,0.8963000178337097,0.1354999989271164,0.05779999867081642,0.605400025844574,0.3666999936103821,0.022099999710917473,0.13920000195503235,0.1525000035762787,0.23240000009536743,0.0017000000225380063,0.5540000200271606,0.04100000113248825,0.20340000092983246,0.7741000056266785
CNN3|Q15417,Cytoplasm|Cell membrane,Nuclear localization signal|Nuclear export signal,Soluble,0.902400016784668,0.13899999856948853,0.06679999828338623,0.5303999781608582,0.25360000133514404,0.00839999970048666,0.16769999265670776,0.1257999986410141,0.23649999499320984,0.002199999988079071,0.5835000276565552,0.02889999933540821,0.21389999985694885,0.7799999713897705
CNOT1|A5YKK6,Cytoplasm,Nuclear export signal,Soluble,0.4984000027179718,0.4925000071525574,0.025499999523162842,0.164900004863739,0.05469999834895134,0.0010999999940395355,0.37790000438690186,0.4368000030517578,0.4844000041484833,0.004900000058114529,0.579200029373169,0.2574999928474426,0.06790000200271606,0.6011999845504761
CNOT10|Q9H9A5,Cytoplasm,Nuclear export signal,Soluble,0.6833000183105469,0.4052000045776367,0.0478999987244606,0.38370001316070557,0.13750000298023224,0.004100000020116568,0.1615000069141388,0.21469999849796295,0.296999990940094,0.03099999949336052,0.5852000117301941,0.08569999784231186,0.12610000371932983,0.711899995803833
CNOT12|Q9C0C2,Cytoplasm,Nuclear localization signal,Peripheral|Soluble,0.6963000297546387,0.3336000144481659,0.17739999294281006,0.49380001425743103,0.21739999949932098,0.01850000023841858,0.30649998784065247,0.1973000019788742,0.33889999985694885,0.12520000338554382,0.7799000144004822,0.04390000179409981,0.4936999976634979,0.7605000138282776
CNOT2|Q9NZN8,Cytoplasm|Nucleus,Nuclear localization signal|Nuclear export signal,Peripheral|Soluble,0.7347000241279602,0.5540000200271606,0.025499999523162842,0.08110000193119049,0.09229999780654907,0.008200000040233135,0.1664000004529953,0.2502000033855438,0.12399999797344208,0.008200000040233135,0.6851000189781189,0.06520000100135803,0.10899999737739563,0.6945000290870667
CNOT3|O75175,Cytoplasm|Nucleus,Nuclear export signal,Peripheral|Soluble,0.6549000144004822,0.555899977684021,0.042100001126527786,0.21809999644756317,0.10019999742507935,0.00019999999494757503,0.06930000334978104,0.3817000091075897,0.1307000070810318,0.003800000064074993,0.7038999795913696,0.03909999877214432,0.21480000019073486,0.7357000112533569
CNOT4|O95628,Cytoplasm|Nucleus,Nuclear export signal,Soluble,0.6396999955177307,0.5929999947547913,0.03779999911785126,0.03689999878406525,0.0892999991774559,0.0017000000225380063,0.04910000041127205,0.09200000017881393,0.05790000036358833,0.0010999999940395355,0.5054000020027161,0.06340000033378601,0.16830000281333923,0.7806000113487244
CNOT7|Q9UIV1,Cytoplasm|Nucleus,Nuclear export signal,Soluble,0.7087000012397766,0.5547000169754028,0.07540000230073929,0.25929999351501465,0.05920000001788139,0.013700000010430813,0.2572999894618988,0.35600000619888306,0.17749999463558197,0.03620000183582306,0.5396999716758728,0.061900001019239426,0.14640000462532043,0.7617999911308289
CNOT8|Q9UFF9,Cytoplasm|Nucleus,Nuclear export signal,Soluble,0.720300018787384,0.5593000054359436,0.07649999856948853,0.15070000290870667,0.06689999997615814,0.0203000009059906,0.15600000321865082,0.2815000116825104,0.1800999939441681,0.0551999993622303,0.4903999865055084,0.06909999996423721,0.14169999957084656,0.7627999782562256
COIL|P38432,Nucleus,Nuclear localization signal,Soluble,0.2962000072002411,0.901199996471405,0.28610000014305115,0.018300000578165054,0.01549999974668026,0.0019000000320374966,0.043699998408555984,0.03680000081658363,0.025699999183416367,0.0007999999797903001,0.3840999901294708,0.05909999832510948,0.2702000141143799,0.8289999961853027
COPA|P53621,Cytoplasm|Nucleus,,Peripheral|Soluble,0.48590001463890076,0.5605000257492065,0.012199999764561653,0.22339999675750732,0.02419999986886978,0.003599999938160181,0.33709999918937683,0.4586000144481659,0.29260000586509705,0.0010999999940395355,0.7301999926567078,0.05640000104904175,0.12070000171661377,0.713100016117096
COPB1|P53618,Cytoplasm|Golgi apparatus,Nuclear export signal,Peripheral|Soluble,0.5875999927520752,0.3021000027656555,0.01889999955892563,0.43950000405311584,0.05909999832510948,0.0035000001080334187,0.43549999594688416,0.33889999985694885,0.8191999793052673,0.004699999932199717,0.7615000009536743,0.03290000185370445,0.2289000004529953,0.6937000155448914
COPB2|P35606,Cytoplasm,Nuclear export signal,Peripheral|Soluble,0.7049000263214111,0.445499986410141,0.006599999964237213,0.23280000686645508,0.04399999976158142,0.0010999999940395355,0.2957000136375427,0.4952000081539154,0.5178999900817871,0.003100000089034438,0.7487999796867371,0.04919999837875366,0.17949999868869781,0.6948999762535095
COPG1|Q9Y678,Cytoplasm|Golgi apparatus,Nuclear export signal,Peripheral|Soluble,0.572700023651123,0.3522000014781952,0.0414000004529953,0.2890999913215637,0.10750000178813934,0.00419999985024333,0.304500013589859,0.3831000030040741,0.7023000121116638,0.01769999973475933,0.7376000285148621,0.03590000048279762,0.2671999931335449,0.6780999898910522
CORO1C|Q9ULV4,Cytoplasm,Nuclear localization signal|Nuclear export signal,Soluble,0.7250000238418579,0.48429998755455017,0.03880000114440918,0.4593999981880188,0.03849999979138374,0.00419999985024333,0.17720000445842743,0.4187999963760376,0.22540000081062317,0.01269999984651804,0.5264999866485596,0.04470000043511391,0.25450000166893005,0.738099992275238
CORO7|P57737,Cytoplasm,Nuclear export signal,Soluble,0.7523000240325928,0.2969000041484833,0.032099999487400055,0.12600000202655792,0.15770000219345093,0.0010000000474974513,0.3418000042438507,0.3075999915599823,0.6388999819755554,0.014499999582767487,0.6148999929428101,0.065700002014637,0.21549999713897705,0.7710999846458435
CPEB1|Q9BZB8,Cytoplasm|Nucleus,Nuclear export signal,Soluble,0.6496000289916992,0.6014000177383423,0.00930000003427267,0.0340999998152256,0.05000000074505806,0.0071000000461936,0.08449999988079071,0.0982000008225441,0.04650000110268593,0.00800000037997961,0.49300000071525574,0.10589999705553055,0.08269999921321869,0.7554000020027161
CPEB2|Q7Z5Q1,Cytoplasm|Nucleus,Nuclear localization signal|Nuclear export signal,Soluble,0.6430000066757202,0.652400016784668,0.008899999782443047,0.06289999932050705,0.03779999911785126,0.002400000113993883,0.11089999973773956,0.18649999797344208,0.04899999871850014,0.0008999999845400453,0.5590000152587891,0.0746999979019165,0.11789999902248383,0.744700014591217
CPEB3|Q8NE35,Cytoplasm|Nucleus,Nuclear localization signal|Nuclear export signal,Soluble,0.680400013923645,0.6690000295639038,0.013100000098347664,0.05869999900460243,0.03970000147819519,0.0019000000320374966,0.13950000703334808,0.16449999809265137,0.05620000138878822,0.000699999975040555,0.5637999773025513,0.05779999867081642,0.16760000586509705,0.7590000033378601
CPEB4|Q17RY0,Cytoplasm|Nucleus,Nuclear localization signal|Nuclear export signal,Soluble,0.6309000253677368,0.6865000128746033,0.008100000210106373,0.05959999933838844,0.027000000700354576,0.004900000058114529,0.12080000340938568,0.11320000141859055,0.02410000003874302,0.003000000026077032,0.462799996137619,0.10289999842643738,0.10769999772310257,0.714900016784668
CPSF1|Q10570,Nucleus,Nuclear localization signal,Peripheral|Soluble,0.34119999408721924,0.8974999785423279,0.05339999869465828,0.054499998688697815,0.08399999886751175,0.00039999998989515007,0.22689999639987946,0.11670000106096268,0.19979999959468842,0.0006000000284984708,0.7696999907493591,0.1395999938249588,0.23489999771118164,0.5224999785423279
CPSF2|Q9P2I0,Nucleus,Nuclear localization signal|Nuclear export signal,Peripheral|Soluble,0.4677000045776367,0.8467000126838684,0.012900000438094139,0.03590000048279762,0.051500000059604645,0.022600000724196434,0.051100000739097595,0.03779999911785126,0.07090000063180923,0.0003000000142492354,0.6593000292778015,0.03629999980330467,0.24120000004768372,0.6966999769210815
CPSF3|Q9UKF6,Cytoplasm|Nucleus,Nuclear localization signal|Nuclear export signal,Peripheral|Soluble,0.5332000255584717,0.6866999864578247,0.0414000004529953,0.11789999902248383,0.10440000146627426,0.018799999728798866,0.0917000025510788,0.1420000046491623,0.094200000166893,0.003599999938160181,0.6351000070571899,0.040699999779462814,0.226500004529953,0.7373999953269958
CPSF4|O95639,Cytoplasm,,Soluble,0.4778999984264374,0.429500013589859,0.08869999647140503,0.09839999675750732,0.09950000047683716,0.001500000013038516,0.06769999861717224,0.13279999792575836,0.17800000309944153,0.002199999988079071,0.554099977016449,0.03959999978542328,0.1737000048160553,0.7797999978065491
CPSF4L|A6NMK7,Cytoplasm,Nuclear localization signal,Soluble,0.41819998621940613,0.42719998955726624,0.1039000004529953,0.05559999868273735,0.195700004696846,0.00279999990016222,0.04470000043511391,0.051500000059604645,0.0957999974489212,0.0031999999191612005,0.4505000114440918,0.03280000016093254,0.11110000312328339,0.8267999887466431
CPSF6|Q16630,Nucleus,Nuclear localization signal,Soluble,0.32269999384880066,0.9631999731063843,0.06650000065565109,0.16220000386238098,0.028999999165534973,0.00039999998989515007,0.12049999833106995,0.06930000334978104,0.03579999879002571,0.0006000000284984708,0.5454999804496765,0.032600000500679016,0.23479999601840973,0.8136000037193298
CPSF7|Q8N684,Nucleus,Nuclear localization signal,Soluble,0.3028999865055084,0.9589999914169312,0.029600000008940697,0.0738999992609024,0.028300000354647636,0.0008999999845400453,0.07000000029802322,0.022600000724196434,0.010499999858438969,0.0020000000949949026,0.4401000142097473,0.03530000150203705,0.15549999475479126,0.8345999717712402
CREBBP|Q92793,Nucleus,Nuclear localization signal|Nuclear export signal,Soluble,0.36090001463890076,0.9236999750137329,0.02070000022649765,0.04100000113248825,0.10189999639987946,0.000699999975040555,0.01209999993443489,0.02979999966919422,0.030500000342726707,0.0012000000569969416,0.5814999938011169,0.0333000011742115,0.0803999975323677,0.8140000104904175
CRNKL1|Q9BZJ0,Nucleus,Nuclear localization signal,Soluble,0.35350000858306885,0.5996000170707703,0.11879999935626984,0.05779999867081642,0.16089999675750732,0.00279999990016222,0.20090000331401825,0.09989999979734421,0.09529999643564224,0.03779999911785126,0.5591999888420105,0.055799998342990875,0.17810000479221344,0.7591000199317932
CS|O75390,Mitochondrion,Mitochondrial transit peptide,Peripheral|Soluble,0.1720000058412552,0.08659999817609787,0.025200000032782555,0.10090000182390213,0.9097999930381775,0.028599999845027924,0.04780000075697899,0.05790000036358833,0.0843999981880188,0.1420000046491623,0.6233999729156494,0.09830000251531601,0.041999999433755875,0.6154999732971191
CSDC2|Q9Y534,Cytoplasm|Nucleus,Nuclear localization signal,Soluble,0.6689000129699707,0.592199981212616,0.04270000010728836,0.028599999845027924,0.11349999904632568,0.020400000736117363,0.17440000176429749,0.10490000247955322,0.062199998646974564,0.020600000396370888,0.4343999922275543,0.0617000013589859,0.07639999687671661,0.7893999814987183
CSDE1|O75534,Cytoplasm|Nucleus,,Soluble,0.6179999709129333,0.5885999798774719,0.01979999989271164,0.01640000008046627,0.11749999970197678,0.0010000000474974513,0.11949999630451202,0.0869000032544136,0.07360000163316727,0.0471000000834465,0.46239998936653137,0.054999999701976776,0.1745000034570694,0.8141999840736389
CSE1L|P55060,Cytoplasm|Nucleus,Nuclear export signal,Soluble,0.521399974822998,0.7059999704360962,0.005100000184029341,0.20600000023841858,0.0471000000834465,0.0006000000284984708,0.1842000037431717,0.15209999680519104,0.1462000012397766,0.016100000590085983,0.5674999952316284,0.053700000047683716,0.16380000114440918,0.7394999861717224
CSRP1|P21291,Cytoplasm,,Peripheral|Soluble,0.6222000122070312,0.2840000092983246,0.02710000053048134,0.2791000008583069,0.3005000054836273,0.05999999865889549,0.1550000011920929,0.11599999666213989,0.17960000038146973,0.0006000000284984708,0.676800012588501,0.009499999694526196,0.1444000005722046,0.7932000160217285
CSTB|P04080,Cytoplasm|Nucleus,Nuclear export signal,Soluble,0.7210999727249146,0.695900022983551,0.008500000461935997,0.1234000027179718,0.2206999957561493,0.026200000196695328,0.09619999676942825,0.08449999988079071,0.004399999976158142,0.0142000000923872,0.33889999985694885,0.0215000007301569,0.35040000081062317,0.8619999885559082
CSTF1|Q05048,Cytoplasm|Nucleus,Nuclear localization signal,Soluble,0.5139999985694885,0.718999981880188,0.02070000022649765,0.17180000245571136,0.05570000037550926,0.006200000178068876,0.05299999937415123,0.10620000213384628,0.14959999918937683,0.00419999985024333,0.5835000276565552,0.04309999942779541,0.0722000002861023,0.7508000135421753
CSTF2|P33240,Cytoplasm|Nucleus,Nuclear localization signal,Soluble,0.5909000039100647,0.6014000177383423,0.041600000113248825,0.11389999836683273,0.05739999935030937,0.009399999864399433,0.06889999657869339,0.031199999153614044,0.05460000038146973,0.0013000000035390258,0.5949000120162964,0.029500000178813934,0.13729999959468842,0.7986000180244446
CSTF2T|Q9H0L4,Cytoplasm|Nucleus,Nuclear localization signal,Soluble,0.638700008392334,0.5666999816894531,0.030799999833106995,0.12430000305175781,0.048500001430511475,0.007799999788403511,0.06719999760389328,0.029400000348687172,0.047200001776218414,0.001500000013038516,0.5497000217437744,0.03150000050663948,0.14790000021457672,0.8169999718666077
CSTF3|Q12996,Nucleus,Nuclear localization signal,Soluble,0.2639000117778778,0.9074000120162964,0.07559999823570251,0.058800000697374344,0.04619999974966049,0.0005000000237487257,0.1005999967455864,0.0803999975323677,0.045499999076128006,0.005200000014156103,0.5343999862670898,0.031599998474121094,0.18080000579357147,0.8055999875068665
CTCF|P49711,Nucleus,Nuclear localization signal,Soluble,0.21930000185966492,0.9447000026702881,0.022199999541044235,0.10019999742507935,0.039000000804662704,0.02239999920129776,0.01979999989271164,0.02459999918937683,0.0877000018954277,0.0006000000284984708,0.4620000123977661,0.028699999675154686,0.21879999339580536,0.8763999938964844
CTIF|O43310,Cytoplasm|Nucleus,Nuclear localization signal|Nuclear export signal,Soluble,0.7566999793052673,0.576200008392334,0.043800000101327896,0.10289999842643738,0.062300000339746475,0.0019000000320374966,0.10849999636411667,0.0625,0.20250000059604645,0.007199999876320362,0.5249000191688538,0.1071000024676323,0.260699987411499,0.78329998254776
CTNNA1|P35221,Cytoplasm|Cell membrane,Nuclear localization signal|Nuclear export signal,Peripheral|Soluble,0.6656000018119812,0.2287999987602234,0.09210000187158585,0.5300999879837036,0.12839999794960022,0.0020000000949949026,0.10530000180006027,0.46369999647140503,0.5918999910354614,0.0026000000070780516,0.8363999724388123,0.03610000014305115,0.1535000056028366,0.6848000288009644
CTNNBL1|Q8WYA6,Cytoplasm|Nucleus,Nuclear localization signal,Soluble,0.48089998960494995,0.880299985408783,0.07880000025033951,0.045899998396635056,0.043800000101327896,0.00039999998989515007,0.08229999989271164,0.0478999987244606,0.08449999988079071,0.0006000000284984708,0.4625000059604645,0.0940999984741211,0.1550000011920929,0.7148000001907349
CTNND1|O60716,Cytoplasm|Cell membrane,Nuclear localization signal,Soluble,0.583299994468689,0.4715000092983246,0.03150000050663948,0.6319000124931335,0.10260000079870224,0.008899999782443047,0.07010000199079514,0.2703000009059906,0.17149999737739563,0.0027000000700354576,0.5949000120162964,0.05860000103712082,0.08150000125169754,0.7314000129699707
CTPS1|P17812,Cytoplasm,Nuclear export signal,Soluble,0.7231000065803528,0.39800000190734863,0.011699999682605267,0.2303999960422516,0.28700000047683716,0.0044999998062849045,0.15289999544620514,0.2079000025987625,0.19089999794960022,0.03370000049471855,0.5471000075340271,0.055799998342990875,0.24770000576972961,0.7529000043869019
CTR9|Q6PD62,Nucleus,Nuclear localization signal,Soluble,0.22990000247955322,0.8331999778747559,0.054999999701976776,0.07280000299215317,0.017799999564886093,0.018200000748038292,0.125900000333786,0.027300000190734863,0.1485999971628189,0.0019000000320374966,0.5806000232696533,0.06279999762773514,0.2150000035762787,0.7519999742507935
CWC15|Q9P013,Nucleus,Nuclear localization signal,Soluble,0.17499999701976776,0.8906000256538391,0.010700000450015068,0.008700000122189522,0.12439999729394913,0.0010000000474974513,0.0674000009894371,0.014499999582767487,0.017999999225139618,0.0024999999441206455,0.33169999718666077,0.017500000074505806,0.08479999750852585,0.8801000118255615
CWC22|Q9HCG8,Nucleus,Nuclear localization signal,Soluble,0.27649998664855957,0.8877999782562256,0.04800000041723251,0.05260000005364418,0.0333000011742115,0.002400000113993883,0.0632999986410141,0.024900000542402267,0.03180000185966492,0.002899999963119626,0.5293999910354614,0.046799998730421066,0.13459999859333038,0.7669000029563904
CWC25|Q9NXE8,Nucleus,Nuclear localization signal,Soluble,0.2062000036239624,0.9190999865531921,0.017100000753998756,0.07649999856948853,0.028699999675154686,0.0010999999940395355,0.07750000059604645,0.05979999899864197,0.040800001472234726,0.003000000026077032,0.3711000084877014,0.026900000870227814,0.21879999339580536,0.8561000227928162
CWC27|Q6UX04,Nucleus,Nuclear localization signal,Soluble,0.25060001015663147,0.9142000079154968,0.04259999841451645,0.016200000420212746,0.040699999779462814,0.00019999999494757503,0.03200000151991844,0.01600000075995922,0.022299999371170998,0.005799999926239252,0.4075999855995178,0.019500000402331352,0.13249999284744263,0.8568000197410583
CWF19L1|Q69YN2,Nucleus,Nuclear localization signal,Soluble,0.39169999957084656,0.9210000038146973,0.01679999940097332,0.05139999836683273,0.10740000009536743,0.00279999990016222,0.03920000046491623,0.016200000420212746,0.016599999740719795,0.0035000001080334187,0.4075999855995178,0.03790000081062317,0.1256999969482422,0.8330000042915344
CWF19L2|Q2TBE0,Nucleus,Nuclear localization signal,Soluble,0.15199999511241913,0.9315999746322632,0.021400000900030136,0.03319999948143959,0.018699999898672104,0.07119999825954437,0.020800000056624413,0.03779999911785126,0.07450000196695328,0.015300000086426735,0.4293999969959259,0.05700000002980232,0.13819999992847443,0.7972000241279602
DALRD3|Q5D0E6,Cytoplasm,,Soluble,0.5726000070571899,0.40070000290870667,0.17880000174045563,0.14749999344348907,0.3889000117778778,0.004800000227987766,0.08079999685287476,0.26249998807907104,0.06480000168085098,0.014299999922513962,0.5095000267028809,0.2540999948978424,0.1306000053882599,0.6704999804496765
DAP3|P51398,Mitochondrion,Mitochondrial transit peptide,Peripheral|Soluble,0.19359999895095825,0.1736000031232834,0.05000000074505806,0.12020000070333481,0.8964999914169312,0.0066999997943639755,0.054499998688697815,0.07680000364780426,0.05469999834895134,0.023499999195337296,0.6448000073432922,0.1695999950170517,0.0877000018954277,0.5637000203132629
DARS1|P14868,Cytoplasm,Nuclear localization signal,Soluble,0.6464999914169312,0.41679999232292175,0.10360000282526016,0.1005999967455864,0.41370001435279846,0.06379999965429306,0.2418999969959259,0.22259999811649323,0.2639000117778778,0.001500000013038516,0.4449000060558319,0.04439999908208847,0.19910000264644623,0.8065999746322632
DARS2|Q6PI48,Mitochondrion,Mitochondrial transit peptide,Peripheral|Soluble,0.17389999330043793,0.13040000200271606,0.08730000257492065,0.09749999642372131,0.9549999833106995,0.1412000060081482,0.060499999672174454,0.04170000180602074,0.06599999964237213,0.05169999971985817,0.6263999938964844,0.11420000344514847,0.17319999635219574,0.6514999866485596
DAZ1|Q9NQZ3,Cytoplasm|Nucleus,Nuclear localization signal,Soluble,0.6373000144958496,0.6758999824523926,0.23000000417232513,0.10220000147819519,0.156700000166893,0.014499999582767487,0.13040000200271606,0.16670000553131104,0.06780000030994415,0.020600000396370888,0.47999998927116394,0.17630000412464142,0.38119998574256897,0.6816999912261963
DAZ2|Q13117,Cytoplasm|Nucleus,Nuclear localization signal,Soluble,0.5501000285148621,0.6367999911308289,0.20430000126361847,0.06800000369548798,0.11180000007152557,0.009100000374019146,0.15150000154972076,0.11029999703168869,0.07989999651908875,0.00989999994635582,0.4465999901294708,0.10869999974966049,0.19339999556541443,0.7559999823570251
DAZ3|Q9NR90,Cytoplasm|Nucleus,Nuclear localization signal,Soluble,0.5467000007629395,0.6452999711036682,0.20589999854564667,0.06989999860525131,0.11829999834299088,0.010099999606609344,0.16030000150203705,0.10419999808073044,0.07289999723434448,0.012600000016391277,0.44209998846054077,0.1193000003695488,0.19140000641345978,0.7458999752998352
DAZ4|Q86SG3,Cytoplasm|Nucleus,Nuclear localization signal,Soluble,0.6306999921798706,0.6729999780654907,0.1662999987602234,0.11729999631643295,0.1500999927520752,0.01269999984651804,0.12950000166893005,0.13830000162124634,0.05420000106096268,0.024800000712275505,0.5224999785423279,0.18279999494552612,0.38519999384880066,0.646399974822998
DAZAP1|Q96EP5,Cytoplasm|Nucleus,Nuclear localization signal,Soluble,0.6488000154495239,0.8185999989509583,0.10270000249147415,0.055399999022483826,0.04989999905228615,0.000699999975040555,0.09510000050067902,0.06989999860525131,0.04580000042915344,0.0003000000142492354,0.5030999779701233,0.027799999341368675,0.09730000048875809,0.8194000124931335
DAZL|Q92904,Cytoplasm|Nucleus,Nuclear localization signal,Soluble,0.6518999934196472,0.6937999725341797,0.054499998688697815,0.07720000296831131,0.1234000027179718,0.02280000038444996,0.09880000352859497,0.061500001698732376,0.09969999641180038,0.04129999876022339,0.40790000557899475,0.07999999821186066,0.08460000157356262,0.8019000291824341
DBR1|Q9UK59,Nucleus,Nuclear localization signal,Soluble,0.4068000018596649,0.9144999980926514,0.01360000018030405,0.057500001043081284,0.17730000615119934,0.00930000003427267,0.027899999171495438,0.04839999973773956,0.051100000739097595,0.006399999838322401,0.35760000348091125,0.04230000078678131,0.07479999959468842,0.8269000053405762
DCAF13|Q9NV06,Cytoplasm|Nucleus,Nuclear localization signal,Soluble,0.48179998993873596,0.8263000249862671,0.0020000000949949026,0.08380000293254852,0.06030000001192093,0.0034000000450760126,0.045099999755620956,0.04410000145435333,0.04910000041127205,0.0008999999845400453,0.3352999985218048,0.02710000053048134,0.1136000007390976,0.8597999811172485
DCAF7|P61962,Cytoplasm|Lysosome/Vacuole|Golgi apparatus,Nuclear localization signal|Nuclear export signal,Peripheral|Soluble,0.6126000285148621,0.4357999861240387,0.01119999960064888,0.2371000051498413,0.058400001376867294,0.01899999938905239,0.1388999968767166,0.6550999879837036,0.6837000250816345,0.09350000321865082,0.6776999831199646,0.09399999678134918,0.19140000641345978,0.6223999857902527
DCP1A|Q9NPI6,Cytoplasm|Nucleus,Nuclear export signal,Soluble,0.6725999712944031,0.5440000295639038,0.2011999934911728,0.11569999903440475,0.044199999421834946,0.00039999998989515007,0.03220000118017197,0.32089999318122864,0.30309998989105225,0.028599999845027924,0.6068999767303467,0.07729999721050262,0.14839999377727509,0.7404000163078308
DCP1B|Q8IZD4,Cytoplasm,Nuclear export signal,Soluble,0.6855000257492065,0.49239999055862427,0.17800000309944153,0.1281999945640564,0.03400000184774399,0.000699999975040555,0.051100000739097595,0.3849000036716461,0.2784000039100647,0.0142000000923872,0.6008999943733215,0.07109999656677246,0.16439999639987946,0.7585999965667725
DCP2|Q8IU60,Cytoplasm|Nucleus,Nuclear localization signal,Soluble,0.6589999794960022,0.6998000144958496,0.018400000408291817,0.15919999778270721,0.15770000219345093,0.002899999963119626,0.1386999934911728,0.04360000044107437,0.06679999828338623,0.10159999877214432,0.4154999852180481,0.12549999356269836,0.07670000195503235,0.7077999711036682
DCTD|P32321,Cytoplasm|Nucleus,Nuclear localization signal,Soluble,0.6704000234603882,0.7756999731063843,0.012799999676644802,0.01899999938905239,0.03889999911189079,0.00139999995008111,0.14219999313354492,0.016200000420212746,0.03139999881386757,0.007600000128149986,0.48399999737739563,0.059700001031160355,0.21040000021457672,0.7404000163078308
DCTN1|Q14203,Cytoplasm,Nuclear localization signal,Peripheral|Soluble,0.7149999737739563,0.41499999165534973,0.0982000008225441,0.2485000044107437,0.09920000284910202,0.05939999967813492,0.16910000145435333,0.07000000029802322,0.3831000030040741,0.0017999999690800905,0.6518999934196472,0.031199999153614044,0.3237999975681305,0.8241999745368958
DDB1|Q16531,Cytoplasm|Nucleus,Nuclear export signal,Peripheral|Soluble,0.613099992275238,0.6051999926567078,0.017799999564886093,0.17309999465942383,0.17139999568462372,0.0032999999821186066,0.2321999967098236,0.3612000048160553,0.40610000491142273,0.03400000184774399,0.7348999977111816,0.094200000166893,0.22269999980926514,0.5634999871253967
DDHD2|O94830,Cytoplasm|Lysosome/Vacuole,Nuclear localization signal|Nuclear export signal,Peripheral|Soluble,0.5794000029563904,0.366100013256073,0.06430000066757202,0.19449999928474426,0.26739999651908875,0.012199999764561653,0.4228000044822693,0.7567999958992004,0.5648999810218811,0.034699998795986176,0.7542999982833862,0.0754999965429306,0.26080000400543213,0.6208999752998352
DDX1|Q92499,Cytoplasm|Nucleus,Nuclear localization signal,Soluble,0.47940000891685486,0.5733000040054321,0.18170000612735748,0.09910000115633011,0.07609999924898148,0.00800000037997961,0.16949999332427979,0.02930000051856041,0.12690000236034393,0.013100000098347664,0.4498000144958496,0.09229999780654907,0.21860000491142273,0.7354999780654907
DDX10|Q13206,Nucleus,Nuclear localization signal,Soluble,0.19470000267028809,0.9301999807357788,0.04360000044107437,0.031599998474121094,0.07829999923706055,0.0012000000569969416,0.0551999993622303,0.03420000150799751,0.043800000101327896,0.002199999988079071,0.3919999897480011,0.07400000095367432,0.23399999737739563,0.8156999945640564
DDX11|Q96FC9,Cytoplasm|Nucleus,Nuclear localization signal,Peripheral|Soluble,0.5103999972343445,0.7357000112533569,0.13109999895095825,0.10700000077486038,0.352400004863739,0.004800000227987766,0.16189999878406525,0.10140000283718109,0.11140000075101852,0.024700000882148743,0.6445000171661377,0.08959999680519104,0.20010000467300415,0.7452999949455261
DDX17|Q92841,Cytoplasm|Nucleus,Nuclear localization signal,Soluble,0.5867999792098999,0.6703000068664551,0.07479999959468842,0.12269999831914902,0.0364999994635582,0.01679999940097332,0.05849999934434891,0.08060000091791153,0.0357000008225441,0.01489999983459711,0.5198000073432922,0.043800000101327896,0.2547000050544739,0.7258999943733215
DDX18|Q9NVP1,Nucleus,Nuclear localization signal,Soluble,0.3091000020503998,0.9190000295639038,0.053700000047683716,0.022099999710917473,0.030500000342726707,0.003100000089034438,0.11069999635219574,0.025599999353289604,0.08290000259876251,0.0066999997943639755,0.32580000162124634,0.06629999727010727,0.16429999470710754,0.8026000261306763
DDX19A|Q9NUU7,Cytoplasm,Nuclear export signal,Soluble,0.5239999890327454,0.4408999979496002,0.026799999177455902,0.02630000002682209,0.1251000016927719,0.004000000189989805,0.15549999475479126,0.03550000116229057,0.2134999930858612,0.016300000250339508,0.5090000033378601,0.04190000146627426,0.2583000063896179,0.7809000015258789
DDX19B|Q9UMR2,Cytoplasm,Nuclear localization signal|Nuclear export signal,Soluble,0.5454000234603882,0.4408000111579895,0.030300000682473183,0.02590000070631504,0.13259999454021454,0.00279999990016222,0.1639000028371811,0.03880000114440918,0.22450000047683716,0.01489999983459711,0.5174999833106995,0.043699998408555984,0.2612000107765198,0.7811999917030334
DDX20|Q9UHI6,Cytoplasm|Nucleus,Nuclear localization signal|Nuclear export signal,Soluble,0.6092000007629395,0.6502000093460083,0.04729999974370003,0.10909999907016754,0.18000000715255737,0.006000000052154064,0.25679999589920044,0.11490000039339066,0.1266999989748001,0.008700000122189522,0.48249998688697815,0.10779999941587448,0.14790000021457672,0.7786999940872192
DDX21|Q9NR30,Nucleus,Nuclear localization signal,Soluble,0.44749999046325684,0.8492000102996826,0.13950000703334808,0.027300000190734863,0.09189999848604202,0.017400000244379044,0.07900000363588333,0.008200000040233135,0.027499999850988388,0.002400000113993883,0.29899999499320984,0.04309999942779541,0.1316000074148178,0.8664000034332275
DDX23|Q9BUQ8,Nucleus,Nuclear localization signal,Soluble,0.2443999946117401,0.909500002861023,0.03500000014901161,0.05920000001788139,0.027799999341368675,0.005900000222027302,0.05700000002980232,0.016300000250339508,0.03880000114440918,0.0020000000949949026,0.4352000057697296,0.03500000014901161,0.1746000051498413,0.8220999836921692
DDX24|Q9GZR7,Nucleus,Nuclear localization signal,Soluble,0.28769999742507935,0.8561000227928162,0.10689999908208847,0.021400000900030136,0.039799999445676804,0.007199999876320362,0.08320000022649765,0.022099999710917473,0.07639999687671661,0.0007999999797903001,0.3456000089645386,0.06790000200271606,0.1525000035762787,0.8361999988555908
DDX25|Q9UHL0,Cytoplasm|Nucleus,Nuclear export signal,Soluble,0.5961999893188477,0.553600013256073,0.00419999985024333,0.03189999982714653,0.1306000053882599,0.0020000000949949026,0.10899999737739563,0.06459999829530716,0.10819999873638153,0.026599999517202377,0.5001999735832214,0.053300000727176666,0.13500000536441803,0.7516999840736389
DDX27|Q96GQ7,Nucleus,Nuclear localization signal,Soluble,0.12449999898672104,0.9388999938964844,0.019600000232458115,0.010499999858438969,0.048900000751018524,0.002099999925121665,0.058400001376867294,0.008799999952316284,0.03060000017285347,0.00019999999494757503,0.3547999858856201,0.04019999876618385,0.11840000003576279,0.8622999787330627
DDX28|Q9NUL7,Mitochondrion,Mitochondrial transit peptide,Soluble,0.27059999108314514,0.2567000091075897,0.051100000739097595,0.06780000030994415,0.8899000287055969,0.00800000037997961,0.06780000030994415,0.06400000303983688,0.05950000137090683,0.03830000013113022,0.588699996471405,0.1451999992132187,0.09849999845027924,0.679099977016449
DDX31|Q9H8H2,Nucleus,Nuclear localization signal,Soluble,0.32280001044273376,0.8604999780654907,0.06620000302791595,0.047200001776218414,0.17080000042915344,0.002300000051036477,0.09390000253915787,0.03550000116229057,0.048500001430511475,0.005799999926239252,0.4426000118255615,0.17829999327659607,0.19110000133514404,0.7484999895095825
DDX39A|O00148,Cytoplasm|Nucleus,Nuclear localization signal|Nuclear export signal,Soluble,0.611299991607666,0.7371000051498413,0.014499999582767487,0.15710000693798065,0.1031000018119812,0.00039999998989515007,0.1664000004529953,0.1324000060558319,0.120899997651577,0.004399999976158142,0.47130000591278076,0.049400001764297485,0.21209999918937683,0.795799970626831
DDX39B|Q13838,Cytoplasm|Nucleus,Nuclear localization signal|Nuclear export signal,Soluble,0.592199981212616,0.7426000237464905,0.01730000041425228,0.19699999690055847,0.14579999446868896,0.00039999998989515007,0.1875,0.1307000070810318,0.11969999969005585,0.004900000058114529,0.49559998512268066,0.04969999939203262,0.23479999601840973,0.7843999862670898
DDX3X|O00571,Cytoplasm|Nucleus,Nuclear localization signal,Soluble,0.6280999779701233,0.8220000267028809,0.004399999976158142,0.23149999976158142,0.019700000062584877,0.007000000216066837,0.13300000131130219,0.0997999981045723,0.06129999831318855,0.019200000911951065,0.5145999789237976,0.0478999987244606,0.20829999446868896,0.7565000057220459
DDX3Y|O15523,Cytoplasm|Nucleus,Nuclear localization signal,Soluble,0.6845999956130981,0.8134999871253967,0.006500000134110451,0.2175000011920929,0.019300000742077827,0.003800000064074993,0.13230000436306,0.09390000253915787,0.05510000139474869,0.010700000450015068,0.49300000071525574,0.04450000077486038,0.19920000433921814,0.7670000195503235
DDX4|Q9NQI0,Cytoplasm|Nucleus,Nuclear localization signal|Nuclear export signal,Soluble,0.7440000176429749,0.5699999928474426,0.004999999888241291,0.10000000149011612,0.03240000084042549,0.010200000368058681,0.10980000346899033,0.08299999684095383,0.21729999780654907,0.002099999925121665,0.4156999886035919,0.039000000804662704,0.21389999985694885,0.83160001039505
DDX41|Q9UJV9,Nucleus,Nuclear localization signal,Soluble,0.42179998755455017,0.82669997215271,0.058400001376867294,0.03790000081062317,0.08540000021457672,0.0003000000142492354,0.09950000047683716,0.08240000158548355,0.09870000183582306,0.001500000013038516,0.4629000127315521,0.04600000008940697,0.2378000020980835,0.8287000060081482
DDX42|Q86XP3,Nucleus,Nuclear localization signal,Soluble,0.41690000891685486,0.7166000008583069,0.016899999231100082,0.13449999690055847,0.047600001096725464,0.0038999998942017555,0.05090000107884407,0.031700000166893005,0.07000000029802322,0.00989999994635582,0.4699999988079071,0.0210999995470047,0.1467999964952469,0.8435999751091003
DDX43|Q9NXZ2,Nucleus,Nuclear localization signal,Soluble,0.44589999318122864,0.6972000002861023,0.035599999129772186,0.11190000176429749,0.039400000125169754,0.033900000154972076,0.1768999993801117,0.030799999833106995,0.03849999979138374,0.029999999329447746,0.35429999232292175,0.040800001472234726,0.16140000522136688,0.8537999987602234
DDX46|Q7L014,Nucleus,Nuclear localization signal,Soluble,0.2484000027179718,0.9176999926567078,0.03550000116229057,0.03400000184774399,0.04360000044107437,0.00430000014603138,0.050999999046325684,0.024800000712275505,0.035599999129772186,0.0012000000569969416,0.5473999977111816,0.02850000001490116,0.4569000005722046,0.769599974155426
DDX47|Q9H0S4,Nucleus,Nuclear localization signal,Soluble,0.18520000576972961,0.8963000178337097,0.07819999754428864,0.027400000020861626,0.054099999368190765,0.004999999888241291,0.0778999999165535,0.011599999852478504,0.04919999837875366,0.003000000026077032,0.27480000257492065,0.02969999983906746,0.13210000097751617,0.8671000003814697
DDX49|Q9Y6V7,Nucleus,Nuclear localization signal,Soluble,0.36880001425743103,0.6905999779701233,0.0471000000834465,0.05480000004172325,0.10279999673366547,0.004999999888241291,0.13169999420642853,0.023000000044703484,0.044599998742341995,0.0017000000225380063,0.4165000021457672,0.058800000697374344,0.218299999833107,0.8248000144958496
DDX5|P17844,Cytoplasm|Nucleus,Nuclear localization signal,Soluble,0.5569999814033508,0.7602999806404114,0.018200000748038292,0.10369999706745148,0.014800000004470348,0.013299999758601189,0.045899998396635056,0.04600000008940697,0.007499999832361937,0.007499999832361937,0.4641000032424927,0.0272000003606081,0.15639999508857727,0.789900004863739
DDX50|Q9BQ39,Nucleus,Nuclear localization signal,Soluble,0.31040000915527344,0.8683000206947327,0.11580000072717667,0.04010000079870224,0.08420000225305557,0.01140000019222498,0.060499999672174454,0.009499999694526196,0.0215000007301569,0.007699999958276749,0.3601999878883362,0.05119999870657921,0.1193000003695488,0.8113999962806702
DDX51|Q8N8A6,Nucleus,Nuclear localization signal,Soluble,0.33880001306533813,0.8610000014305115,0.13109999895095825,0.040800001472234726,0.12160000205039978,0.001500000013038516,0.08829999715089798,0.025200000032782555,0.09769999980926514,0.0071000000461936,0.39980000257492065,0.09669999778270721,0.23090000450611115,0.781000018119812
DDX52|Q9Y2R4,Nucleus,Nuclear localization signal,Soluble,0.30079999566078186,0.8845999836921692,0.025699999183416367,0.03139999881386757,0.03779999911785126,0.002400000113993883,0.07720000296831131,0.02239999920129776,0.05719999969005585,0.002899999963119626,0.3822999894618988,0.06679999828338623,0.14000000059604645,0.7924000024795532
DDX53|Q86TM3,Cytoplasm|Nucleus,Nuclear localization signal,Soluble,0.4814000129699707,0.6970999836921692,0.023600000888109207,0.12219999730587006,0.033900000154972076,0.040800001472234726,0.15070000290870667,0.03530000150203705,0.038100000470876694,0.020400000736117363,0.29010000824928284,0.04230000078678131,0.10209999978542328,0.8646000027656555
DDX54|Q8TDD1,Nucleus,Nuclear localization signal,Soluble,0.1973000019788742,0.8758999705314636,0.08630000054836273,0.03189999982714653,0.11429999768733978,0.000699999975040555,0.05249999836087227,0.014499999582767487,0.03229999914765358,0.0010000000474974513,0.396699994802475,0.0674000009894371,0.1451999992132187,0.8522999882698059
DDX55|Q8NHQ9,Nucleus,Nuclear localization signal,Soluble,0.08070000261068344,0.9139999747276306,0.06400000303983688,0.01640000008046627,0.12770000100135803,0.0007999999797903001,0.04639999940991402,0.013700000010430813,0.03150000050663948,0.0017999999690800905,0.37310001254081726,0.08049999922513962,0.12530000507831573,0.8134999871253967
DDX56|Q9NY93,Nucleus,Nuclear localization signal,Soluble,0.37369999289512634,0.8395000100135803,0.023600000888109207,0.03629999980330467,0.06419999897480011,0.0007999999797903001,0.14380000531673431,0.017899999395012856,0.02850000001490116,0.0010999999940395355,0.3953000009059906,0.09009999781847,0.18230000138282776,0.8180000185966492
DDX59|Q5T1V6,Cytoplasm|Nucleus,Nuclear localization signal,Soluble,0.48899999260902405,0.883899986743927,0.022099999710917473,0.06589999794960022,0.1459999978542328,0.0015999999595806003,0.0925000011920929,0.04989999905228615,0.08089999854564667,0.00279999990016222,0.45840001106262207,0.054999999701976776,0.2890999913215637,0.8119999766349792
DDX6|P26196,Cytoplasm|Nucleus,Nuclear localization signal,Soluble,0.6011000275611877,0.5878000259399414,0.023399999365210533,0.13449999690055847,0.09470000118017197,0.0027000000700354576,0.09910000115633011,0.12639999389648438,0.09650000184774399,0.014100000262260437,0.4438000023365021,0.05380000174045563,0.12099999934434891,0.7764000296592712
DDX60|Q8IY21,Cytoplasm,Nuclear localization signal,Soluble,0.685699999332428,0.4309999942779541,0.1363999992609024,0.17800000309944153,0.25099998712539673,0.027499999850988388,0.17059999704360962,0.05350000038743019,0.06499999761581421,0.03449999913573265,0.39329999685287476,0.28459998965263367,0.06390000134706497,0.6926000118255615
DDX60L|Q5H9U9,Cytoplasm,Nuclear localization signal,Soluble,0.6399000287055969,0.5109000205993652,0.11890000104904175,0.16050000488758087,0.33809998631477356,0.019200000911951065,0.16369999945163727,0.04280000180006027,0.05770000070333481,0.03060000017285347,0.38519999384880066,0.24449999630451202,0.057500001043081284,0.7081999778747559
DEK|P35659,Nucleus,Nuclear localization signal,Soluble,0.2921000123023987,0.9287999868392944,0.06210000067949295,0.039799999445676804,0.03999999910593033,0.005900000222027302,0.030400000512599945,0.009700000286102295,0.09319999814033508,0.0012000000569969416,0.3553999960422516,0.018799999728798866,0.27720001339912415,0.9124000072479248
DENR|O43583,Cytoplasm|Nucleus,Nuclear localization signal,Soluble,0.7781999707221985,0.741599977016449,0.18150000274181366,0.018300000578165054,0.24500000476837158,0.019600000232458115,0.22429999709129333,0.04100000113248825,0.30799999833106995,0.0015999999595806003,0.40389999747276306,0.030500000342726707,0.28619998693466187,0.8259999752044678
DGCR8|Q8WYQ5,Nucleus,Nuclear localization signal,Soluble,0.41659998893737793,0.8197000026702881,0.08139999955892563,0.02590000070631504,0.10300000011920929,0.006500000134110451,0.12530000507831573,0.017000000923871994,0.02290000021457672,0.0006000000284984708,0.4302999973297119,0.07240000367164612,0.11050000041723251,0.8410999774932861
DGKD|Q16760,Cytoplasm,Nuclear export signal,Peripheral|Soluble,0.6891000270843506,0.4377000033855438,0.03970000147819519,0.521399974822998,0.1996999979019165,0.0007999999797903001,0.21379999816417694,0.38989999890327454,0.28519999980926514,0.05460000038146973,0.7735000252723694,0.065700002014637,0.2906999886035919,0.6797999739646912
DGKH|Q86XP1,Cytoplasm,Nuclear export signal,Peripheral|Soluble,0.6998999714851379,0.3659999966621399,0.044199999421834946,0.4832000136375427,0.20960000157356262,0.0019000000320374966,0.226500004529953,0.27149999141693115,0.30239999294281006,0.049800001084804535,0.760699987411499,0.06210000067949295,0.2777000069618225,0.6837999820709229
DHX15|O43143,Nucleus,Nuclear localization signal,Soluble,0.2980000078678131,0.8521999716758728,0.02850000001490116,0.04149999842047691,0.15539999306201935,0.006500000134110451,0.05169999971985817,0.02160000056028366,0.014700000174343586,0.0015999999595806003,0.4767000079154968,0.040800001472234726,0.11580000072717667,0.7833999991416931
DHX16|O60231,Nucleus,Nuclear localization signal,Soluble,0.3314000070095062,0.8592000007629395,0.02710000053048134,0.04520000144839287,0.12349999696016312,0.002099999925121665,0.0649000033736229,0.00989999994635582,0.01860000006854534,0.00419999985024333,0.5777000188827515,0.03869999945163727,0.19370000064373016,0.8051000237464905
DHX29|Q7Z478,Cytoplasm,Nuclear localization signal,Soluble,0.5878000259399414,0.4334999918937683,0.188400000333786,0.12839999794960022,0.22789999842643738,0.04470000043511391,0.11089999973773956,0.023000000044703484,0.149399995803833,0.003599999938160181,0.508400022983551,0.06449999660253525,0.11909999698400497,0.7466999888420105
DHX30|Q7L2E3,Cytoplasm,Nuclear export signal,Soluble,0.7099000215530396,0.5188000202178955,0.0966000035405159,0.07810000330209732,0.6090999841690063,0.00800000037997961,0.07490000128746033,0.042100001126527786,0.0877000018954277,0.027499999850988388,0.5508000254631042,0.10660000145435333,0.04320000112056732,0.7328000068664551
DHX32|Q7L7V1,Cytoplasm|Nucleus,Nuclear export signal,Lipid anchor|Soluble,0.5349000096321106,0.5462999939918518,0.020400000736117363,0.1655000001192093,0.3398999869823456,0.002899999963119626,0.29339998960494995,0.06430000066757202,0.1808999925851822,0.10509999841451645,0.4611000120639801,0.09529999643564224,0.7462000250816345,0.6586999893188477
DHX33|Q9H6R0,Nucleus,Nuclear localization signal,Soluble,0.413100004196167,0.8709999918937683,0.02710000053048134,0.03880000114440918,0.20730000734329224,0.0013000000035390258,0.10540000349283218,0.024399999529123306,0.025299999862909317,0.009200000204145908,0.5045999884605408,0.06889999657869339,0.0869000032544136,0.7875999808311462
DHX34|Q14147,Nucleus,Nuclear localization signal,Soluble,0.43140000104904175,0.6108999848365784,0.09790000319480896,0.1906999945640564,0.39250001311302185,0.0003000000142492354,0.2912999987602234,0.01590000092983246,0.04190000146627426,0.00860000029206276,0.588699996471405,0.17820000648498535,0.16449999809265137,0.7245000004768372
DHX35|Q9H5Z1,Nucleus,Nuclear localization signal,Soluble,0.3824999928474426,0.7918999791145325,0.01889999955892563,0.05730000138282776,0.26840001344680786,0.005799999926239252,0.1809999942779541,0.005400000140070915,0.06629999727010727,0.019700000062584877,0.544700026512146,0.052000001072883606,0.10620000213384628,0.7731000185012817
DHX36|Q9H2U1,Cytoplasm|Nucleus,Nuclear localization signal,Soluble,0.6158000230789185,0.7555999755859375,0.012199999764561653,0.09000000357627869,0.31310001015663147,0.0032999999821186066,0.060100000351667404,0.009800000116229057,0.017000000923871994,0.0026000000070780516,0.5439000129699707,0.0843999981880188,0.11089999973773956,0.7299000024795532
DHX37|Q8IY37,Nucleus,Nuclear localization signal,Soluble,0.36550000309944153,0.6514999866485596,0.060600001364946365,0.11420000344514847,0.2892000079154968,0.002300000051036477,0.1889999955892563,0.014999999664723873,0.022199999541044235,0.003100000089034438,0.45210000872612,0.12380000203847885,0.19820000231266022,0.7685999870300293
DHX38|Q92620,Nucleus,Nuclear localization signal,Soluble,0.37290000915527344,0.8598999977111816,0.021800000220537186,0.06700000166893005,0.09369999915361404,0.005100000184029341,0.08250000327825546,0.0272000003606081,0.024000000208616257,0.004100000020116568,0.5600000023841858,0.08399999886751175,0.24169999361038208,0.6940000057220459
DHX40|Q8IX18,Nucleus,Nuclear localization signal,Soluble,0.3880000114440918,0.8416000008583069,0.013000000268220901,0.02500000037252903,0.29649999737739563,0.006399999838322401,0.04019999876618385,0.004600000102072954,0.05950000137090683,0.020800000056624413,0.47870001196861267,0.07020000368356705,0.061900001019239426,0.7724999785423279
DHX57|Q6P158,Nucleus,Nuclear localization signal,Soluble,0.4399000108242035,0.6754999756813049,0.02449999935925007,0.0957999974489212,0.23589999973773956,0.011500000022351742,0.07479999959468842,0.028300000354647636,0.12620000541210175,0.002300000051036477,0.5637000203132629,0.08009999990463257,0.10239999741315842,0.7450000047683716
DHX58|Q96C10,Cytoplasm|Nucleus,Nuclear export signal,Soluble,0.6331999897956848,0.5656999945640564,0.07180000096559525,0.07840000092983246,0.22869999706745148,0.0008999999845400453,0.07769999653100967,0.2386000007390976,0.04650000110268593,0.03669999912381172,0.48510000109672546,0.05079999938607216,0.13860000669956207,0.8403000235557556
DHX8|Q14562,Nucleus,Nuclear localization signal,Soluble,0.26429998874664307,0.8955000042915344,0.022700000554323196,0.04569999873638153,0.12240000069141388,0.00989999994635582,0.06849999725818634,0.00839999970048666,0.006800000090152025,0.002899999963119626,0.5982000231742859,0.05660000070929527,0.24120000004768372,0.7166000008583069
DHX9|Q08211,Cytoplasm|Nucleus,Nuclear localization signal,Soluble,0.5,0.7774999737739563,0.03400000184774399,0.043800000101327896,0.17229999601840973,0.003599999938160181,0.08190000057220459,0.014299999922513962,0.015300000086426735,0.0005000000237487257,0.47679999470710754,0.0754999965429306,0.06560000032186508,0.7760999798774719
DIAPH1|O60610,Cytoplasm,Nuclear export signal,Peripheral|Soluble,0.8141000270843506,0.30869999527931213,0.07320000231266022,0.47839999198913574,0.09080000221729279,0.0010999999940395355,0.21150000393390656,0.2556999921798706,0.32089999318122864,0.002300000051036477,0.7210000157356262,0.03449999913573265,0.2786000072956085,0.7813000082969666
DICER1|Q9UPY3,Cytoplasm|Nucleus,Nuclear localization signal|Nuclear export signal,Soluble,0.6050999760627747,0.6751000285148621,0.07339999824762344,0.07699999958276749,0.2687000036239624,0.05420000106096268,0.20419999957084656,0.24009999632835388,0.21400000154972076,0.010099999606609344,0.4880000054836273,0.1039000004529953,0.05469999834895134,0.7383999824523926
DIDO1|Q9BTC0,Nucleus,Nuclear localization signal,Soluble,0.265500009059906,0.9221000075340271,0.0284000001847744,0.09260000288486481,0.06120000034570694,0.031199999153614044,0.037700001150369644,0.006300000008195639,0.05420000106096268,0.0012000000569969416,0.46129998564720154,0.04259999841451645,0.24580000340938568,0.847100019454956
DIMT1|Q9UNQ2,Nucleus,Nuclear localization signal,Soluble,0.3483999967575073,0.6815999746322632,0.02969999983906746,0.09080000221729279,0.35850000381469727,0.0632999986410141,0.11110000312328339,0.016599999740719795,0.02459999918937683,0.0027000000700354576,0.45649999380111694,0.06909999996423721,0.155799999833107,0.7784000039100647
DIS3|Q9Y2L1,Nucleus,Nuclear localization signal,Soluble,0.3562999963760376,0.8253999948501587,0.01889999955892563,0.0843999981880188,0.23389999568462372,0.005100000184029341,0.14020000398159027,0.02319999970495701,0.05689999833703041,0.00419999985024333,0.4526999890804291,0.03400000184774399,0.23270000517368317,0.8216999769210815
DIS3L|Q8TF46,Nucleus,,Soluble,0.4672999978065491,0.5613999962806702,0.05079999938607216,0.15639999508857727,0.3472000062465668,0.011300000362098217,0.0957999974489212,0.0658000037074089,0.08810000121593475,0.04780000075697899,0.4661000072956085,0.0714000016450882,0.23409999907016754,0.7930999994277954
DIS3L2|Q8IYB7,Cytoplasm,,Soluble,0.5946000218391418,0.5097000002861023,0.022199999541044235,0.059300001710653305,0.2937999963760376,0.004000000189989805,0.34869998693466187,0.09059999883174896,0.1860000044107437,0.01899999938905239,0.4936000108718872,0.08550000190734863,0.32120001316070557,0.7996000051498413
DKC1|O60832,Nucleus,Nuclear localization signal,Soluble,0.415800005197525,0.8199999928474426,0.06700000166893005,0.05700000002980232,0.024399999529123306,0.022700000554323196,0.08900000154972076,0.03150000050663948,0.19580000638961792,0.0013000000035390258,0.4018999934196472,0.03099999949336052,0.10580000281333923,0.8475000262260437
DLD|P09622,Mitochondrion,Mitochondrial transit peptide,Soluble,0.14169999957084656,0.1128000020980835,0.07769999653100967,0.08190000057220459,0.8892999887466431,0.0803999975323677,0.035599999129772186,0.030300000682473183,0.04960000142455101,0.016699999570846558,0.553600013256073,0.03020000085234642,0.15880000591278076,0.7501000165939331
DMD|P11532,Cytoplasm|Cell membrane,Nuclear export signal,Peripheral|Soluble,0.7628999948501587,0.35679998993873596,0.034299999475479126,0.6161999702453613,0.08049999922513962,0.0006000000284984708,0.17980000376701355,0.5149000287055969,0.2921999990940094,0.020899999886751175,0.7591000199317932,0.052000001072883606,0.39570000767707825,0.7074000239372253
DNA2|P51530,Cytoplasm|Nucleus,Nuclear export signal,Soluble,0.49140000343322754,0.5561000108718872,0.04780000075697899,0.06780000030994415,0.24879999458789825,0.0038999998942017555,0.12710000574588776,0.03779999911785126,0.05260000005364418,0.006599999964237213,0.5533000230789185,0.09309999644756317,0.11810000240802765,0.7372000217437744
DNAJA1|P31689,Cytoplasm|Nucleus,Nuclear export signal,Lipid anchor|Soluble,0.7128999829292297,0.640999972820282,0.03519999980926514,0.23330000042915344,0.44040000438690186,0.0044999998062849045,0.6037999987602234,0.18330000340938568,0.25870001316070557,0.21220000088214874,0.42969998717308044,0.04450000077486038,0.8264999985694885,0.6258000135421753
DNAJA2|O60884,Cytoplasm|Nucleus,Nuclear export signal,Lipid anchor|Soluble,0.708299994468689,0.7214000225067139,0.022700000554323196,0.14579999446868896,0.43290001153945923,0.005200000014156103,0.60589998960495,0.1274999976158142,0.22089999914169312,0.15240000188350677,0.38269999623298645,0.028200000524520874,0.7081000208854675,0.6836000084877014
DNAJC1|Q96KC8,Endoplasmic reticulum,Signal peptide|Transmembrane domain,Transmembrane,0.17579999566078186,0.325300008058548,0.014299999922513962,0.16840000450611115,0.09470000118017197,0.002899999963119626,0.678600013256073,0.20190000534057617,0.24860000610351562,0.016499999910593033,0.266400009393692,0.9603000283241272,0.1598999947309494,0.14149999618530273
DNAJC17|Q9NVM6,Cytoplasm|Nucleus,Nuclear localization signal|Nuclear export signal,Soluble,0.715499997138977,0.7161999940872192,0.03310000151395798,0.09629999846220016,0.2856000065803528,0.0008999999845400453,0.2985999882221222,0.08100000023841858,0.12049999833106995,0.00860000029206276,0.5249999761581421,0.02590000070631504,0.4408000111579895,0.8863999843597412
DNAJC2|Q99543,Cytoplasm,,Soluble,0.5253000259399414,0.4927999973297119,0.019200000911951065,0.11029999703168869,0.24660000205039978,0.0071000000461936,0.21250000596046448,0.1080000028014183,0.15449999272823334,0.022199999541044235,0.58160001039505,0.05130000039935112,0.13570000231266022,0.7885000109672546
DNAJC21|Q5F1R6,Cytoplasm|Nucleus,Nuclear localization signal,Soluble,0.6924999952316284,0.6205000281333923,0.029600000008940697,0.07739999890327454,0.09950000047683716,0.002300000051036477,0.25929999351501465,0.04659999907016754,0.5792999863624573,0.004800000227987766,0.4032000005245209,0.01489999983459711,0.2703999876976013,0.9039999842643738
DNAJC3|Q13217,Endoplasmic reticulum,Signal peptide,Soluble,0.2660999894142151,0.16050000488758087,0.4925999939441681,0.30660000443458557,0.07530000060796738,0.011300000362098217,0.6499000191688538,0.36079999804496765,0.31839999556541443,0.019500000402331352,0.42879998683929443,0.04390000179409981,0.1137000024318695,0.8379999995231628
DNAJC7|Q99615,Cytoplasm|Nucleus,Nuclear localization signal|Nuclear export signal,Soluble,0.8082000017166138,0.6837000250816345,0.022600000724196434,0.20600000023841858,0.18160000443458557,0.00570000009611249,0.38850000500679016,0.11469999700784683,0.14030000567436218,0.0008999999845400453,0.45399999618530273,0.01979999989271164,0.15119999647140503,0.873199999332428
DNAJC8|O75937,Cytoplasm|Nucleus,Nuclear localization signal,Soluble,0.5374000072479248,0.6452999711036682,0.003599999938160181,0.17739999294281006,0.0737999975681305,0.0024999999441206455,0.263700008392334,0.03849999979138374,0.10000000149011612,9.999999747378752e-05,0.5074999928474426,0.012199999764561653,0.13449999690055847,0.8774999976158142
DNAJC9|Q8WXX5,Cytoplasm|Nucleus,Nuclear localization signal,Soluble,0.629800021648407,0.7572000026702881,0.009399999864399433,0.1273999959230423,0.10729999840259552,0.0027000000700354576,0.47290000319480896,0.1356000006198883,0.1728000044822693,0.020800000056624413,0.5493999719619751,0.014399999752640724,0.19370000064373016,0.8651999831199646
DND1|Q8IYX4,Cytoplasm|Nucleus,Nuclear localization signal|Nuclear export signal,Soluble,0.7042999863624573,0.5957000255584717,0.05429999902844429,0.05820000171661377,0.4009999930858612,0.007000000216066837,0.10080000013113022,0.07039999961853027,0.0877000018954277,0.005200000014156103,0.4226999878883362,0.08259999752044678,0.10890000313520432,0.829800009727478
DNMT1|P26358,Nucleus,Nuclear localization signal,Soluble,0.3855000138282776,0.8450999855995178,0.10199999809265137,0.08669999986886978,0.11169999837875366,0.07609999924898148,0.052299998700618744,0.012199999764561653,0.04910000041127205,0.008799999952316284,0.3774000108242035,0.10000000149011612,0.39890000224113464,0.7279000282287598
DNTTIP2|Q5QJE6,Nucleus,Nuclear localization signal,Soluble,0.20329999923706055,0.9108999967575073,0.049800001084804535,0.05290000140666962,0.07500000298023224,0.0017999999690800905,0.09619999676942825,0.008500000461935997,0.017799999564886093,0.0017000000225380063,0.262800008058548,0.0649000033736229,0.38850000500679016,0.8464999794960022
DQX1|Q8TE96,Cytoplasm,Nuclear export signal,Lipid anchor|Soluble,0.6171000003814697,0.4009000062942505,0.04309999942779541,0.2775000035762787,0.49149999022483826,0.0034000000450760126,0.3513999879360199,0.05550000071525574,0.20260000228881836,0.11919999867677689,0.45980000495910645,0.19380000233650208,0.70169997215271,0.6062999963760376
DRG1|Q9Y295,Cytoplasm,Nuclear localization signal,Soluble,0.5246000289916992,0.4675999879837036,0.014000000432133675,0.18549999594688416,0.13809999823570251,0.005900000222027302,0.28940001130104065,0.044199999421834946,0.24220000207424164,0.0006000000284984708,0.45719999074935913,0.01850000023841858,0.22630000114440918,0.8349999785423279
DRG2|P55039,Cytoplasm|Nucleus,Nuclear localization signal,Soluble,0.5665000081062317,0.595300018787384,0.010499999858438969,0.11509999632835388,0.11959999799728394,0.0052999998442828655,0.3666999936103821,0.19920000433921814,0.3935999870300293,0.0007999999797903001,0.6031000018119812,0.01899999938905239,0.3686999976634979,0.817300021648407
DROSHA|Q9NRR4,Nucleus,Nuclear localization signal,Soluble,0.44830000400543213,0.895799994468689,0.012500000186264515,0.05009999871253967,0.10750000178813934,0.0034000000450760126,0.07500000298023224,0.049300000071525574,0.01679999940097332,0.0031999999191612005,0.4700999855995178,0.1160999983549118,0.14190000295639038,0.7312999963760376
DSG1|Q02413,Cell membrane,Signal peptide|Transmembrane domain,Transmembrane,0.27309998869895935,0.11959999799728394,0.07660000026226044,0.7915999889373779,0.022199999541044235,0.007400000002235174,0.31700000166893005,0.3750999867916107,0.32260000705718994,0.03359999880194664,0.10540000349283218,0.9775999784469604,0.41179999709129333,0.13989999890327454
DSP|P15924,Cytoplasm,Nuclear localization signal|Nuclear export signal,Peripheral|Soluble,0.774399995803833,0.4546999931335449,0.029400000348687172,0.24940000474452972,0.06449999660253525,0.014100000262260437,0.12189999967813492,0.17810000479221344,0.2061000019311905,0.0024999999441206455,0.6509000062942505,0.030500000342726707,0.0892999991774559,0.8269000053405762
DST|Q03001,Cytoplasm,Nuclear localization signal|Nuclear export signal,Peripheral|Soluble,0.766700029373169,0.3637000024318695,0.07999999821186066,0.42910000681877136,0.12389999628067017,0.020999999716877937,0.1168999969959259,0.07999999821186066,0.27379998564720154,0.007199999876320362,0.7692999839782715,0.03759999945759773,0.290800005197525,0.6955999732017517
DUS1L|Q6P1R4,Nucleus,Nuclear localization signal,Soluble,0.45669999718666077,0.7016000151634216,0.12720000743865967,0.0997999981045723,0.3310999870300293,0.0006000000284984708,0.16689999401569366,0.05570000037550926,0.060499999672174454,0.002300000051036477,0.5975000262260437,0.04729999974370003,0.2378000020980835,0.822700023651123
DUS2|Q9NX74,Nucleus,Nuclear localization signal,Soluble,0.336899995803833,0.8460999727249146,0.13699999451637268,0.02199999988079071,0.18539999425411224,0.00019999999494757503,0.28060001134872437,0.0471000000834465,0.04270000010728836,0.004000000189989805,0.5655999779701233,0.11100000143051147,0.29280000925064087,0.7357000112533569
DUS3L|Q96G46,Cytoplasm|Nucleus,Nuclear localization signal,Soluble,0.4788999855518341,0.7803000211715698,0.1860000044107437,0.049300000071525574,0.3154999911785126,0.00039999998989515007,0.1168999969959259,0.023900000378489494,0.09239999949932098,0.000699999975040555,0.6136000156402588,0.05889999866485596,0.2935999929904938,0.7771000266075134
DUSP11|O75319,Cytoplasm|Nucleus,Nuclear localization signal,Soluble,0.7792999744415283,0.656000018119812,0.046799998730421066,0.22579999268054962,0.42329999804496765,0.0032999999821186066,0.20280000567436218,0.08820000290870667,0.044199999421834946,0.0038999998942017555,0.4189000129699707,0.05719999969005585,0.11819999665021896,0.8125
DXO|O77932,Nucleus,Nuclear localization signal,Soluble,0.34290000796318054,0.8051000237464905,0.14190000295639038,0.04809999838471413,0.27309998869895935,0.003599999938160181,0.08320000022649765,0.06120000034570694,0.06780000030994415,0.000699999975040555,0.5313000082969666,0.06289999932050705,0.09759999811649323,0.7822999954223633
DYNC1H1|Q14204,Cytoplasm,,Peripheral|Soluble,0.531499981880188,0.2029999941587448,0.1615999937057495,0.30219998955726624,0.13349999487400055,0.016899999231100082,0.22190000116825104,0.1688999980688095,0.1527000069618225,0.028999999165534973,0.6337000131607056,0.1590999960899353,0.10540000349283218,0.6730999946594238
DYNC1I2|Q13409,Cytoplasm,Nuclear export signal,Peripheral|Soluble,0.7002000212669373,0.35370001196861267,0.08429999649524689,0.06859999895095825,0.02810000069439411,0.004100000020116568,0.1256999969482422,0.2281000018119812,0.3133000135421753,0.005400000140070915,0.7113000154495239,0.030400000512599945,0.20319999754428864,0.7465999722480774
DYNC1LI1|Q9Y6G9,Cytoplasm|Lysosome/Vacuole,Nuclear export signal,Peripheral|Soluble,0.744700014591217,0.3783999979496002,0.02459999918937683,0.0851999968290329,0.10540000349283218,0.006200000178068876,0.20149999856948853,0.5777000188827515,0.5497999787330627,0.0032999999821186066,0.723800003528595,0.049300000071525574,0.12399999797344208,0.7088000178337097
DZIP3|Q86Y13,Cytoplasm,Nuclear export signal,Soluble,0.6032999753952026,0.41600000858306885,0.02979999966919422,0.16609999537467957,0.195700004696846,0.005100000184029341,0.3517000079154968,0.5436999797821045,0.4171000123023987,0.007300000172108412,0.5070000290870667,0.09799999743700027,0.16740000247955322,0.7836999893188477
EARS2|Q5JPH6,Mitochondrion,Mitochondrial transit peptide,Soluble,0.1378999948501587,0.1265999972820282,0.07670000195503235,0.10520000010728836,0.9312000274658203,0.0027000000700354576,0.15109999477863312,0.11330000311136246,0.11959999799728394,0.05040000006556511,0.5899999737739563,0.1834000051021576,0.1096000000834465,0.6550999879837036
EBNA1BP2|Q99848,Nucleus,Nuclear localization signal,Soluble,0.2206999957561493,0.8715999722480774,0.012900000438094139,0.010700000450015068,0.041999999433755875,0.0034000000450760126,0.0471000000834465,0.005200000014156103,0.009700000286102295,0.0015999999595806003,0.23070000112056732,0.041099999099969864,0.10029999911785126,0.9144999980926514
EDC3|Q96F86,Cytoplasm,Nuclear localization signal|Nuclear export signal,Peripheral|Soluble,0.8680999875068665,0.3199999928474426,0.017999999225139618,0.16290000081062317,0.23649999499320984,0.0142000000923872,0.06469999998807907,0.29580000042915344,0.6168000102043152,0.0013000000035390258,0.6335999965667725,0.027899999171495438,0.17389999330043793,0.7875000238418579
EDC4|Q6P2E9,Cytoplasm|Nucleus,Nuclear export signal,Peripheral|Soluble,0.6771000027656555,0.5573999881744385,0.030400000512599945,0.13420000672340393,0.03480000048875809,0.0017000000225380063,0.27459999918937683,0.17790000140666962,0.2402999997138977,0.007600000128149986,0.6366000175476074,0.0917000025510788,0.1826000064611435,0.7681000232696533
EDF1|O60869,Nucleus,Nuclear localization signal,Soluble,0.1834000051021576,0.5566999912261963,0.0066999997943639755,0.12710000574588776,0.25929999351501465,0.00039999998989515007,0.10920000076293945,0.030500000342726707,0.10949999839067459,0.004100000020116568,0.29840001463890076,0.037300001829862595,0.05660000070929527,0.8349999785423279
EED|O75530,Nucleus,Nuclear localization signal,Soluble,0.3043999969959259,0.8931999802589417,0.04749999940395355,0.048500001430511475,0.05950000137090683,0.000699999975040555,0.06270000338554382,0.03150000050663948,0.044599998742341995,0.00039999998989515007,0.4634000062942505,0.11129999905824661,0.07280000299215317,0.7038999795913696
EEF1A1|P68104,Cytoplasm,Nuclear localization signal,Soluble,0.7480000257492065,0.46779999136924744,0.05299999937415123,0.29840001463890076,0.19869999587535858,0.00839999970048666,0.33550000190734863,0.03579999879002571,0.24480000138282776,0.06390000134706497,0.5638999938964844,0.016300000250339508,0.49129998683929443,0.8136000037193298
EEF1A1P5|Q5VTE0,Cytoplasm,Nuclear localization signal,Soluble,0.7484999895095825,0.46869999170303345,0.052299998700618744,0.2978000044822693,0.19830000400543213,0.008100000210106373,0.3386000096797943,0.03799999877810478,0.24459999799728394,0.06350000202655792,0.5647000074386597,0.016599999740719795,0.4991999864578247,0.8131999969482422
EEF1A2|Q05639,Cytoplasm|Nucleus,Nuclear localization signal,Soluble,0.6958000063896179,0.5604000091552734,0.06840000301599503,0.23649999499320984,0.147599995136261,0.005400000140070915,0.4228000044822693,0.03400000184774399,0.24250000715255737,0.07419999688863754,0.5630999803543091,0.020099999383091927,0.5311999917030334,0.8075000047683716
EEF1B2|P24534,Cytoplasm,Nuclear localization signal|Nuclear export signal,Soluble,0.6898000240325928,0.35269999504089355,0.06440000236034393,0.17319999635219574,0.1889999955892563,0.019899999722838402,0.186599999666214,0.266400009393692,0.30390000343322754,0.010700000450015068,0.42480000853538513,0.010700000450015068,0.4244000017642975,0.8686000108718872
EEF1D|P29692,Cytoplasm,Nuclear export signal,Soluble,0.7271000146865845,0.34290000796318054,0.07320000231266022,0.19200000166893005,0.2134999930858612,0.005799999926239252,0.17749999463558197,0.35089999437332153,0.4413999915122986,0.004699999932199717,0.5620999932289124,0.025699999183416367,0.3894999921321869,0.808899998664856
EEF1E1|O43324,Cytoplasm,,Soluble,0.7350999712944031,0.4562999904155731,0.034299999475479126,0.19449999928474426,0.2451999932527542,0.0017999999690800905,0.13750000298023224,0.3837999999523163,0.40959998965263367,0.15379999577999115,0.5619000196456909,0.05009999871253967,0.30959999561309814,0.7699999809265137
EEF1G|P26641,Cytoplasm,Nuclear localization signal,Soluble,0.6601999998092651,0.35589998960494995,0.022299999371170998,0.3677000105381012,0.05530000105500221,0.005400000140070915,0.11630000174045563,0.10660000145435333,0.15559999644756317,0.012299999594688416,0.5590999722480774,0.053700000047683716,0.19580000638961792,0.7633000016212463
EEF2|P13639,Cytoplasm,Nuclear localization signal,Soluble,0.753000020980835,0.5081999897956848,0.010400000028312206,0.06689999997615814,0.18529999256134033,0.005499999970197678,0.17430000007152557,0.043699998408555984,0.17110000550746918,0.16859999299049377,0.5285999774932861,0.03400000184774399,0.22750000655651093,0.7699000239372253
EEFSEC|P57772,Cytoplasm|Nucleus,Nuclear localization signal,Soluble,0.741100013256073,0.6888999938964844,0.016300000250339508,0.07890000194311142,0.31529998779296875,0.006899999920278788,0.17069999873638153,0.039500001817941666,0.163100004196167,0.0012000000569969416,0.5241000056266785,0.05719999969005585,0.1688999980688095,0.8134999871253967
EFL1|Q7Z2Z2,Cytoplasm,Nuclear localization signal|Nuclear export signal,Soluble,0.7245000004768372,0.4805000126361847,0.007600000128149986,0.1509999930858612,0.18279999494552612,0.00279999990016222,0.11010000109672546,0.09600000083446503,0.34769999980926514,0.011300000362098217,0.5975000262260437,0.054099999368190765,0.2865000069141388,0.7660999894142151
EFTUD2|Q15029,Cytoplasm|Nucleus,Nuclear export signal,Soluble,0.6718000173568726,0.5695000290870667,0.005499999970197678,0.11940000206232071,0.2705000042915344,0.014499999582767487,0.11810000240802765,0.19009999930858612,0.20419999957084656,0.010200000368058681,0.5710999965667725,0.04490000009536743,0.12229999899864197,0.7426999807357788
EIF1|P41567,Cytoplasm,Nuclear localization signal,Soluble,0.7839000225067139,0.44909998774528503,0.08160000294446945,0.11029999703168869,0.4032000005245209,0.00989999994635582,0.12380000203847885,0.2676999866962433,0.2087000012397766,0.010900000110268593,0.6184999942779541,0.02459999918937683,0.4212999939918518,0.7251999974250793
EIF1AD|Q8N9N8,Cytoplasm|Nucleus,Nuclear localization signal,Soluble,0.5848000049591064,0.8596000075340271,0.03480000048875809,0.014299999922513962,0.218299999833107,0.0017999999690800905,0.05040000006556511,0.03660000115633011,0.00989999994635582,0.015599999576807022,0.27970001101493835,0.053700000047683716,0.0706000030040741,0.8382999897003174
EIF1AX|P47813,Cytoplasm|Nucleus,Nuclear localization signal,Soluble,0.6116999983787537,0.7366999983787537,0.020600000396370888,0.02879999950528145,0.14239999651908875,0.00139999995008111,0.0877000018954277,0.027899999171495438,0.025200000032782555,0.005499999970197678,0.3711000084877014,0.024900000542402267,0.16099999845027924,0.8446000218391418
EIF1AY|O14602,Cytoplasm|Nucleus,Nuclear localization signal,Soluble,0.612500011920929,0.7372000217437744,0.020099999383091927,0.02850000001490116,0.14219999313354492,0.0013000000035390258,0.08950000256299973,0.027899999171495438,0.024800000712275505,0.005100000184029341,0.36559998989105225,0.024900000542402267,0.15569999814033508,0.8453999757766724
EIF1B|O60739,Cytoplasm,Nuclear localization signal|Nuclear export signal,Peripheral|Soluble,0.7967000007629395,0.43140000104904175,0.0575999990105629,0.11259999871253967,0.3871000111103058,0.00930000003427267,0.16539999842643738,0.26499998569488525,0.2459000051021576,0.007899999618530273,0.6215999722480774,0.021299999207258224,0.4553999900817871,0.7379000186920166
EIF2A|Q9BY44,Cytoplasm,Nuclear localization signal,Soluble,0.41670000553131104,0.33309999108314514,0.02930000051856041,0.2395000010728836,0.056699998676776886,0.00039999998989515007,0.2443999946117401,0.0640999972820282,0.12160000205039978,0.01810000091791153,0.5625,0.015599999576807022,0.0794999971985817,0.842199981212616
EIF2AK2|P19525,Cytoplasm,Nuclear localization signal,Soluble,0.6348999738693237,0.5026999711990356,0.09730000048875809,0.17890000343322754,0.07270000129938126,0.0007999999797903001,0.21469999849796295,0.051500000059604645,0.08139999955892563,0.004900000058114529,0.41179999709129333,0.08110000193119049,0.18389999866485596,0.7926999926567078
EIF2AK4|Q9P2K8,Cytoplasm,Nuclear localization signal|Nuclear export signal,Soluble,0.6539000272750854,0.49900001287460327,0.1088000014424324,0.21870000660419464,0.23309999704360962,0.015300000086426735,0.21690000593662262,0.11110000312328339,0.21400000154972076,0.0035000001080334187,0.49480000138282776,0.10480000078678131,0.25529998540878296,0.7739999890327454
EIF2B1|Q14232,Cytoplasm|Nucleus,Nuclear localization signal|Nuclear export signal,Soluble,0.7049000263214111,0.5512999892234802,0.08969999849796295,0.15139999985694885,0.12939999997615814,0.027400000020861626,0.13349999487400055,0.08349999785423279,0.0632999986410141,0.0003000000142492354,0.48590001463890076,0.08410000056028366,0.18619999289512634,0.7297000288963318
EIF2B2|P49770,Cytoplasm|Nucleus,Nuclear export signal,Soluble,0.8325999975204468,0.5719000101089478,0.050999999046325684,0.1354999989271164,0.04639999940991402,0.023399999365210533,0.16410000622272491,0.19140000641345978,0.04529999941587448,0.00139999995008111,0.5979999899864197,0.09120000153779984,0.243599995970726,0.6570000052452087
EIF2B4|Q9UI10,Cytoplasm|Nucleus,Nuclear localization signal,Soluble,0.671500027179718,0.6139000058174133,0.09000000357627869,0.11729999631643295,0.10019999742507935,0.008500000461935997,0.19259999692440033,0.11089999973773956,0.1965000033378601,0.0017999999690800905,0.4767000079154968,0.060499999672174454,0.2930999994277954,0.8104000091552734
EIF2B5|Q13144,Cytoplasm|Nucleus,Nuclear localization signal,Soluble,0.6003999710083008,0.646399974822998,0.045099999755620956,0.08649999648332596,0.13019999861717224,0.0008999999845400453,0.1266999989748001,0.1143999993801117,0.20309999585151672,0.0006000000284984708,0.3833000063896179,0.08219999819993973,0.19380000233650208,0.8295000195503235
EIF2D|P41214,Cytoplasm|Nucleus,Nuclear localization signal,Soluble,0.7548999786376953,0.5343999862670898,0.14569999277591705,0.04839999973773956,0.3091000020503998,0.001500000013038516,0.3012000024318695,0.07249999791383743,0.2930000126361847,0.00419999985024333,0.4697999954223633,0.07509999722242355,0.40939998626708984,0.7860999703407288
EIF2S1|P05198,Cytoplasm|Nucleus,Nuclear localization signal,Soluble,0.5849999785423279,0.6553000211715698,0.026900000870227814,0.032600000500679016,0.15189999341964722,0.00279999990016222,0.1881999969482422,0.04809999838471413,0.06880000233650208,0.017400000244379044,0.36739999055862427,0.025800000876188278,0.1598999947309494,0.8478000164031982
EIF2S2|P20042,Cytoplasm|Nucleus,Nuclear localization signal,Soluble,0.6516000032424927,0.6222000122070312,0.023000000044703484,0.11460000276565552,0.05719999969005585,0.014499999582767487,0.08349999785423279,0.1265999972820282,0.40459999442100525,0.0010999999940395355,0.5293999910354614,0.0215000007301569,0.21719999611377716,0.8325999975204468
EIF2S3|P41091,Cytoplasm|Nucleus,Nuclear export signal,Soluble,0.5823000073432922,0.5512999892234802,0.004999999888241291,0.10890000313520432,0.18700000643730164,0.013000000268220901,0.28060001134872437,0.08089999854564667,0.23659999668598175,0.0066999997943639755,0.4970000088214874,0.05570000037550926,0.22310000658035278,0.800000011920929
EIF2S3B|Q2VIR3,Cytoplasm|Nucleus,Nuclear export signal,Soluble,0.5859000086784363,0.5516999959945679,0.005100000184029341,0.10859999805688858,0.17749999463558197,0.012799999676644802,0.2705000042915344,0.07699999958276749,0.2215999960899353,0.006399999838322401,0.48910000920295715,0.054999999701976776,0.21240000426769257,0.804099977016449
EIF3A|Q14152,Nucleus,Nuclear localization signal,Peripheral|Soluble,0.4027000069618225,0.7425000071525574,0.027799999341368675,0.09080000221729279,0.05959999933838844,0.050599999725818634,0.03779999911785126,0.05660000070929527,0.06109999865293503,0.0017000000225380063,0.6553999781608582,0.028999999165534973,0.18569999933242798,0.784600019454956
EIF3B|P55884,Cytoplasm|Nucleus,Nuclear localization signal,Soluble,0.6082000136375427,0.6001999974250793,0.038600001484155655,0.09880000352859497,0.047600001096725464,0.0005000000237487257,0.25130000710487366,0.06939999759197235,0.21709999442100525,0.0024999999441206455,0.49709999561309814,0.04450000077486038,0.1559000015258789,0.8436999917030334
EIF3C|Q99613,Nucleus,Nuclear localization signal,Soluble,0.4519999921321869,0.7506999969482422,0.03400000184774399,0.06920000165700912,0.03150000050663948,0.0035000001080334187,0.08259999752044678,0.19249999523162842,0.14350000023841858,0.0008999999845400453,0.5295000076293945,0.04050000011920929,0.20550000667572021,0.8047999739646912
EIF3CL|B5ME19,Nucleus,Nuclear localization signal,Soluble,0.45840001106262207,0.7493000030517578,0.03530000150203705,0.07079999893903732,0.03139999881386757,0.0035000001080334187,0.08219999819993973,0.1923000067472458,0.1428000032901764,0.0007999999797903001,0.5311999917030334,0.0406000018119812,0.20679999887943268,0.8044999837875366
EIF3D|O15371,Cytoplasm,Nuclear localization signal,Soluble,0.5299999713897705,0.498199999332428,0.040699999779462814,0.056299999356269836,0.08299999684095383,0.07819999754428864,0.11710000038146973,0.037300001829862595,0.1324000060558319,0.00019999999494757503,0.5216000080108643,0.02710000053048134,0.07580000162124634,0.809499979019165
EIF3E|P60228,Cytoplasm,Nuclear export signal,Soluble,0.7448999881744385,0.5020999908447266,0.05220000073313713,0.10760000348091125,0.08340000361204147,0.004699999932199717,0.1704999953508377,0.43070000410079956,0.390500009059906,0.000699999975040555,0.5710999965667725,0.03660000115633011,0.0681999996304512,0.7631000280380249
EIF3F|O00303,Cytoplasm,Nuclear export signal,Peripheral|Soluble,0.8105000257492065,0.259799987077713,0.005499999970197678,0.023499999195337296,0.07660000026226044,0.15230000019073486,0.3790999948978424,0.2337999939918518,0.23420000076293945,0.03009999915957451,0.7404999732971191,0.0723000019788742,0.13410000503063202,0.6000000238418579
EIF3G|O75821,Cytoplasm|Nucleus,Nuclear localization signal|Nuclear export signal,Soluble,0.483599990606308,0.713699996471405,0.03350000083446503,0.04580000042915344,0.06289999932050705,0.003700000001117587,0.13030000030994415,0.06430000066757202,0.09440000355243683,0.0003000000142492354,0.49160000681877136,0.0348999984562397,0.1396999955177307,0.8256000280380249
EIF3H|O15372,Cytoplasm|Nucleus,Nuclear localization signal|Nuclear export signal,Peripheral|Soluble,0.8306000232696533,0.5296000242233276,0.00559999980032444,0.155799999833107,0.15469999611377716,0.007499999832361937,0.20520000159740448,0.2797999978065491,0.05770000070333481,0.0007999999797903001,0.6845999956130981,0.037700001150369644,0.06620000302791595,0.732200026512146
EIF3I|Q13347,Cytoplasm|Nucleus,,Soluble,0.5199000239372253,0.6664000153541565,0.045899998396635056,0.11169999837875366,0.047200001776218414,0.002099999925121665,0.18799999356269836,0.20520000159740448,0.12839999794960022,0.02500000037252903,0.5806000232696533,0.03799999877810478,0.04670000076293945,0.7551000118255615
EIF3J|O75822,Cytoplasm|Nucleus,Nuclear export signal,Soluble,0.5335000157356262,0.7433000206947327,0.002300000051036477,0.06650000065565109,0.0502999983727932,0.0017999999690800905,0.14869999885559082,0.28110000491142273,0.351500004529953,0.0006000000284984708,0.41370001435279846,0.04650000110268593,0.1404999941587448,0.8180000185966492
EIF3K|Q9UBQ5,Cytoplasm|Nucleus,Nuclear localization signal|Nuclear export signal,Soluble,0.7311000227928162,0.7382000088691711,0.02850000001490116,0.12540000677108765,0.01979999989271164,0.019700000062584877,0.061500001698732376,0.20180000364780426,0.09070000052452087,0.005499999970197678,0.5916000008583069,0.026900000870227814,0.15230000019073486,0.8090999722480774
EIF3L|Q9Y262,Cytoplasm|Nucleus,Nuclear export signal,Peripheral|Soluble,0.5577999949455261,0.6757000088691711,0.047200001776218414,0.10890000313520432,0.07119999825954437,0.0008999999845400453,0.2143000066280365,0.28610000014305115,0.24950000643730164,0.0008999999845400453,0.6323999762535095,0.060600001364946365,0.07289999723434448,0.7196000218391418
EIF3M|Q7L2H7,Cytoplasm|Nucleus,Nuclear export signal,Soluble,0.5656999945640564,0.5558000206947327,0.08739999681711197,0.10339999943971634,0.04800000041723251,0.00279999990016222,0.07190000265836716,0.39309999346733093,0.4952999949455261,0.0010000000474974513,0.504800021648407,0.033399999141693115,0.17489999532699585,0.805400013923645
EIF4A1|P60842,Cytoplasm|Nucleus,Nuclear export signal,Soluble,0.5866000056266785,0.7006999850273132,0.033799998462200165,0.21320000290870667,0.094200000166893,0.0017999999690800905,0.18219999969005585,0.147599995136261,0.1143999993801117,0.033799998462200165,0.5335000157356262,0.04340000078082085,0.24269999563694,0.7423999905586243
EIF4A2|Q14240,Cytoplasm|Nucleus,Nuclear export signal,Soluble,0.6291999816894531,0.676800012588501,0.030899999663233757,0.21799999475479126,0.07909999787807465,0.0012000000569969416,0.19210000336170197,0.12269999831914902,0.09640000015497208,0.01940000057220459,0.4876999855041504,0.04149999842047691,0.18880000710487366,0.7551000118255615
EIF4A3|P38919,Nucleus,Nuclear localization signal,Soluble,0.275299996137619,0.866100013256073,0.07249999791383743,0.055399999022483826,0.08820000290870667,0.0012000000569969416,0.07660000026226044,0.05820000171661377,0.03240000084042549,0.015799999237060547,0.5300999879837036,0.03680000081658363,0.19939999282360077,0.7584999799728394
EIF4B|P23588,Cytoplasm,Nuclear export signal,Soluble,0.654699981212616,0.46380001306533813,0.021199999377131462,0.19020000100135803,0.08760000020265579,0.01119999960064888,0.16660000383853912,0.18389999866485596,0.16359999775886536,0.0015999999595806003,0.5131000280380249,0.035999998450279236,0.3271999955177307,0.8241999745368958
EIF4E|P06730,Cytoplasm,Nuclear localization signal,Soluble,0.8030999898910522,0.30649998784065247,0.04969999939203262,0.11509999632835388,0.0997999981045723,0.005200000014156103,0.14180000126361847,0.0957999974489212,0.19529999792575836,0.002099999925121665,0.6123999953269958,0.03929999843239784,0.39309999346733093,0.7199000120162964
EIF4E1B|A6NMX2,Cytoplasm,,Peripheral|Soluble,0.7777000069618225,0.2547000050544739,0.08479999750852585,0.14169999957084656,0.07010000199079514,0.012000000104308128,0.11020000278949738,0.12630000710487366,0.14749999344348907,0.003800000064074993,0.6294000148773193,0.04309999942779541,0.30160000920295715,0.728600025177002
EIF4E2|O60573,Cytoplasm,,Soluble,0.5845999717712402,0.21299999952316284,0.05909999832510948,0.09380000084638596,0.18459999561309814,0.012299999594688416,0.07890000194311142,0.04149999842047691,0.11990000307559967,0.011900000274181366,0.5667999982833862,0.0364999994635582,0.22529999911785126,0.7179999947547913
EIF4E3|Q8N5X7,Cytoplasm,,Soluble,0.7638999819755554,0.4065999984741211,0.06790000200271606,0.1005999967455864,0.11999999731779099,0.009800000116229057,0.10899999737739563,0.09160000085830688,0.1777999997138977,0.00839999970048666,0.6069999933242798,0.04050000011920929,0.16619999706745148,0.7634999752044678
EIF4ENIF1|Q9NRA8,Cytoplasm|Nucleus,Nuclear localization signal,Soluble,0.7728000283241272,0.6363999843597412,0.01590000092983246,0.07460000365972519,0.05510000139474869,0.002099999925121665,0.07840000092983246,0.0737999975681305,0.10570000112056732,0.0026000000070780516,0.5270000100135803,0.05770000070333481,0.15760000050067902,0.84170001745224
EIF4G1|Q04637,Cytoplasm,Nuclear localization signal,Soluble,0.7472000122070312,0.48809999227523804,0.14920000731945038,0.1347000002861023,0.05260000005364418,0.0008999999845400453,0.16940000653266907,0.09939999878406525,0.18970000743865967,0.0008999999845400453,0.5008999705314636,0.08290000259876251,0.20749999582767487,0.7928000092506409
EIF4G2|P78344,Cytoplasm,Nuclear export signal,Soluble,0.8076000213623047,0.49459999799728394,0.031099999323487282,0.2410999983549118,0.03350000083446503,0.000699999975040555,0.15719999372959137,0.1526000052690506,0.156700000166893,0.0017000000225380063,0.5728999972343445,0.05389999970793724,0.31290000677108765,0.7746999859809875
EIF4G3|O43432,Cytoplasm,Nuclear localization signal|Nuclear export signal,Soluble,0.77920001745224,0.4478999972343445,0.06319999694824219,0.09969999641180038,0.051100000739097595,0.003000000026077032,0.21230000257492065,0.08919999748468399,0.32269999384880066,0.002099999925121665,0.48989999294281006,0.0608999989926815,0.17030000686645508,0.7926999926567078
EIF4H|Q15056,Cytoplasm|Nucleus,Nuclear localization signal,Soluble,0.6757000088691711,0.6381999850273132,0.04230000078678131,0.04529999941587448,0.10890000313520432,0.009499999694526196,0.12290000170469284,0.02889999933540821,0.014600000344216824,0.0013000000035390258,0.38040000200271606,0.033399999141693115,0.06300000101327896,0.8464000225067139
EIF5|P55010,Cytoplasm|Nucleus,Nuclear localization signal|Nuclear export signal,Soluble,0.7218000292778015,0.7427999973297119,0.03959999978542328,0.03099999949336052,0.05979999899864197,0.0020000000949949026,0.1071000024676323,0.17669999599456787,0.23469999432563782,0.0006000000284984708,0.45680001378059387,0.02810000069439411,0.24220000207424164,0.8133000135421753
EIF5A|P63241,Cytoplasm,,Soluble,0.7254999876022339,0.4569000005722046,0.07159999758005142,0.10530000180006027,0.19990000128746033,0.03669999912381172,0.033399999141693115,0.04769999906420708,0.012299999594688416,0.0034000000450760126,0.5065000057220459,0.01269999984651804,0.3043999969959259,0.8483999967575073
EIF5A2|Q9GZV4,Cytoplasm,,Soluble,0.7002000212669373,0.49729999899864197,0.06970000267028809,0.060499999672174454,0.19830000400543213,0.03099999949336052,0.06629999727010727,0.06379999965429306,0.02160000056028366,0.002300000051036477,0.4562999904155731,0.010900000110268593,0.24410000443458557,0.8608999848365784
EIF5AL1|Q6IS14,Cytoplasm,,Soluble,0.7376999855041504,0.450300008058548,0.07020000368356705,0.11330000311136246,0.17900000512599945,0.030700000002980232,0.034299999475479126,0.04960000142455101,0.01600000075995922,0.002899999963119626,0.490200012922287,0.013899999670684338,0.305400013923645,0.8490999937057495
EIF5B|O60841,Cytoplasm,Nuclear localization signal,Soluble,0.7123000025749207,0.4763999879360199,0.04960000142455101,0.12630000710487366,0.041999999433755875,0.01140000019222498,0.17010000348091125,0.054099999368190765,0.1664000004529953,0.0006000000284984708,0.569599986076355,0.023499999195337296,0.3142000138759613,0.8242999911308289
EIF6|P56537,Cytoplasm,,Soluble,0.6833000183105469,0.16840000450611115,0.11580000072717667,0.2597000002861023,0.2492000013589859,0.004600000102072954,0.10429999977350235,0.527400016784668,0.2689000070095062,0.0032999999821186066,0.4846000075340271,0.06260000169277191,0.16040000319480896,0.7170000076293945
ELAC1|Q9H777,Cytoplasm|Nucleus,Nuclear localization signal,Soluble,0.678600013256073,0.6312999725341797,0.02329999953508377,0.07249999791383743,0.23270000517368317,0.011300000362098217,0.164000004529953,0.17579999566078186,0.289000004529953,0.0024999999441206455,0.45579999685287476,0.061000000685453415,0.08900000154972076,0.7696999907493591
ELAC2|Q9BQ52,Nucleus,Nuclear localization signal,Soluble,0.37630000710487366,0.8126000165939331,0.09369999915361404,0.0843999981880188,0.426800012588501,0.0010000000474974513,0.15530000627040863,0.07940000295639038,0.08049999922513962,0.00419999985024333,0.5304999947547913,0.13169999420642853,0.21619999408721924,0.7296000123023987
ELAVL1|Q15717,Cytoplasm|Nucleus,Nuclear localization signal,Soluble,0.6739000082015991,0.7254999876022339,0.08560000360012054,0.03280000016093254,0.039000000804662704,0.0010000000474974513,0.0714000016450882,0.0340999998152256,0.01360000018030405,0.002899999963119626,0.4097000062465668,0.054099999368190765,0.08510000258684158,0.7803999781608582
ELAVL2|Q12926,Cytoplasm|Nucleus,Nuclear localization signal,Soluble,0.546500027179718,0.7506999969482422,0.042500000447034836,0.053199999034404755,0.03229999914765358,0.0012000000569969416,0.03779999911785126,0.023399999365210533,0.00800000037997961,0.0008999999845400453,0.49059998989105225,0.05090000107884407,0.16910000145435333,0.7623000144958496
ELAVL3|Q14576,Cytoplasm|Nucleus,Nuclear localization signal,Soluble,0.5425999760627747,0.7269999980926514,0.04340000078082085,0.03590000048279762,0.04259999841451645,0.0010000000474974513,0.04859999939799309,0.03020000085234642,0.008700000122189522,0.0015999999595806003,0.5648000240325928,0.06729999929666519,0.18719999492168427,0.7314000129699707
ELAVL4|P26378,Cytoplasm|Nucleus,Nuclear localization signal,Soluble,0.5884000062942505,0.760200023651123,0.04839999973773956,0.04039999842643738,0.05090000107884407,0.002099999925121665,0.04619999974966049,0.0364999994635582,0.009600000455975533,0.0031999999191612005,0.48649999499320984,0.08429999649524689,0.18459999561309814,0.7218000292778015
ELOA|Q14241,Nucleus,Nuclear localization signal,Soluble,0.4318000078201294,0.9180999994277954,0.011500000022351742,0.02800000086426735,0.04399999976158142,0.00039999998989515007,0.034299999475479126,0.02419999986886978,0.008799999952316284,0.00139999995008111,0.48559999465942383,0.041099999099969864,0.14229999482631683,0.8413000106811523
ELP2|Q6IA86,Cytoplasm|Nucleus,Nuclear export signal,Soluble,0.5843999981880188,0.6521000266075134,0.00559999980032444,0.2272000014781952,0.06310000270605087,0.0020000000949949026,0.33709999918937683,0.2590999901294708,0.09600000083446503,0.028300000354647636,0.5023000240325928,0.11969999969005585,0.14319999516010284,0.7350000143051147
EMG1|Q92979,Nucleus,Nuclear localization signal,Soluble,0.18700000643730164,0.9010999798774719,0.03269999846816063,0.026100000366568565,0.18870000541210175,0.0032999999821186066,0.09570000320672989,0.039900001138448715,0.03449999913573265,0.0044999998062849045,0.4729999899864197,0.04650000110268593,0.2944999933242798,0.8007000088691711
EML2|O95834,Cytoplasm,,Soluble,0.703000009059906,0.5103999972343445,0.04470000043511391,0.1574999988079071,0.08619999885559082,0.0024999999441206455,0.19670000672340393,0.33399999141693115,0.1136000007390976,0.010700000450015068,0.5515999794006348,0.07689999788999557,0.20149999856948853,0.7479000091552734
EML4|Q9HC35,Cytoplasm|Nucleus,Nuclear localization signal,Soluble,0.49230000376701355,0.6607000231742859,0.046799998730421066,0.17659999430179596,0.04439999908208847,0.0010000000474974513,0.09830000251531601,0.20909999310970306,0.07100000232458115,0.0044999998062849045,0.5389000177383423,0.09139999747276306,0.15780000388622284,0.7293999791145325
ENO1|P06733,Cytoplasm,,Soluble,0.8309000134468079,0.21860000491142273,0.3564999997615814,0.2653999924659729,0.31619998812675476,0.015300000086426735,0.03280000016093254,0.09669999778270721,0.02280000038444996,0.06440000236034393,0.3736000061035156,0.04919999837875366,0.28619998693466187,0.8012999892234802
ENOX1|Q8TC92,Nucleus,Nuclear localization signal,Soluble,0.42309999465942383,0.8601999878883362,0.23970000445842743,0.08669999986886978,0.029999999329447746,0.0017000000225380063,0.05260000005364418,0.03790000081062317,0.030700000002980232,9.999999747378752e-05,0.6157000064849854,0.05220000073313713,0.2513999938964844,0.7595999836921692
ENOX2|Q16206,Cytoplasm|Nucleus,Nuclear localization signal|Nuclear export signal,Peripheral|Soluble,0.6026999950408936,0.7103000283241272,0.12970000505447388,0.09610000252723694,0.06539999693632126,0.008299999870359898,0.10119999945163727,0.08590000122785568,0.09709999710321426,0.0008999999845400453,0.6287000179290771,0.08489999920129776,0.27399998903274536,0.7049999833106995
EP300|Q09472,Nucleus,Nuclear localization signal,Soluble,0.3257000148296356,0.9359999895095825,0.020099999383091927,0.04340000078082085,0.0746999979019165,0.0005000000237487257,0.015799999237060547,0.026200000196695328,0.04309999942779541,0.0007999999797903001,0.5658000111579895,0.03669999912381172,0.07760000228881836,0.8083999752998352
EP400|Q96L91,Nucleus,Nuclear localization signal,Soluble,0.33970001339912415,0.866100013256073,0.03959999978542328,0.031300000846385956,0.04050000011920929,0.003599999938160181,0.07919999957084656,0.007199999876320362,0.03500000014901161,0.0003000000142492354,0.49799999594688416,0.028300000354647636,0.13490000367164612,0.9103000164031982
EPHA1|P21709,Cell membrane,Signal peptide|Transmembrane domain,Transmembrane,0.1898999959230423,0.1370999962091446,0.24070000648498535,0.8156999945640564,0.06279999762773514,0.00139999995008111,0.16979999840259552,0.5471000075340271,0.19840000569820404,0.0142000000923872,0.08810000121593475,0.9886999726295471,0.17560000717639923,0.14419999718666077
EPHA10|Q5JZY3,Cell membrane|Lysosome/Vacuole,Signal peptide|Transmembrane domain,Transmembrane,0.21439999341964722,0.13910000026226044,0.23149999976158142,0.8650000095367432,0.06520000100135803,0.0017999999690800905,0.1762000024318695,0.595300018787384,0.2827000021934509,0.025699999183416367,0.09570000320672989,0.9887999892234802,0.18770000338554382,0.1574999988079071
EPHA2|P29317,Cell membrane|Lysosome/Vacuole,Signal peptide|Transmembrane domain,Transmembrane,0.18940000236034393,0.11460000276565552,0.22429999709129333,0.8184999823570251,0.04780000075697899,0.0026000000070780516,0.1421000063419342,0.6044999957084656,0.20509999990463257,0.03060000017285347,0.07890000194311142,0.9857000112533569,0.1657000035047531,0.1525000035762787
EPHA3|P29320,Cell membrane|Lysosome/Vacuole,Signal peptide|Transmembrane domain,Transmembrane,0.14219999313354492,0.10930000245571136,0.2660999894142151,0.8740000128746033,0.03759999945759773,0.0038999998942017555,0.18629999458789825,0.6010000109672546,0.24369999766349792,0.026599999517202377,0.059700001031160355,0.9907000064849854,0.27559998631477356,0.1347000002861023
EPHA4|P54764,Cell membrane|Lysosome/Vacuole,Signal peptide|Transmembrane domain,Transmembrane,0.14730000495910645,0.10970000177621841,0.2152000069618225,0.88919997215271,0.03700000047683716,0.004900000058114529,0.14309999346733093,0.6302000284194946,0.1964000016450882,0.0632999986410141,0.0843999981880188,0.9890000224113464,0.2768000066280365,0.12099999934434891
EPHA5|P54756,Cell membrane,Signal peptide|Transmembrane domain,Transmembrane,0.15520000457763672,0.1273999959230423,0.24709999561309814,0.8693000078201294,0.048900000751018524,0.003800000064074993,0.20319999754428864,0.5315999984741211,0.27630001306533813,0.04490000009536743,0.06800000369548798,0.9883999824523926,0.21780000627040863,0.15610000491142273
EPHA7|Q15375,Cell membrane|Lysosome/Vacuole,Signal peptide|Transmembrane domain,Transmembrane,0.1590999960899353,0.1071000024676323,0.20509999990463257,0.8669999837875366,0.03779999911785126,0.002899999963119626,0.15620000660419464,0.6269999742507935,0.23029999434947968,0.03610000014305115,0.07530000060796738,0.9883000254631042,0.30469998717308044,0.13269999623298645
EPHA8|P29322,Cell membrane|Lysosome/Vacuole,Signal peptide|Transmembrane domain,Transmembrane,0.15410000085830688,0.11060000211000443,0.1842000037431717,0.8371000289916992,0.0544000007212162,0.0017999999690800905,0.18799999356269836,0.6223999857902527,0.2305999994277954,0.04340000078082085,0.09030000120401382,0.9883999824523926,0.20640000700950623,0.13899999856948853
EPHB1|P54762,Cell membrane|Lysosome/Vacuole,Signal peptide|Transmembrane domain,Transmembrane,0.15330000221729279,0.10170000046491623,0.19900000095367432,0.880299985408783,0.04259999841451645,0.006000000052154064,0.1396999955177307,0.6407999992370605,0.21639999747276306,0.03269999846816063,0.09359999746084213,0.9868999719619751,0.2879999876022339,0.1273999959230423
EPHB2|P29323,Cell membrane|Lysosome/Vacuole,Signal peptide|Transmembrane domain,Transmembrane,0.2264000028371811,0.1469999998807907,0.24240000545978546,0.8091999888420105,0.07270000129938126,0.009100000374019146,0.24089999496936798,0.6527000069618225,0.2953999936580658,0.033799998462200165,0.12870000302791595,0.974399983882904,0.636900007724762,0.16439999639987946
EPHB3|P54753,Cell membrane|Lysosome/Vacuole,Signal peptide|Transmembrane domain,Transmembrane,0.15440000593662262,0.12070000171661377,0.1624000072479248,0.8788999915122986,0.042399998754262924,0.003599999938160181,0.14020000398159027,0.5943999886512756,0.2029000073671341,0.057500001043081284,0.08630000054836273,0.9883000254631042,0.27469998598098755,0.12210000306367874
EPHB4|P54760,Cell membrane|Lysosome/Vacuole,Signal peptide|Transmembrane domain,Transmembrane,0.16169999539852142,0.1143999993801117,0.2020999938249588,0.8845000267028809,0.043800000101327896,0.0019000000320374966,0.13490000367164612,0.6337000131607056,0.19580000638961792,0.048700001090765,0.08139999955892563,0.9879999756813049,0.2337999939918518,0.14710000157356262
EPPK1|P58107,Cytoplasm,Nuclear export signal,Soluble,0.7932000160217285,0.32989999651908875,0.3336000144481659,0.21299999952316284,0.3409999907016754,0.004000000189989805,0.21729999780654907,0.4846000075340271,0.47929999232292175,0.004699999932199717,0.5299000144004822,0.05860000103712082,0.30309998989105225,0.8371000289916992
EPRS1|P07814,Cytoplasm,,Soluble,0.7317000031471252,0.3774999976158142,0.060499999672174454,0.05350000038743019,0.35580000281333923,0.09319999814033508,0.24130000174045563,0.08030000329017639,0.19709999859333038,0.01759999990463257,0.42480000853538513,0.032600000500679016,0.22779999673366547,0.8065000176429749
EPS8|Q12929,Cytoplasm,,Peripheral|Soluble,0.6646999716758728,0.21389999985694885,0.1200999990105629,0.4564000070095062,0.012199999764561653,0.001500000013038516,0.19140000641345978,0.4927000105381012,0.3237999975681305,0.0012000000569969416,0.8069999814033508,0.0348999984562397,0.12999999523162842,0.7095999717712402
EPS8L1|Q8TE68,Cytoplasm,,Peripheral|Soluble,0.6317999958992004,0.18700000643730164,0.19329999387264252,0.4519999921321869,0.026000000536441803,0.0006000000284984708,0.15150000154972076,0.39969998598098755,0.30979999899864197,0.0010999999940395355,0.805899977684021,0.052799999713897705,0.16699999570846558,0.7135000228881836
EPS8L3|Q8TE67,Cytoplasm,,Peripheral|Soluble,0.6636000275611877,0.19629999995231628,0.1168999969959259,0.33880001306533813,0.03319999948143959,0.0012000000569969416,0.24120000004768372,0.45249998569488525,0.3224000036716461,0.004900000058114529,0.7135999798774719,0.08919999748468399,0.21160000562667847,0.6948000192642212
ERAL1|O75616,Mitochondrion,Mitochondrial transit peptide,Peripheral|Soluble,0.17630000412464142,0.17630000412464142,0.03480000048875809,0.0640999972820282,0.9447000026702881,0.010499999858438969,0.11420000344514847,0.05660000070929527,0.10760000348091125,0.0738999992609024,0.6341999769210815,0.21899999678134918,0.11219999939203262,0.6026999950408936
ERCC2|P18074,Cytoplasm|Nucleus,Nuclear export signal,Peripheral|Soluble,0.6201000213623047,0.593500018119812,0.12349999696016312,0.09669999778270721,0.27320000529289246,0.0020000000949949026,0.13490000367164612,0.0560000017285347,0.08699999749660492,0.15539999306201935,0.7146999835968018,0.09510000050067902,0.2312999963760376,0.6588000059127808
ERCC3|P19447,Nucleus,Nuclear localization signal,Soluble,0.3068999946117401,0.9138000011444092,0.08730000257492065,0.03440000116825104,0.055799998342990875,0.0031999999191612005,0.07729999721050262,0.03460000082850456,0.025100000202655792,0.0008999999845400453,0.4339999854564667,0.04569999873638153,0.15719999372959137,0.817799985408783
ERCC6|Q03468,Nucleus,Nuclear localization signal,Soluble,0.21230000257492065,0.9492999911308289,0.03750000149011612,0.028999999165534973,0.03840000182390213,0.018799999728798866,0.038100000470876694,0.017899999395012856,0.02449999935925007,0.0031999999191612005,0.42329999804496765,0.04569999873638153,0.15809999406337738,0.8539000153541565
ERCC6L|Q2NKX8,Nucleus,Nuclear localization signal,Soluble,0.3418000042438507,0.8938000202178955,0.004399999976158142,0.0625,0.06440000236034393,0.012199999764561653,0.03790000081062317,0.06449999660253525,0.05730000138282776,0.016499999910593033,0.5120999813079834,0.07129999995231628,0.05959999933838844,0.7942000031471252
ERCC6L2|Q5T890,Nucleus,Nuclear localization signal|Nuclear export signal,Soluble,0.4287000000476837,0.7821000218391418,0.010700000450015068,0.07900000363588333,0.14090000092983246,0.10490000247955322,0.0812000036239624,0.05559999868273735,0.07090000063180923,0.0494999997317791,0.4431000053882599,0.12860000133514404,0.06800000369548798,0.7861999869346619
ERH|P84090,Cytoplasm|Nucleus,Nuclear localization signal,Soluble,0.6256999969482422,0.5842000246047974,0.1379999965429306,0.0746999979019165,0.24369999766349792,0.0031999999191612005,0.12280000001192093,0.19539999961853027,0.13590000569820404,0.002199999988079071,0.40700000524520874,0.0340999998152256,0.06909999996423721,0.8568999767303467
ERI1|Q8IV48,Cytoplasm,Nuclear localization signal,Soluble,0.6164000034332275,0.4514999985694885,0.11429999768733978,0.21150000393390656,0.16660000383853912,0.004600000102072954,0.05169999971985817,0.09040000289678574,0.06909999996423721,0.017799999564886093,0.4767000079154968,0.07460000365972519,0.07639999687671661,0.8119000196456909
ERI2|A8K979,Nucleus,Nuclear localization signal,Soluble,0.2029999941587448,0.830299973487854,0.015200000256299973,0.052299998700618744,0.1444000005722046,0.006200000178068876,0.03519999980926514,0.016300000250339508,0.01080000028014183,0.05480000004172325,0.4449000060558319,0.06629999727010727,0.16380000114440918,0.8090000152587891
ERI3|O43414,Cytoplasm,,Soluble,0.5266000032424927,0.4496000111103058,0.12639999389648438,0.19529999792575836,0.3817000091075897,0.05339999869465828,0.21819999814033508,0.33500000834465027,0.1973000019788742,0.19370000064373016,0.6080999970436096,0.1363999992609024,0.16859999299049377,0.7139999866485596
ERP29|P30040,Endoplasmic reticulum,Signal peptide,Soluble,0.2639000117778778,0.2531000077724457,0.12200000137090683,0.3034000098705292,0.08699999749660492,0.009999999776482582,0.9309999942779541,0.2955999970436096,0.210999995470047,0.04089999943971634,0.4187000095844269,0.0658000037074089,0.06539999693632126,0.840399980545044
ESF1|Q9H501,Nucleus,Nuclear localization signal,Soluble,0.2759999930858612,0.8378000259399414,0.12129999697208405,0.041600000113248825,0.02979999966919422,0.0019000000320374966,0.06300000101327896,0.011500000022351742,0.051100000739097595,0.0003000000142492354,0.3368000090122223,0.02319999970495701,0.26649999618530273,0.9101999998092651
ESRP1|Q6NXG1,Cytoplasm|Nucleus,Nuclear localization signal,Soluble,0.4837999939918518,0.7361999750137329,0.1598999947309494,0.07419999688863754,0.03620000183582306,0.0003000000142492354,0.08100000023841858,0.020400000736117363,0.014499999582767487,0.00019999999494757503,0.6118000149726868,0.047600001096725464,0.16040000319480896,0.7802000045776367
ESRP2|Q9H6T0,Cytoplasm|Nucleus,Nuclear localization signal,Peripheral|Soluble,0.47540000081062317,0.6371999979019165,0.1136000007390976,0.1315000057220459,0.04780000075697899,0.0006000000284984708,0.13289999961853027,0.03359999880194664,0.018400000408291817,0.00019999999494757503,0.6395999789237976,0.052299998700618744,0.1437000036239624,0.7771999835968018
ETF1|P62495,Cytoplasm|Nucleus,,Soluble,0.6029999852180481,0.6259999871253967,0.016899999231100082,0.046799998730421066,0.17980000376701355,0.01730000041425228,0.04989999905228615,0.05779999867081642,0.05510000139474869,0.02669999934732914,0.4307999908924103,0.04230000078678131,0.16619999706745148,0.8101000189781189
EWSR1|Q01844,Cytoplasm|Nucleus,Nuclear localization signal,Soluble,0.5974000096321106,0.9046000242233276,0.12099999934434891,0.15780000388622284,0.03500000014901161,0.0026000000070780516,0.1014999970793724,0.0333000011742115,0.015599999576807022,0.0,0.5016000270843506,0.030400000512599945,0.23690000176429749,0.8190000057220459
EXD1|Q8NHP7,Cytoplasm|Nucleus,Nuclear export signal,Soluble,0.6284999847412109,0.6747999787330627,0.03060000017285347,0.07419999688863754,0.1665000021457672,0.00839999970048666,0.1265999972820282,0.1088000014424324,0.06689999997615814,0.04610000178217888,0.4722999930381775,0.2003999948501587,0.10220000147819519,0.7282000184059143
EXD2|Q9NVH0,Mitochondrion,Mitochondrial transit peptide,Transmembrane,0.14970000088214874,0.25519999861717224,0.1298000067472458,0.06030000001192093,0.7268000245094299,0.08079999685287476,0.3743000030517578,0.0934000015258789,0.14429999887943268,0.30709999799728394,0.4041999876499176,0.8270000219345093,0.03790000081062317,0.26809999346733093
EXD3|Q8N9H8,Cytoplasm|Nucleus,Nuclear export signal,Soluble,0.6280999779701233,0.5942000150680542,0.043699998408555984,0.3792000114917755,0.27959999442100525,0.0008999999845400453,0.1264999955892563,0.24130000174045563,0.13349999487400055,0.014299999922513962,0.49900001287460327,0.17990000545978546,0.17919999361038208,0.7660999894142151
EXOSC1|Q9Y3B2,Cytoplasm|Nucleus,,Soluble,0.6783999800682068,0.6028000116348267,0.035599999129772186,0.025699999183416367,0.2985000014305115,0.011599999852478504,0.0989999994635582,0.0608999989926815,0.039000000804662704,0.02500000037252903,0.4562000036239624,0.04639999940991402,0.15410000085830688,0.8317999839782715
EXOSC10|Q01780,Nucleus,Nuclear localization signal,Soluble,0.4645000100135803,0.8036999702453613,0.026799999177455902,0.0502999983727932,0.07569999992847443,0.01979999989271164,0.1331000030040741,0.011300000362098217,0.05730000138282776,0.0010999999940395355,0.46230000257492065,0.07429999858140945,0.1307000070810318,0.7953000068664551
EXOSC2|Q13868,Cytoplasm|Nucleus,Nuclear localization signal,Soluble,0.6313999891281128,0.8125,0.06840000301599503,0.07680000364780426,0.10490000247955322,0.0005000000237487257,0.15680000185966492,0.12200000137090683,0.11760000139474869,0.016899999231100082,0.45329999923706055,0.07810000330209732,0.17139999568462372,0.7929999828338623
EXOSC3|Q9NQT5,Cytoplasm|Nucleus,Nuclear localization signal,Soluble,0.4909000098705292,0.7275999784469604,0.05739999935030937,0.0640999972820282,0.2606000006198883,0.0015999999595806003,0.12600000202655792,0.29910001158714294,0.17659999430179596,0.017400000244379044,0.4747999906539917,0.08020000159740448,0.13379999995231628,0.7276999950408936
EXOSC4|Q9NPD3,Cytoplasm|Nucleus,,Soluble,0.6420999765396118,0.6316999793052673,0.1339000016450882,0.04989999905228615,0.30239999294281006,0.0032999999821186066,0.14139999449253082,0.054999999701976776,0.32850000262260437,0.06589999794960022,0.5852000117301941,0.025200000032782555,0.19140000641345978,0.8273000121116638
EXOSC5|Q9NQT4,Cytoplasm|Nucleus,Nuclear localization signal,Soluble,0.6504999995231628,0.7383000254631042,0.027300000190734863,0.06289999932050705,0.438400000333786,0.0020000000949949026,0.149399995803833,0.027000000700354576,0.2547000050544739,0.010999999940395355,0.5717999935150146,0.05829999968409538,0.18070000410079956,0.7760999798774719
EXOSC6|Q5RKV6,Cytoplasm|Nucleus,Nuclear localization signal,Soluble,0.6398000121116638,0.7749000191688538,0.08640000224113464,0.09600000083446503,0.2897999882698059,0.000699999975040555,0.09780000150203705,0.03660000115633011,0.16120000183582306,0.001500000013038516,0.5896999835968018,0.05050000175833702,0.17350000143051147,0.7872999906539917
EXOSC7|Q15024,Cytoplasm|Nucleus,Nuclear localization signal,Soluble,0.5882999897003174,0.7735000252723694,0.008200000040233135,0.025599999353289604,0.09459999948740005,0.022099999710917473,0.1151999980211258,0.2159000039100647,0.18520000576972961,0.049300000071525574,0.49480000138282776,0.05719999969005585,0.1298999935388565,0.7651000022888184
EXOSC8|Q96B26,Cytoplasm|Nucleus,Nuclear localization signal|Nuclear export signal,Soluble,0.815500020980835,0.6319000124931335,0.009700000286102295,0.17720000445842743,0.04910000041127205,0.013000000268220901,0.0771000012755394,0.18629999458789825,0.23659999668598175,0.002899999963119626,0.5601999759674072,0.047200001776218414,0.07349999994039536,0.7430999875068665
EXOSC9|Q06265,Cytoplasm|Nucleus,Nuclear localization signal,Soluble,0.5849999785423279,0.730400025844574,0.03310000151395798,0.1436000019311905,0.12479999661445618,0.013399999588727951,0.1200999990105629,0.04740000143647194,0.15240000188350677,0.008200000040233135,0.4487000107765198,0.03669999912381172,0.2240000069141388,0.8259000182151794
EZR|P15311,Cytoplasm|Cell membrane,Nuclear export signal,Peripheral|Soluble,0.713699996471405,0.2858000099658966,0.07829999923706055,0.5468999743461609,0.15559999644756317,0.007300000172108412,0.08640000224113464,0.33390000462532043,0.2888000011444092,0.003700000001117587,0.7700999975204468,0.013299999758601189,0.26440000534057617,0.7631000280380249
FAM120A|Q9NZB2,Cytoplasm|Nucleus,Nuclear localization signal,Peripheral|Soluble,0.6097000241279602,0.579200029373169,0.0737999975681305,0.298799991607666,0.1712999939918518,0.003100000089034438,0.11029999703168869,0.1234000027179718,0.1509999930858612,0.0031999999191612005,0.6869999766349792,0.12849999964237213,0.16290000081062317,0.6521999835968018
FAM120C|Q9NX05,Cytoplasm|Nucleus,Nuclear localization signal,Peripheral|Soluble,0.642300009727478,0.6586999893188477,0.042899999767541885,0.1290999948978424,0.1551000028848648,0.004999999888241291,0.15399999916553497,0.13230000436306,0.15160000324249268,0.004600000102072954,0.7114999890327454,0.11980000138282776,0.1160999983549118,0.6136999726295471
FAM50A|Q14320,Nucleus,Nuclear localization signal,Soluble,0.3822000026702881,0.7461000084877014,0.039400000125169754,0.04580000042915344,0.07559999823570251,0.00039999998989515007,0.17309999465942383,0.1582999974489212,0.11900000274181366,0.0003000000142492354,0.5152999758720398,0.03669999912381172,0.41350001096725464,0.8014000058174133
FAM98A|Q8NCA5,Cytoplasm|Nucleus,Nuclear localization signal,Soluble,0.6381999850273132,0.6517999768257141,0.028200000524520874,0.1362999975681305,0.04089999943971634,0.0031999999191612005,0.06129999831318855,0.04989999905228615,0.05770000070333481,9.999999747378752e-05,0.4805999994277954,0.05040000006556511,0.13510000705718994,0.8151000142097473
FAM98B|Q52LJ0,Cytoplasm|Nucleus,Nuclear localization signal,Soluble,0.6388000249862671,0.6276000142097473,0.07109999656677246,0.14429999887943268,0.0746999979019165,0.002300000051036477,0.09210000187158585,0.08219999819993973,0.04809999838471413,0.00019999999494757503,0.5224999785423279,0.0478999987244606,0.09260000288486481,0.8082000017166138
FANCM|Q8IYD8,Nucleus,Nuclear localization signal,Soluble,0.2741999924182892,0.9269999861717224,0.017100000753998756,0.03869999945163727,0.18469999730587006,0.007199999876320362,0.06260000169277191,0.03400000184774399,0.020999999716877937,0.010700000450015068,0.325300008058548,0.0851999968290329,0.10909999907016754,0.8248000144958496
FARS2|O95363,Mitochondrion,Mitochondrial transit peptide,Soluble,0.313400000333786,0.2232999950647354,0.05779999867081642,0.07329999655485153,0.8924000263214111,0.01730000041425228,0.1096000000834465,0.07100000232458115,0.11590000241994858,0.0835999995470047,0.5684000253677368,0.12470000237226486,0.25459998846054077,0.6825000047683716
FARSA|Q9Y285,Cytoplasm,,Soluble,0.5848000049591064,0.3601999878883362,0.07100000232458115,0.12960000336170197,0.4090999960899353,0.05649999901652336,0.19840000569820404,0.04170000180602074,0.09669999778270721,0.007799999788403511,0.5182999968528748,0.03400000184774399,0.210099995136261,0.8305000066757202
FARSB|Q9NSD9,Cytoplasm|Nucleus,Nuclear export signal,Soluble,0.6668999791145325,0.6367999911308289,0.06679999828338623,0.1818999946117401,0.2694000005722046,0.00559999980032444,0.2076999992132187,0.11259999871253967,0.04100000113248825,0.01119999960064888,0.4553000032901764,0.04230000078678131,0.3174000084400177,0.7567999958992004
FASN|P49327,Cytoplasm,Nuclear export signal,Soluble,0.7524999976158142,0.3181000053882599,0.0723000019788742,0.12250000238418579,0.1451999992132187,0.006000000052154064,0.14640000462532043,0.31040000915527344,0.2013999968767166,0.0034000000450760126,0.6078000068664551,0.05810000002384186,0.08020000159740448,0.767300009727478
FASTK|Q14296,Mitochondrion,Mitochondrial transit peptide,Peripheral|Soluble,0.21739999949932098,0.18129999935626984,0.12309999763965607,0.07739999890327454,0.8863999843597412,0.005400000140070915,0.09939999878406525,0.11550000309944153,0.19449999928474426,0.051100000739097595,0.667900025844574,0.15549999475479126,0.10719999670982361,0.6783000230789185
FASTKD1|Q53R41,Mitochondrion,Mitochondrial transit peptide,Peripheral|Soluble,0.2418999969959259,0.1850000023841858,0.11270000040531158,0.05400000140070915,0.8813999891281128,0.015799999237060547,0.065700002014637,0.06719999760389328,0.18299999833106995,0.020400000736117363,0.6801999807357788,0.13519999384880066,0.10450000315904617,0.6255000233650208
FASTKD2|Q9NYY8,Mitochondrion,Mitochondrial transit peptide,Peripheral|Soluble,0.20090000331401825,0.16019999980926514,0.060499999672174454,0.050599999725818634,0.9372000098228455,0.09920000284910202,0.05860000103712082,0.057500001043081284,0.11630000174045563,0.0272000003606081,0.6439999938011169,0.1850000023841858,0.08100000023841858,0.5857999920845032
FASTKD3|Q14CZ7,Mitochondrion,Mitochondrial transit peptide,Peripheral|Soluble,0.2175000011920929,0.21850000321865082,0.0746999979019165,0.06360000371932983,0.9248999953269958,0.010599999688565731,0.04910000041127205,0.04820000007748604,0.08420000225305557,0.017100000753998756,0.6370999813079834,0.1404999941587448,0.1046999990940094,0.6362000107765198
FASTKD5|Q7L8L6,Mitochondrion,Mitochondrial transit peptide,Peripheral|Soluble,0.20160000026226044,0.21449999511241913,0.061900001019239426,0.03959999978542328,0.9132000207901001,0.02410000003874302,0.05090000107884407,0.04019999876618385,0.09220000356435776,0.02879999950528145,0.666700005531311,0.1468999981880188,0.07000000029802322,0.6220999956130981
FAU|P62861,Cytoplasm|Nucleus,Nuclear localization signal,Soluble,0.6323000192642212,0.6650999784469604,0.042500000447034836,0.15119999647140503,0.19210000336170197,0.007499999832361937,0.45210000872612,0.020400000736117363,0.018699999898672104,0.00039999998989515007,0.39989998936653137,0.015799999237060547,0.5285000205039978,0.8909000158309937
FBH1|Q8NFZ0,Nucleus,Nuclear localization signal|Nuclear export signal,Soluble,0.3871000111103058,0.8648999929428101,0.0340999998152256,0.056699998676776886,0.33709999918937683,0.013000000268220901,0.09960000216960907,0.08550000190734863,0.044599998742341995,0.019899999722838402,0.3621000051498413,0.24490000307559967,0.16009999811649323,0.7060999870300293
FBL|P22087,Nucleus,Nuclear localization signal,Soluble,0.4390999972820282,0.8133999705314636,0.07620000094175339,0.15940000116825104,0.24660000205039978,0.015399999916553497,0.0934000015258789,0.012500000186264515,0.009600000455975533,0.0010000000474974513,0.32589998841285706,0.024900000542402267,0.06530000269412994,0.8747000098228455
FBLL1|A6NHQ2,Nucleus,Nuclear localization signal,Soluble,0.3944999873638153,0.7906000018119812,0.10260000079870224,0.05700000002980232,0.1379999965429306,0.11999999731779099,0.08309999853372574,0.010599999688565731,0.041099999099969864,0.0006000000284984708,0.35120001435279846,0.037700001150369644,0.08649999648332596,0.8446999788284302
FCF1|Q9Y324,Nucleus,Nuclear localization signal,Soluble,0.2443999946117401,0.8181999921798706,0.003800000064074993,0.09300000220537186,0.1761000007390976,0.03350000083446503,0.07519999891519547,0.012500000186264515,0.0203000009059906,9.999999747378752e-05,0.412200003862381,0.033900000154972076,0.1720000058412552,0.7886999845504761
FDXACB1|Q9BRP7,Cytoplasm,,Soluble,0.6297000050544739,0.44940000772476196,0.04439999908208847,0.18310000002384186,0.14890000224113464,0.003100000089034438,0.14390000700950623,0.04740000143647194,0.07800000160932541,0.0406000018119812,0.3928000032901764,0.09790000319480896,0.1251000016927719,0.8217999935150146
FEN1|P39748,Nucleus,Nuclear localization signal,Soluble,0.30410000681877136,0.8855000138282776,0.021700000390410423,0.030899999663233757,0.3792000114917755,0.016300000250339508,0.11640000343322754,0.008799999952316284,0.06639999896287918,0.002199999988079071,0.4020000100135803,0.023399999365210533,0.1720999926328659,0.843999981880188
FIP1L1|Q6UN15,Nucleus,Nuclear localization signal,Soluble,0.23510000109672546,0.974399983882904,0.15520000457763672,0.03849999979138374,0.011699999682605267,0.00039999998989515007,0.05510000139474869,0.020099999383091927,0.04600000008940697,0.0005000000237487257,0.4214000105857849,0.05770000070333481,0.11309999972581863,0.8367000222206116
FKBP15|Q5T1M5,Cytoplasm,Nuclear export signal,Peripheral|Soluble,0.6561999917030334,0.288100004196167,0.0617000013589859,0.299699991941452,0.11479999870061874,0.0027000000700354576,0.0940999984741211,0.5210999846458435,0.21930000185966492,0.01720000058412552,0.6802999973297119,0.05640000104904175,0.2401999980211258,0.7598000168800354
FKBP3|Q00688,Cytoplasm,Nuclear localization signal,Soluble,0.7008000016212463,0.3837999999523163,0.020999999716877937,0.08860000222921371,0.4390000104904175,0.039400000125169754,0.2249000072479248,0.07370000332593918,0.07840000092983246,0.005100000184029341,0.4577000141143799,0.011300000362098217,0.08150000125169754,0.8733000159263611
FKBP4|Q02790,Cytoplasm|Nucleus,Nuclear localization signal|Nuclear export signal,Soluble,0.7491000294685364,0.5619000196456909,0.010400000028312206,0.17149999737739563,0.3894999921321869,0.007000000216066837,0.4595000147819519,0.08760000020265579,0.29339998960494995,0.047600001096725464,0.5231999754905701,0.01940000057220459,0.23899999260902405,0.8586000204086304
FKBP5|Q13451,Cytoplasm|Nucleus,Nuclear localization signal,Soluble,0.698199987411499,0.5990999937057495,0.007899999618530273,0.21310000121593475,0.18880000710487366,0.018200000748038292,0.44690001010894775,0.0940999984741211,0.2362000048160553,0.04859999939799309,0.5284000039100647,0.019600000232458115,0.1404999941587448,0.84170001745224
FKBP9|O95302,Endoplasmic reticulum,Signal peptide,Soluble,0.20440000295639038,0.21279999613761902,0.2037000060081482,0.14100000262260437,0.0828000009059906,0.010300000198185444,0.8766999840736389,0.35830000042915344,0.3255000114440918,0.1290999948978424,0.5310999751091003,0.07670000195503235,0.05660000070929527,0.7627999782562256
FLNA|P21333,Cytoplasm,Nuclear localization signal|Nuclear export signal,Peripheral|Soluble,0.8863999843597412,0.26159998774528503,0.2395000010728836,0.30550000071525574,0.311599999666214,0.026599999517202377,0.19470000267028809,0.12520000338554382,0.5198000073432922,0.012000000104308128,0.7530999779701233,0.038100000470876694,0.4049000144004822,0.7182000279426575
FLNB|O75369,Cytoplasm,Nuclear localization signal|Nuclear export signal,Peripheral|Soluble,0.9032999873161316,0.23849999904632568,0.25870001316070557,0.27129998803138733,0.302700012922287,0.05429999902844429,0.16369999945163727,0.0843999981880188,0.4226999878883362,0.01360000018030405,0.7666000127792358,0.02280000038444996,0.3912000060081482,0.7520999908447266
FMR1|Q06787,Cytoplasm|Nucleus,Nuclear localization signal|Nuclear export signal,Soluble,0.7613000273704529,0.7113999724388123,0.08060000091791153,0.14059999585151672,0.05510000139474869,0.0007999999797903001,0.10859999805688858,0.03669999912381172,0.06210000067949295,0.000699999975040555,0.5134999752044678,0.05079999938607216,0.32899999618530273,0.7975999712944031
FNDC3B|Q53EP0,Cell membrane,Signal peptide|Transmembrane domain,Transmembrane,0.22990000247955322,0.11509999632835388,0.17139999568462372,0.7839000225067139,0.0284000001847744,0.01510000042617321,0.4271000027656555,0.42399999499320984,0.4262000024318695,0.039000000804662704,0.09989999979734421,0.9829999804496765,0.25220000743865967,0.16449999809265137
FRG1|Q14331,Nucleus,Nuclear localization signal,Soluble,0.4172999858856201,0.9072999954223633,0.188400000333786,0.05220000073313713,0.013899999670684338,0.007300000172108412,0.04839999973773956,0.024000000208616257,0.03319999948143959,0.0007999999797903001,0.35510000586509705,0.024700000882148743,0.09989999979734421,0.8648999929428101
FRRS1L|Q9P0K9,Cell membrane,,Transmembrane|Lipid anchor,0.14820000529289246,0.0851999968290329,0.44830000400543213,0.6359999775886536,0.0957999974489212,0.01720000058412552,0.3614000082015991,0.25200000405311584,0.42750000953674316,0.003800000064074993,0.1071000024676323,0.6189000010490417,0.8686000108718872,0.45320001244544983
FSAF1|Q8NDD1,Nucleus,Nuclear localization signal,Soluble,0.2793000042438507,0.9160000085830688,0.02160000056028366,0.012199999764561653,0.06069999933242798,0.004399999976158142,0.03869999945163727,0.013299999758601189,0.012199999764561653,0.0017999999690800905,0.34220001101493835,0.06030000001192093,0.07919999957084656,0.8701000213623047
FSCN1|Q16658,Cytoplasm,Signal peptide,Soluble,0.6069999933242798,0.24310000240802765,0.42899999022483826,0.11739999800920486,0.33340001106262207,0.011500000022351742,0.09589999914169312,0.3264000117778778,0.16259999573230743,0.0008999999845400453,0.5703999996185303,0.066600002348423,0.14010000228881836,0.7541000247001648
FTSJ3|Q8IY81,Nucleus,Nuclear localization signal,Soluble,0.2563999891281128,0.8952999711036682,0.07240000367164612,0.019600000232458115,0.0892999991774559,0.002300000051036477,0.06989999860525131,0.00989999994635582,0.026000000536441803,0.0007999999797903001,0.3682999908924103,0.03579999879002571,0.27309998869895935,0.8349000215530396
FUBP1|Q96AE4,Nucleus,Nuclear localization signal,Soluble,0.30979999899864197,0.909600019454956,0.17919999361038208,0.039400000125169754,0.027799999341368675,0.0003000000142492354,0.03750000149011612,0.03539999946951866,0.022600000724196434,9.999999747378752e-05,0.5824000239372253,0.01600000075995922,0.16760000586509705,0.8363999724388123
FUBP3|Q96I24,Cytoplasm|Nucleus,Nuclear localization signal,Soluble,0.535099983215332,0.8554999828338623,0.1996999979019165,0.03060000017285347,0.03660000115633011,0.0008999999845400453,0.039400000125169754,0.02630000002682209,0.021400000900030136,0.001500000013038516,0.5584999918937683,0.030400000512599945,0.1809999942779541,0.8199999928474426
FUS|P35637,Cytoplasm|Nucleus,Nuclear localization signal,Soluble,0.49880000948905945,0.885200023651123,0.12250000238418579,0.09690000116825104,0.031700000166893005,0.0006000000284984708,0.1120000034570694,0.050200000405311584,0.02290000021457672,9.999999747378752e-05,0.491100013256073,0.020400000736117363,0.17059999704360962,0.8363999724388123
FXR1|P51114,Cytoplasm|Nucleus,Nuclear localization signal|Nuclear export signal,Soluble,0.7734000086784363,0.6085000038146973,0.032600000500679016,0.1242000013589859,0.10610000044107437,0.0017999999690800905,0.10729999840259552,0.08990000188350677,0.09560000151395798,0.0026000000070780516,0.4691999852657318,0.04039999842643738,0.2529999911785126,0.8205000162124634
FXR2|P51116,Cytoplasm|Nucleus,Nuclear localization signal,Soluble,0.7836999893188477,0.5728999972343445,0.04899999871850014,0.11739999800920486,0.11460000276565552,0.0013000000035390258,0.11420000344514847,0.04899999871850014,0.0997999981045723,0.005400000140070915,0.48019999265670776,0.0617000013589859,0.25220000743865967,0.7967000007629395
FYTTD1|Q96QD9,Cytoplasm|Nucleus,Nuclear localization signal,Soluble,0.48660001158714294,0.588699996471405,0.1242000013589859,0.023800000548362732,0.1460999995470047,0.024399999529123306,0.019200000911951065,0.011500000022351742,0.016200000420212746,0.021199999377131462,0.2816999852657318,0.061900001019239426,0.13600000739097595,0.8378000259399414
G3BP1|Q13283,Cytoplasm|Nucleus,Nuclear localization signal,Soluble,0.6862000226974487,0.7142999768257141,0.02810000069439411,0.18060000240802765,0.09049999713897705,0.003700000001117587,0.10409999638795853,0.06340000033378601,0.017999999225139618,0.0003000000142492354,0.5680000185966492,0.023399999365210533,0.23770000040531158,0.8237000107765198
G3BP2|Q9UN86,Cytoplasm|Nucleus,Nuclear localization signal,Soluble,0.6287999749183655,0.7145000100135803,0.01269999984651804,0.14659999310970306,0.05660000070929527,0.0027000000700354576,0.06679999828338623,0.02669999934732914,0.008299999870359898,0.00039999998989515007,0.5324000120162964,0.017799999564886093,0.15850000083446503,0.847000002861023
G6PD|P11413,Cytoplasm,Peroxisomal targeting signal,Soluble,0.5903000235557556,0.2976999878883362,0.23469999432563782,0.23109999299049377,0.21130000054836273,0.009800000116229057,0.24779999256134033,0.10090000182390213,0.05559999868273735,0.186599999666214,0.5659999847412109,0.06480000168085098,0.18250000476837158,0.7045999765396118
GADD45GIP1|Q8TAE8,Mitochondrion,Mitochondrial transit peptide,Peripheral|Soluble,0.16750000417232513,0.15549999475479126,0.04529999941587448,0.15860000252723694,0.9480999708175659,0.005499999970197678,0.05220000073313713,0.029600000008940697,0.04569999873638153,0.00570000009611249,0.6771000027656555,0.08649999648332596,0.08990000188350677,0.6858000159263611
GANAB|Q14697,Extracellular,Signal peptide,Soluble,0.30489999055862427,0.10999999940395355,0.6891999840736389,0.22460000216960907,0.0778999999165535,0.009600000455975533,0.59170001745224,0.4546000063419342,0.5041999816894531,0.012900000438094139,0.387800008058548,0.15680000185966492,0.11320000141859055,0.7440000176429749
GAPDH|P04406,Cytoplasm,Peroxisomal targeting signal,Soluble,0.6563000082969666,0.273499995470047,0.1307000070810318,0.37709999084472656,0.46140000224113464,0.007000000216066837,0.12080000340938568,0.05310000106692314,0.050700001418590546,0.3165999948978424,0.4092999994754791,0.03460000082850456,0.4551999866962433,0.7875999808311462
GAR1|Q9NY12,Cytoplasm|Nucleus,Nuclear localization signal,Soluble,0.6247000098228455,0.7793999910354614,0.019899999722838402,0.14720000326633453,0.14949999749660492,0.0031999999191612005,0.06629999727010727,0.010900000110268593,0.026200000196695328,9.999999747378752e-05,0.2222999930381775,0.04019999876618385,0.06780000030994415,0.8589000105857849
GAREM1|Q9H706,Cytoplasm,Nuclear export signal,Peripheral|Soluble,0.5839999914169312,0.44600000977516174,0.03099999949336052,0.21140000224113464,0.12060000002384186,0.002300000051036477,0.14110000431537628,0.2240999937057495,0.32910001277923584,0.004900000058114529,0.6456999778747559,0.10849999636411667,0.24570000171661377,0.7111999988555908
GAREM2|Q75VX8,Cytoplasm,Nuclear localization signal|Nuclear export signal,Peripheral|Soluble,0.5748000144958496,0.4731999933719635,0.08100000023841858,0.21739999949932098,0.15530000627040863,0.000699999975040555,0.17790000140666962,0.31060001254081726,0.30320000648498535,0.012199999764561653,0.6830999851226807,0.16300000250339508,0.2281000018119812,0.6933000087738037
GARS1|P41250,Mitochondrion,Mitochondrial transit peptide,Soluble,0.28130000829696655,0.31470000743865967,0.27160000801086426,0.05640000104904175,0.6564000248908997,0.6021999716758728,0.1973000019788742,0.0885000005364418,0.11940000206232071,0.27079999446868896,0.4991999864578247,0.05649999901652336,0.09570000320672989,0.7663000226020813
GART|P22102,Cytoplasm,,Soluble,0.6891999840736389,0.47040000557899475,0.0738999992609024,0.10769999772310257,0.48820000886917114,0.014800000004470348,0.10360000282526016,0.06440000236034393,0.10490000247955322,0.04490000009536743,0.43529999256134033,0.04280000180006027,0.31619998812675476,0.8503000140190125
GATAD2B|Q8WXI9,Nucleus,Nuclear localization signal,Soluble,0.35100001096725464,0.9049000144004822,0.10599999874830246,0.02329999953508377,0.0430000014603138,0.0003000000142492354,0.036400001496076584,0.025699999183416367,0.03269999846816063,0.0024999999441206455,0.5544999837875366,0.04600000008940697,0.1574999988079071,0.8331999778747559
GCFC2|P16383,Cytoplasm|Nucleus,Nuclear localization signal,Soluble,0.5468999743461609,0.6735000014305115,0.16750000417232513,0.12290000170469284,0.037700001150369644,0.00019999999494757503,0.0885000005364418,0.19930000603199005,0.32260000705718994,0.004699999932199717,0.5076000094413757,0.18209999799728394,0.13379999995231628,0.718999981880188
GCN1|Q92616,Cytoplasm|Nucleus,Nuclear localization signal|Nuclear export signal,Peripheral|Soluble,0.6031000018119812,0.5989000201225281,0.016599999740719795,0.25600001215934753,0.3700000047683716,0.051899999380111694,0.17059999704360962,0.25060001015663147,0.3003999888896942,0.01640000008046627,0.6204000115394592,0.03629999980330467,0.12160000205039978,0.8057000041007996
GDI2|P50395,Cytoplasm,Nuclear export signal,Soluble,0.7996000051498413,0.3513999879360199,0.04470000043511391,0.10170000046491623,0.17640000581741333,0.009200000204145908,0.15770000219345093,0.22390000522136688,0.3181999921798706,0.00570000009611249,0.44600000977516174,0.0502999983727932,0.08079999685287476,0.7494999766349792
GEMIN2|O14893,Cytoplasm|Nucleus,Nuclear localization signal,Soluble,0.6790000200271606,0.6351000070571899,0.017799999564886093,0.06440000236034393,0.09839999675750732,0.0066999997943639755,0.09000000357627869,0.07829999923706055,0.15389999747276306,0.040800001472234726,0.429500013589859,0.23960000276565552,0.09239999949932098,0.6955999732017517
GEMIN4|P57678,Nucleus,Nuclear localization signal,Soluble,0.39399999380111694,0.8428000211715698,0.18960000574588776,0.07069999724626541,0.16200000047683716,0.0012000000569969416,0.2079000025987625,0.1185000017285347,0.10459999740123749,0.007799999788403511,0.4309999942779541,0.3919000029563904,0.1242000013589859,0.7132999897003174
GEMIN5|Q8TEQ6,Cytoplasm|Nucleus,Nuclear localization signal|Nuclear export signal,Peripheral|Soluble,0.5396000146865845,0.5389000177383423,0.022299999371170998,0.40459999442100525,0.10920000076293945,0.004000000189989805,0.4043000042438507,0.29179999232292175,0.3319000005722046,0.026000000536441803,0.6420000195503235,0.19760000705718994,0.17030000686645508,0.6437000036239624
GEMIN6|Q8WXD5,Cytoplasm|Nucleus,Nuclear localization signal|Nuclear export signal,Soluble,0.8111000061035156,0.5485000014305115,0.06620000302791595,0.0568000003695488,0.11720000207424164,0.004699999932199717,0.051600001752376556,0.12020000070333481,0.10130000114440918,0.009700000286102295,0.48570001125335693,0.039000000804662704,0.17159999907016754,0.7889000177383423
GEMIN7|Q9H840,Cytoplasm,Nuclear localization signal,Soluble,0.7321000099182129,0.4887000024318695,0.12520000338554382,0.12309999763965607,0.2029999941587448,0.03220000118017197,0.06319999694824219,0.12370000034570694,0.06159999966621399,0.00839999970048666,0.35910001397132874,0.09239999949932098,0.026200000196695328,0.781499981880188
GEMIN8|Q9NWZ8,Cytoplasm|Nucleus,Nuclear localization signal,Soluble,0.7146000266075134,0.5529000163078308,0.0617000013589859,0.11900000274181366,0.19419999420642853,0.03420000150799751,0.22110000252723694,0.07840000092983246,0.09440000355243683,0.05040000006556511,0.3165999948978424,0.0949999988079071,0.12210000306367874,0.8348000049591064
GFM1|Q96RP9,Mitochondrion,Mitochondrial transit peptide,Peripheral|Soluble,0.23489999771118164,0.20309999585151672,0.06480000168085098,0.15649999678134918,0.7994999885559082,0.010099999606609344,0.09549999982118607,0.03139999881386757,0.08100000023841858,0.0272000003606081,0.7290999889373779,0.10119999945163727,0.11169999837875366,0.5928999781608582
GFM2|Q969S9,Mitochondrion,Mitochondrial transit peptide,Peripheral|Soluble,0.16329999268054962,0.10620000213384628,0.0729999989271164,0.1054999977350235,0.9160000085830688,0.06949999928474426,0.049300000071525574,0.03370000049471855,0.07800000160932541,0.039500001817941666,0.6618000268936157,0.09759999811649323,0.14319999516010284,0.6353999972343445
GIGYF2|Q6Y7W6,Cytoplasm,Nuclear localization signal|Nuclear export signal,Peripheral|Soluble,0.7924000024795532,0.5134999752044678,0.014999999664723873,0.1412999927997589,0.10890000313520432,0.0035000001080334187,0.18490000069141388,0.10029999911785126,0.2703000009059906,0.01679999940097332,0.638700008392334,0.039900001138448715,0.19460000097751617,0.805400013923645
GLE1|Q53GS7,Cytoplasm|Nucleus,,Soluble,0.6861000061035156,0.5741999745368958,0.08009999990463257,0.10440000146627426,0.042899999767541885,0.002099999925121665,0.20980000495910645,0.10909999907016754,0.1265999972820282,0.023499999195337296,0.5059000253677368,0.11259999871253967,0.17419999837875366,0.7551000118255615
GLRX3|O76003,Cytoplasm,Nuclear localization signal,Peripheral|Soluble,0.7009000182151794,0.5113999843597412,0.03889999911189079,0.375,0.30399999022483826,0.004399999976158142,0.4088999927043915,0.46470001339912415,0.3160000145435333,0.0031999999191612005,0.6341000199317932,0.022600000724196434,0.2581000030040741,0.8216999769210815
GMPS|P49915,Cytoplasm,Nuclear localization signal|Nuclear export signal,Soluble,0.7324000000953674,0.516700029373169,0.02850000001490116,0.20029999315738678,0.20649999380111694,0.007300000172108412,0.20739999413490295,0.06530000269412994,0.19130000472068787,0.006300000008195639,0.44040000438690186,0.059700001031160355,0.2425999939441681,0.7986000180244446
GNL1|P36915,Nucleus,Nuclear localization signal|Nuclear export signal,Soluble,0.36059999465942383,0.7789000272750854,0.002899999963119626,0.06080000102519989,0.2126999944448471,0.0013000000035390258,0.13590000569820404,0.0502999983727932,0.12359999865293503,0.006200000178068876,0.4643000066280365,0.0869000032544136,0.22830000519752502,0.7759000062942505
GNL2|Q13823,Nucleus,Nuclear localization signal,Soluble,0.2337000072002411,0.8343999981880188,0.009800000116229057,0.017400000244379044,0.06080000102519989,0.026399999856948853,0.07639999687671661,0.0035000001080334187,0.031700000166893005,0.0005000000237487257,0.3504999876022339,0.03759999945759773,0.14480000734329224,0.847100019454956
GNL3|Q9BVP2,Nucleus,Nuclear localization signal,Soluble,0.4043999910354614,0.7472000122070312,0.0010000000474974513,0.10360000282526016,0.16300000250339508,0.003700000001117587,0.06319999694824219,0.018300000578165054,0.029200000688433647,0.0005000000237487257,0.334199994802475,0.041600000113248825,0.1446000039577484,0.8601999878883362
GNL3L|Q9NVN8,Cytoplasm|Nucleus,Nuclear localization signal,Soluble,0.4699999988079071,0.6215000152587891,0.002099999925121665,0.04650000110268593,0.26829999685287476,0.03660000115633011,0.10109999775886536,0.02199999988079071,0.07720000296831131,0.0019000000320374966,0.3790000081062317,0.03830000013113022,0.13189999759197235,0.8540999889373779
GOLGB1|Q14789,Golgi apparatus,Transmembrane domain,Transmembrane,0.28369998931884766,0.2890999913215637,0.059300001710653305,0.2971000075340271,0.2678999900817871,0.012600000016391277,0.4625999927520752,0.4047999978065491,0.8313999772071838,0.028999999165534973,0.24210000038146973,0.9199000000953674,0.21220000088214874,0.19009999930858612
GOT2|P00505,Mitochondrion,Mitochondrial transit peptide,Peripheral|Soluble,0.10130000114440918,0.11710000038146973,0.061799999326467514,0.1850000023841858,0.8859999775886536,0.05420000106096268,0.07289999723434448,0.07829999923706055,0.13910000026226044,0.11980000138282776,0.6344000101089478,0.05429999902844429,0.2574999928474426,0.6657999753952026
GPATCH1|Q9BRR8,Nucleus,Nuclear localization signal,Soluble,0.21870000660419464,0.878000020980835,0.10189999639987946,0.08070000261068344,0.05119999870657921,0.0024999999441206455,0.04749999940395355,0.030300000682473183,0.027799999341368675,0.0052999998442828655,0.3650999963283539,0.06639999896287918,0.13130000233650208,0.8562999963760376
GPATCH4|Q5T3I0,Nucleus,Nuclear localization signal,Soluble,0.22429999709129333,0.8648999929428101,0.22290000319480896,0.11479999870061874,0.024900000542402267,0.0017000000225380063,0.05389999970793724,0.04259999841451645,0.2125999927520752,0.021299999207258224,0.3434999883174896,0.07090000063180923,0.2329999953508377,0.8414999842643738
GPATCH8|Q9UKJ3,Nucleus,Nuclear localization signal,Soluble,0.39890000224113464,0.9362999796867371,0.05090000107884407,0.02290000021457672,0.041600000113248825,0.002199999988079071,0.03590000048279762,0.008799999952316284,0.010599999688565731,0.0010000000474974513,0.5109999775886536,0.04830000177025795,0.16359999775886536,0.8443999886512756
GPKOW|Q92917,Nucleus,Nuclear localization signal,Soluble,0.391400009393692,0.8907999992370605,0.09200000017881393,0.04399999976158142,0.17810000479221344,0.0010000000474974513,0.06080000102519989,0.022299999371170998,0.014000000432133675,0.0052999998442828655,0.3260999917984009,0.11069999635219574,0.10080000013113022,0.8047999739646912
GRSF1|Q12849,Mitochondrion,Mitochondrial transit peptide,Peripheral|Soluble,0.11749999970197678,0.17810000479221344,0.02250000089406967,0.04470000043511391,0.947700023651123,0.07450000196695328,0.05559999868273735,0.035599999129772186,0.08810000121593475,0.030799999833106995,0.667900025844574,0.13510000705718994,0.07930000126361847,0.6111000180244446
GRWD1|Q9BQ67,Nucleus,Nuclear localization signal,Soluble,0.4406000077724457,0.7081999778747559,0.008500000461935997,0.06639999896287918,0.04500000178813934,0.011800000444054604,0.09080000221729279,0.09589999914169312,0.2531999945640564,0.011900000274181366,0.5788000226020813,0.0731000006198883,0.20260000228881836,0.6833000183105469
GSPT1|P15170,Cytoplasm,Nuclear localization signal|Nuclear export signal,Soluble,0.7053999900817871,0.49709999561309814,0.013799999840557575,0.13600000739097595,0.11739999800920486,0.0066999997943639755,0.21299999952316284,0.1454000025987625,0.2222999930381775,0.002300000051036477,0.6013000011444092,0.026200000196695328,0.2957000136375427,0.8335999846458435
GSPT2|Q8IYD1,Cytoplasm,Nuclear localization signal|Nuclear export signal,Soluble,0.6923999786376953,0.4948999881744385,0.014800000004470348,0.09780000150203705,0.10980000346899033,0.01140000019222498,0.2563999891281128,0.16609999537467957,0.30140000581741333,0.007400000002235174,0.5730000138282776,0.045899998396635056,0.1876000016927719,0.8091999888420105
GTF2E1|P29083,Cytoplasm|Nucleus,Nuclear export signal,Soluble,0.6381000280380249,0.6669999957084656,0.016300000250339508,0.032999999821186066,0.22789999842643738,0.007699999958276749,0.10209999978542328,0.1216999962925911,0.20399999618530273,0.0020000000949949026,0.5909000039100647,0.019600000232458115,0.14110000431537628,0.8222000002861023
GTF2E2|P29084,Nucleus,Nuclear localization signal,Soluble,0.3612000048160553,0.9199000000953674,0.01889999955892563,0.020500000566244125,0.04280000180006027,0.016200000420212746,0.061000000685453415,0.03519999980926514,0.08550000190734863,0.0010000000474974513,0.4690000116825104,0.026599999517202377,0.05979999899864197,0.8338000178337097
GTF2F1|P35269,Nucleus,Nuclear localization signal,Soluble,0.26750001311302185,0.9154000282287598,0.0421999990940094,0.06040000170469284,0.05119999870657921,0.002099999925121665,0.02280000038444996,0.02879999950528145,0.02800000086426735,0.00039999998989515007,0.4519999921321869,0.03480000048875809,0.22840000689029694,0.8547999858856201
GTF2I|P78347,Nucleus,Nuclear localization signal,Soluble,0.35569998621940613,0.9424999952316284,0.06729999929666519,0.03680000081658363,0.05790000036358833,0.0010999999940395355,0.05040000006556511,0.042399998754262924,0.03689999878406525,0.0010999999940395355,0.45190000534057617,0.04769999906420708,0.2087000012397766,0.8580999970436096
GTF3C1|Q12789,Nucleus,Nuclear localization signal,Soluble,0.30410000681877136,0.9075999855995178,0.10239999741315842,0.029600000008940697,0.1599999964237213,0.0031999999191612005,0.09669999778270721,0.04540000110864639,0.10459999740123749,0.0012000000569969416,0.6062999963760376,0.11630000174045563,0.08110000193119049,0.7469000220298767
GTF3C2|Q8WUA4,Nucleus,Nuclear localization signal,Soluble,0.3151000142097473,0.9031999707221985,0.03660000115633011,0.049300000071525574,0.09600000083446503,0.002899999963119626,0.07500000298023224,0.051100000739097595,0.05400000140070915,0.0038999998942017555,0.5037000179290771,0.3010999858379364,0.17170000076293945,0.6191999912261963
GTF3C3|Q9Y5Q9,Cytoplasm,,Soluble,0.4837999939918518,0.4140999913215637,0.01360000018030405,0.21400000154972076,0.11209999769926071,0.0017999999690800905,0.2224999964237213,0.26989999413490295,0.13950000703334808,0.12939999997615814,0.5472000241279602,0.10740000009536743,0.1412000060081482,0.7113000154495239
GTF3C5|Q9Y5Q8,Nucleus,Nuclear localization signal,Soluble,0.2635999917984009,0.8116999864578247,0.027499999850988388,0.07500000298023224,0.10050000250339508,0.0010999999940395355,0.08619999885559082,0.14749999344348907,0.06469999998807907,0.0027000000700354576,0.41690000891685486,0.09070000052452087,0.10859999805688858,0.8198999762535095
GTPBP1|O00178,Cytoplasm|Nucleus,Nuclear localization signal,Soluble,0.7648000121116638,0.5950000286102295,0.04479999840259552,0.14560000598430634,0.22589999437332153,0.020400000736117363,0.4043999910354614,0.07559999823570251,0.3222000002861023,0.04050000011920929,0.5845999717712402,0.050999999046325684,0.17030000686645508,0.7897999882698059
GTPBP10|A4D1E9,Mitochondrion,Mitochondrial transit peptide,Peripheral|Soluble,0.2797999978065491,0.17569999396800995,0.038600001484155655,0.0706000030040741,0.8133999705314636,0.0502999983727932,0.06639999896287918,0.07410000264644623,0.11410000175237656,0.0608999989926815,0.6460000276565552,0.10679999738931656,0.10440000146627426,0.5889999866485596
GTPBP4|Q9BZE4,Nucleus,Nuclear localization signal,Soluble,0.3431999981403351,0.8582000136375427,0.01119999960064888,0.018699999898672104,0.06689999997615814,0.007799999788403511,0.03350000083446503,0.010400000028312206,0.022299999371170998,0.0007999999797903001,0.535099983215332,0.02449999935925007,0.09319999814033508,0.8048999905586243
GTPBP6|O43824,Mitochondrion,Mitochondrial transit peptide,Peripheral|Soluble,0.13840000331401825,0.17599999904632568,0.0786999985575676,0.11089999973773956,0.8914999961853027,0.009800000116229057,0.066600002348423,0.05939999967813492,0.10530000180006027,0.0333000011742115,0.7193999886512756,0.19449999928474426,0.08190000057220459,0.5680000185966492
GTPBP8|Q8N3Z3,Mitochondrion,Mitochondrial transit peptide,Peripheral|Soluble,0.11299999803304672,0.11420000344514847,0.04360000044107437,0.07169999927282333,0.9423999786376953,0.00800000037997961,0.09470000118017197,0.05510000139474869,0.1006999984383583,0.07569999992847443,0.6919000148773193,0.19300000369548798,0.06449999660253525,0.5619999766349792
GUF1|Q8N442,Mitochondrion,Mitochondrial transit peptide,Peripheral|Soluble,0.16189999878406525,0.15299999713897705,0.06610000133514404,0.12399999797344208,0.9174000024795532,0.003700000001117587,0.14090000092983246,0.11219999939203262,0.18520000576972961,0.026399999856948853,0.7534999847412109,0.12770000100135803,0.10289999842643738,0.5708000063896179
H1-0|P07305,Nucleus,Nuclear localization signal,Soluble,0.38920000195503235,0.6804999709129333,0.15780000388622284,0.16840000450611115,0.14000000059604645,0.24560000002384186,0.031700000166893005,0.01209999993443489,0.09229999780654907,0.0027000000700354576,0.20559999346733093,0.012600000016391277,0.12700000405311584,0.9261000156402588
H1-1|Q02539,Nucleus,Nuclear localization signal,Soluble,0.325300008058548,0.6216999888420105,0.35899999737739563,0.2703000009059906,0.12809999287128448,0.29350000619888306,0.039500001817941666,0.009700000286102295,0.1800999939441681,0.0020000000949949026,0.3481000065803528,0.01810000091791153,0.25780001282691956,0.9025999903678894
H1-10|Q92522,Nucleus,Nuclear localization signal,Soluble,0.4262999892234802,0.73089998960495,0.1378999948501587,0.1509000062942505,0.10170000046491623,0.030500000342726707,0.07840000092983246,0.043699998408555984,0.2572999894618988,0.002099999925121665,0.38760000467300415,0.02800000086426735,0.18780000507831573,0.8765000104904175
H1-2|P16403,Nucleus,Nuclear localization signal,Soluble,0.40799999237060547,0.5627999901771545,0.3971000015735626,0.28450000286102295,0.16509999334812164,0.37619999051094055,0.0414000004529953,0.00839999970048666,0.12800000607967377,0.00139999995008111,0.29409998655319214,0.014999999664723873,0.21930000185966492,0.9120000004768372
H1-3|P16402,Nucleus,Nuclear localization signal,Soluble,0.40939998626708984,0.6211000084877014,0.42750000953674316,0.2793000042438507,0.16269999742507935,0.33070001006126404,0.029200000688433647,0.006000000052154064,0.11640000343322754,0.0013000000035390258,0.30730000138282776,0.01730000041425228,0.2305999994277954,0.9074000120162964
H1-4|P10412,Nucleus,Nuclear localization signal,Soluble,0.43209999799728394,0.58160001039505,0.5253999829292297,0.3889999985694885,0.1664000004529953,0.3765999972820282,0.025499999523162842,0.004600000102072954,0.10360000282526016,0.0007999999797903001,0.2881999909877777,0.013000000268220901,0.21570000052452087,0.9185000061988831
H1-5|P16401,Nucleus,Nuclear localization signal,Soluble,0.43709999322891235,0.5645999908447266,0.5074999928474426,0.32100000977516174,0.20229999721050262,0.32589998841285706,0.025599999353289604,0.005799999926239252,0.08160000294446945,0.0026000000070780516,0.27309998869895935,0.013500000350177288,0.21199999749660492,0.9154999852180481
H1-6|P22492,Nucleus,Nuclear localization signal,Soluble,0.30219998955726624,0.7602999806404114,0.1185000017285347,0.11909999698400497,0.06069999933242798,0.23819999396800995,0.027300000190734863,0.03229999914765358,0.20810000598430634,0.0015999999595806003,0.37790000438690186,0.02669999934732914,0.1981000006198883,0.8748000264167786
H4C1|P62805,Nucleus,Nuclear localization signal,Soluble,0.35100001096725464,0.7749000191688538,0.17190000414848328,0.03229999914765358,0.1598999947309494,0.026900000870227814,0.036400001496076584,0.1615000069141388,0.09650000184774399,0.0794999971985817,0.4316999912261963,0.05790000036358833,0.34369999170303345,0.7305999994277954
HABP4|Q5JVS0,Cytoplasm,Nuclear localization signal|Nuclear export signal,Soluble,0.7364000082015991,0.47279998660087585,0.15569999814033508,0.14159999787807465,0.07450000196695328,0.000699999975040555,0.08950000256299973,0.061000000685453415,0.11289999634027481,0.0013000000035390258,0.5562000274658203,0.07320000231266022,0.32850000262260437,0.758899986743927
HACD3|Q9P035,Endoplasmic reticulum,Transmembrane domain,Transmembrane,0.18809999525547028,0.13230000436306,0.006599999964237213,0.3334999978542328,0.10339999943971634,0.009200000204145908,0.7716000080108643,0.2712000012397766,0.3050000071525574,0.05090000107884407,0.1168999969959259,0.9937000274658203,0.04280000180006027,0.07500000298023224
HADHA|P40939,Mitochondrion,Mitochondrial transit peptide,Peripheral|Soluble,0.19699999690055847,0.11559999734163284,0.0340999998152256,0.0982000008225441,0.9484999775886536,0.050700001418590546,0.03920000046491623,0.04019999876618385,0.03150000050663948,0.03060000017285347,0.7815999984741211,0.06210000067949295,0.1387999951839447,0.5745999813079834
HADHB|P55084,Mitochondrion,Mitochondrial transit peptide,Soluble,0.1467999964952469,0.07050000131130219,0.050999999046325684,0.037300001829862595,0.9523000121116638,0.09960000216960907,0.0674000009894371,0.03189999982714653,0.03959999978542328,0.07829999923706055,0.5974000096321106,0.15160000324249268,0.04919999837875366,0.5498999953269958
HARS1|P12081,Cytoplasm,,Soluble,0.6173999905586243,0.29499998688697815,0.03620000183582306,0.12929999828338623,0.24490000307559967,0.0203000009059906,0.42800000309944153,0.13439999520778656,0.27070000767707825,0.014999999664723873,0.5475000143051147,0.03970000147819519,0.41760000586509705,0.8112000226974487
HARS2|P49590,Mitochondrion,Mitochondrial transit peptide,Soluble,0.21570000052452087,0.1704999953508377,0.10010000318288803,0.10639999806880951,0.9248999953269958,0.004900000058114529,0.17640000581741333,0.16169999539852142,0.23170000314712524,0.06599999964237213,0.6029999852180481,0.08489999920129776,0.23890000581741333,0.7358999848365784
HBS1L|Q9Y450,Cytoplasm|Nucleus,Nuclear localization signal|Nuclear export signal,Peripheral|Soluble,0.592199981212616,0.5834000110626221,0.023099999874830246,0.12290000170469284,0.09749999642372131,0.004399999976158142,0.1396999955177307,0.11749999970197678,0.27730000019073486,0.005900000222027302,0.635200023651123,0.02630000002682209,0.2797999978065491,0.7979000210762024
HCFC1|P51610,Nucleus,Nuclear localization signal,Peripheral|Soluble,0.364300012588501,0.8797000050544739,0.03759999945759773,0.11990000307559967,0.03759999945759773,0.001500000013038516,0.17239999771118164,0.028200000524520874,0.10189999639987946,0.0003000000142492354,0.6793000102043152,0.03970000147819519,0.19979999959468842,0.7357000112533569
HDAC1|Q13547,Nucleus,Nuclear localization signal,Soluble,0.33980000019073486,0.9307000041007996,0.07720000296831131,0.06830000132322311,0.09470000118017197,0.00279999990016222,0.03610000014305115,0.023900000378489494,0.035100001841783524,0.000699999975040555,0.4796000123023987,0.030500000342726707,0.2680000066757202,0.8299999833106995
HDAC2|Q92769,Nucleus,Nuclear localization signal,Soluble,0.33649998903274536,0.9229000210762024,0.060600001364946365,0.08950000256299973,0.11159999668598175,0.004000000189989805,0.027400000020861626,0.021700000390410423,0.02930000051856041,0.0007999999797903001,0.4828999936580658,0.028699999675154686,0.2231999933719635,0.8241000175476074
HDGF|P51858,Nucleus,Nuclear localization signal,Soluble,0.30979999899864197,0.8942999839782715,0.3384000062942505,0.066600002348423,0.052799999713897705,0.0005000000237487257,0.03290000185370445,0.017899999395012856,0.010200000368058681,0.0007999999797903001,0.376800000667572,0.021800000220537186,0.24199999868869781,0.8985000252723694
HDGFL2|Q7Z4V5,Nucleus,Nuclear localization signal,Soluble,0.21789999306201935,0.9315000176429749,0.07209999859333038,0.06069999933242798,0.06129999831318855,0.002400000113993883,0.03180000185966492,0.026200000196695328,0.020400000736117363,0.00039999998989515007,0.4348999857902527,0.04479999840259552,0.23819999396800995,0.871399998664856
HDLBP|Q00341,Cytoplasm,Nuclear localization signal|Nuclear export signal,Soluble,0.7731000185012817,0.446399986743927,0.10040000081062317,0.12290000170469284,0.09950000047683716,0.002400000113993883,0.12070000171661377,0.11959999799728394,0.16820000112056732,0.00430000014603138,0.5045999884605408,0.05510000139474869,0.30550000071525574,0.809499979019165
HEATR1|Q9H583,Cytoplasm|Nucleus,Nuclear localization signal|Nuclear export signal,Soluble,0.6401000022888184,0.6466000080108643,0.025599999353289604,0.22179999947547913,0.10490000247955322,0.007499999832361937,0.3109000027179718,0.17980000376701355,0.30880001187324524,0.005799999926239252,0.5889999866485596,0.06589999794960022,0.1331000030040741,0.7590000033378601
HEATR3|Q7Z4Q2,Cytoplasm|Nucleus,Nuclear localization signal,Soluble,0.5525000095367432,0.7560999989509583,0.0210999995470047,0.08820000290870667,0.15690000355243683,0.004999999888241291,0.20749999582767487,0.04619999974966049,0.29170000553131104,0.0012000000569969416,0.4959000051021576,0.08579999953508377,0.10080000013113022,0.7645999789237976
HEATR6|Q6AI08,Cytoplasm|Nucleus,Nuclear localization signal|Nuclear export signal,Soluble,0.6489999890327454,0.6255000233650208,0.007400000002235174,0.19339999556541443,0.17430000007152557,0.004900000058114529,0.36899998784065247,0.26739999651908875,0.27309998869895935,0.009200000204145908,0.5910000205039978,0.13840000331401825,0.13210000097751617,0.722100019454956
HELLS|Q9NRZ9,Nucleus,Nuclear localization signal,Soluble,0.23489999771118164,0.9455999732017517,0.0032999999821186066,0.030700000002980232,0.07240000367164612,0.0019000000320374966,0.06930000334978104,0.01850000023841858,0.04800000041723251,0.0010000000474974513,0.5256999731063843,0.07479999959468842,0.10050000250339508,0.7440000176429749
HELQ|Q8TDG4,Nucleus,Nuclear localization signal|Nuclear export signal,Soluble,0.4311999976634979,0.7710000276565552,0.023000000044703484,0.05299999937415123,0.14350000023841858,0.0015999999595806003,0.08209999650716782,0.029999999329447746,0.0471000000834465,0.027400000020861626,0.38580000400543213,0.13330000638961792,0.16449999809265137,0.7829999923706055
HELZ|P42694,Cytoplasm,Nuclear export signal,Soluble,0.6467999815940857,0.4977000057697296,0.01860000006854534,0.08560000360012054,0.1225999966263771,0.01140000019222498,0.0737999975681305,0.16329999268054962,0.1858000010251999,0.048700001090765,0.5554999709129333,0.07880000025033951,0.18459999561309814,0.73089998960495
HELZ2|Q9BYK8,Cytoplasm|Nucleus,Nuclear localization signal,Soluble,0.5389000177383423,0.6284999847412109,0.08340000361204147,0.05350000038743019,0.30640000104904175,0.009700000286102295,0.03759999945759773,0.08780000358819962,0.04899999871850014,0.013199999928474426,0.5206999778747559,0.09179999679327011,0.06400000303983688,0.7827000021934509
HERC5|Q9UII4,Cytoplasm|Nucleus,Nuclear localization signal,Soluble,0.6970000267028809,0.5907999873161316,0.09239999949932098,0.30550000071525574,0.15860000252723694,0.001500000013038516,0.1348000019788742,0.07020000368356705,0.11640000343322754,0.009600000455975533,0.5807999968528748,0.10409999638795853,0.10409999638795853,0.7437000274658203
HEXIM1|O94992,Cytoplasm|Nucleus,Nuclear localization signal,Soluble,0.48399999737739563,0.6226000189781189,0.028300000354647636,0.1388999968767166,0.08190000057220459,0.0044999998062849045,0.16899999976158142,0.07249999791383743,0.1793999969959259,0.0003000000142492354,0.42250001430511475,0.04800000041723251,0.1615999937057495,0.8820000290870667
HEXIM2|Q96MH2,Cytoplasm|Nucleus,Nuclear localization signal,Soluble,0.5551000237464905,0.6496999859809875,0.026000000536441803,0.17970000207424164,0.10849999636411667,0.0005000000237487257,0.09279999881982803,0.12070000171661377,0.12349999696016312,0.000699999975040555,0.39559999108314514,0.05480000004172325,0.2062000036239624,0.8812000155448914
HFM1|A2PYH4,Nucleus,Nuclear localization signal,Soluble,0.4424000084400177,0.8517000079154968,0.004800000227987766,0.027899999171495438,0.12790000438690186,0.012799999676644802,0.034699998795986176,0.017400000244379044,0.027400000020861626,0.05689999833703041,0.45590001344680786,0.08219999819993973,0.06710000336170197,0.784500002861023
HGH1|Q9BTY7,Cytoplasm|Nucleus,Nuclear export signal,Soluble,0.7282000184059143,0.5717999935150146,0.033900000154972076,0.22840000689029694,0.24070000648498535,0.001500000013038516,0.26930001378059387,0.2492000013589859,0.38580000400543213,0.005799999926239252,0.6133000254631042,0.06629999727010727,0.14329999685287476,0.7717999815940857
HIRA|P54198,Nucleus,Nuclear localization signal,Soluble,0.20909999310970306,0.9404000043869019,0.025200000032782555,0.03869999945163727,0.02630000002682209,0.006399999838322401,0.05920000001788139,0.04270000010728836,0.03750000149011612,0.0026000000070780516,0.5942999720573425,0.11819999665021896,0.23309999704360962,0.7070000171661377
HLTF|Q14527,Nucleus,Nuclear localization signal,Soluble,0.23749999701976776,0.9386000037193298,0.010900000110268593,0.03310000151395798,0.01720000058412552,0.11990000307559967,0.055399999022483826,0.0348999984562397,0.05400000140070915,0.003599999938160181,0.4528999924659729,0.05700000002980232,0.06830000132322311,0.7871000170707703
HMGB1|P09429,Cytoplasm|Nucleus,Nuclear localization signal,Soluble,0.527899980545044,0.7315999865531921,0.37540000677108765,0.23680000007152557,0.14030000567436218,0.00989999994635582,0.0828000009059906,0.05209999904036522,0.1234000027179718,0.01730000041425228,0.41780000925064087,0.01600000075995922,0.46630001068115234,0.852400004863739
HMGB2|P26583,Cytoplasm|Nucleus,Nuclear localization signal,Soluble,0.47920000553131104,0.8238999843597412,0.2011999934911728,0.10899999737739563,0.07609999924898148,0.011300000362098217,0.05050000175833702,0.017999999225139618,0.07819999754428864,0.018400000408291817,0.4171000123023987,0.009700000286102295,0.359499990940094,0.8833000063896179
HMGB3|O15347,Cytoplasm|Nucleus,Nuclear localization signal,Soluble,0.5516999959945679,0.8095999956130981,0.15039999783039093,0.15950000286102295,0.09309999644756317,0.011699999682605267,0.052799999713897705,0.037700001150369644,0.10329999774694443,0.020500000566244125,0.40700000524520874,0.008799999952316284,0.24469999969005585,0.8862000107765198
HNRNPA0|Q13151,Cytoplasm|Nucleus,Nuclear localization signal,Soluble,0.7087000012397766,0.8149999976158142,0.03720000013709068,0.07410000264644623,0.03579999879002571,0.004100000020116568,0.22040000557899475,0.03359999880194664,0.010499999858438969,0.00039999998989515007,0.3465000092983246,0.03150000050663948,0.06499999761581421,0.857699990272522
HNRNPA1|P09651,Cytoplasm|Nucleus,Nuclear localization signal,Soluble,0.6820999979972839,0.8208000063896179,0.07829999923706055,0.06849999725818634,0.08299999684095383,0.0008999999845400453,0.1251000016927719,0.04670000076293945,0.010700000450015068,0.0017000000225380063,0.41609999537467957,0.027799999341368675,0.16680000722408295,0.8378000259399414
HNRNPA1L2|Q32P51,Cytoplasm|Nucleus,Nuclear localization signal,Soluble,0.7494000196456909,0.7759000062942505,0.1080000028014183,0.057100001722574234,0.05889999866485596,0.0012000000569969416,0.1420000046491623,0.04340000078082085,0.012900000438094139,0.0019000000320374966,0.3982999920845032,0.031599998474121094,0.15710000693798065,0.838699996471405
HNRNPA1L3|A0A2R8Y4L2,Cytoplasm|Nucleus,Nuclear localization signal,Soluble,0.7472000122070312,0.7893000245094299,0.11490000039339066,0.05400000140070915,0.07249999791383743,0.000699999975040555,0.1534000039100647,0.03370000049471855,0.014499999582767487,0.00279999990016222,0.4052000045776367,0.028300000354647636,0.17739999294281006,0.8429999947547913
HNRNPA2B1|P22626,Cytoplasm|Nucleus,Nuclear localization signal,Soluble,0.678600013256073,0.7558000087738037,0.12720000743865967,0.10320000350475311,0.06830000132322311,0.00139999995008111,0.13130000233650208,0.04569999873638153,0.012500000186264515,0.0007999999797903001,0.39820000529289246,0.044599998742341995,0.1624000072479248,0.8258000016212463
HNRNPA3|P51991,Cytoplasm|Nucleus,Nuclear localization signal,Soluble,0.6391000151634216,0.8108999729156494,0.133200004696846,0.07639999687671661,0.08659999817609787,0.0010999999940395355,0.10360000282526016,0.050999999046325684,0.019099999219179153,0.005100000184029341,0.47130000591278076,0.05810000002384186,0.27230000495910645,0.79339998960495
HNRNPAB|Q99729,Cytoplasm|Nucleus,Nuclear localization signal,Soluble,0.7628999948501587,0.7069000005722046,0.21719999611377716,0.08590000122785568,0.02250000089406967,0.0006000000284984708,0.2809999883174896,0.06279999762773514,0.0714000016450882,0.00039999998989515007,0.35679998993873596,0.025200000032782555,0.11760000139474869,0.8711000084877014
HNRNPC|P07910,Nucleus,Nuclear localization signal,Soluble,0.28929999470710754,0.9524999856948853,0.06870000064373016,0.0406000018119812,0.016200000420212746,0.0017999999690800905,0.09560000151395798,0.027699999511241913,0.013199999928474426,9.999999747378752e-05,0.3970000147819519,0.035599999129772186,0.12470000237226486,0.8434000015258789
HNRNPCL1|O60812,Nucleus,Nuclear localization signal,Soluble,0.274399995803833,0.9541000127792358,0.05389999970793724,0.04830000177025795,0.011900000274181366,0.002300000051036477,0.10840000212192535,0.022199999541044235,0.009499999694526196,9.999999747378752e-05,0.3458000123500824,0.03240000084042549,0.11169999837875366,0.8637999892234802
HNRNPCL2|B2RXH8,Nucleus,Nuclear localization signal,Soluble,0.28299999237060547,0.9539999961853027,0.07519999891519547,0.04529999941587448,0.012400000356137753,0.0020000000949949026,0.10520000010728836,0.01759999990463257,0.010499999858438969,9.999999747378752e-05,0.3222000002861023,0.035999998450279236,0.11479999870061874,0.8648999929428101
HNRNPCL3|B7ZW38,Nucleus,Nuclear localization signal,Soluble,0.28360000252723694,0.9555000066757202,0.05999999865889549,0.04569999873638153,0.012199999764561653,0.002199999988079071,0.0989999994635582,0.02070000022649765,0.010200000368058681,9.999999747378752e-05,0.34389999508857727,0.03610000014305115,0.11089999973773956,0.8571000099182129
HNRNPD|Q14103,Cytoplasm|Nucleus,Nuclear localization signal,Soluble,0.6729000210762024,0.6503999829292297,0.22910000383853912,0.07169999927282333,0.04610000178217888,0.0007999999797903001,0.3181000053882599,0.06639999896287918,0.08749999850988388,0.00019999999494757503,0.4284000098705292,0.020400000736117363,0.1623000055551529,0.864300012588501
HNRNPDL|O14979,Cytoplasm,,Soluble,0.4754999876022339,0.5099999904632568,0.3831000030040741,0.043800000101327896,0.1451999992132187,0.18279999494552612,0.19359999895095825,0.053199999034404755,0.1467999964952469,0.018400000408291817,0.41819998621940613,0.032600000500679016,0.11860000342130661,0.8476999998092651
HNRNPF|P52597,Cytoplasm|Nucleus,Nuclear localization signal,Soluble,0.6626999974250793,0.6789000034332275,0.033900000154972076,0.04820000007748604,0.0421999990940094,0.003100000089034438,0.22689999639987946,0.08129999786615372,0.01600000075995922,0.00019999999494757503,0.5440999865531921,0.034299999475479126,0.13529999554157257,0.8341000080108643
HNRNPH1|P31943,Cytoplasm|Nucleus,Nuclear localization signal,Soluble,0.7139999866485596,0.6758000254631042,0.039500001817941666,0.08900000154972076,0.05480000004172325,0.0010999999940395355,0.20759999752044678,0.14419999718666077,0.07779999822378159,0.0005000000237487257,0.5521000027656555,0.05169999971985817,0.1973000019788742,0.786300003528595
HNRNPH2|P55795,Cytoplasm|Nucleus,Nuclear localization signal,Soluble,0.7017999887466431,0.6883000135421753,0.04360000044107437,0.08219999819993973,0.05770000070333481,0.0010999999940395355,0.2224999964237213,0.13210000097751617,0.07349999994039536,0.00039999998989515007,0.5412999987602234,0.046799998730421066,0.17030000686645508,0.8007000088691711
HNRNPH3|P31942,Cytoplasm|Nucleus,Nuclear localization signal,Soluble,0.5651000142097473,0.798799991607666,0.0210999995470047,0.0989999994635582,0.1298000067472458,0.00139999995008111,0.12439999729394913,0.05719999969005585,0.00430000014603138,0.00019999999494757503,0.4749000072479248,0.03539999946951866,0.08749999850988388,0.8169000148773193
HNRNPK|P61978,Cytoplasm|Nucleus,Nuclear localization signal,Soluble,0.5523999929428101,0.9078999757766724,0.08720000088214874,0.057999998331069946,0.06859999895095825,0.0015999999595806003,0.05889999866485596,0.025800000876188278,0.012600000016391277,0.00019999999494757503,0.5246999859809875,0.045499999076128006,0.3732999861240387,0.7616000175476074
HNRNPL|P14866,Nucleus,Nuclear localization signal,Soluble,0.4505000114440918,0.9061999917030334,0.04349999874830246,0.042100001126527786,0.029999999329447746,0.0010000000474974513,0.10180000215768814,0.04659999907016754,0.014600000344216824,0.00019999999494757503,0.512499988079071,0.05490000173449516,0.1103999987244606,0.7865999937057495
HNRNPLL|Q8WVV9,Cytoplasm|Nucleus,Nuclear localization signal,Soluble,0.4982999861240387,0.8737000226974487,0.027000000700354576,0.03200000151991844,0.02459999918937683,0.005499999970197678,0.09470000118017197,0.020500000566244125,0.01549999974668026,0.0003000000142492354,0.40639999508857727,0.05869999900460243,0.08190000057220459,0.8116000294685364
HNRNPM|P52272,Cytoplasm|Nucleus,Nuclear localization signal,Soluble,0.5925999879837036,0.8567000031471252,0.15299999713897705,0.04050000011920929,0.06440000236034393,0.0038999998942017555,0.06400000303983688,0.007000000216066837,0.021199999377131462,9.999999747378752e-05,0.47130000591278076,0.03889999911189079,0.13899999856948853,0.8303999900817871
HNRNPR|O43390,Cytoplasm|Nucleus,Nuclear localization signal,Soluble,0.4828000068664551,0.8841000199317932,0.07750000059604645,0.04230000078678131,0.04809999838471413,0.000699999975040555,0.13840000331401825,0.024900000542402267,0.024700000882148743,0.0,0.40799999237060547,0.018200000748038292,0.11680000275373459,0.890500009059906
HNRNPU|Q00839,Nucleus,Nuclear localization signal,Soluble,0.43970000743865967,0.9247999787330627,0.09109999984502792,0.04969999939203262,0.07419999688863754,0.0007999999797903001,0.13449999690055847,0.012900000438094139,0.0272000003606081,9.999999747378752e-05,0.41029998660087585,0.0333000011742115,0.16339999437332153,0.8614000082015991
HNRNPUL1|Q9BUJ2,Nucleus,Nuclear localization signal,Soluble,0.42289999127388,0.9477999806404114,0.0551999993622303,0.06610000133514404,0.06289999932050705,0.00039999998989515007,0.1200999990105629,0.019500000402331352,0.01679999940097332,0.00019999999494757503,0.5566999912261963,0.02710000053048134,0.23759999871253967,0.8248999714851379
HNRNPUL2|Q1KMD3,Nucleus,Nuclear localization signal,Soluble,0.44510000944137573,0.9239000082015991,0.11110000312328339,0.04690000042319298,0.04969999939203262,0.0006000000284984708,0.1168999969959259,0.0142000000923872,0.025200000032782555,0.00039999998989515007,0.4950999915599823,0.027899999171495438,0.10909999907016754,0.8729000091552734
HNRNPUL2-BSCL2|H3BQZ7,Cytoplasm|Nucleus,Nuclear localization signal,Soluble,0.4756999909877777,0.9081000089645386,0.10450000315904617,0.053199999034404755,0.06390000134706497,0.0010999999940395355,0.1234000027179718,0.015799999237060547,0.024299999698996544,0.0007999999797903001,0.46619999408721924,0.05139999836683273,0.15279999375343323,0.8374000191688538
HP1BP3|Q5SSJ5,Nucleus,Nuclear localization signal,Soluble,0.30300000309944153,0.8586000204086304,0.32249999046325684,0.05990000069141388,0.04989999905228615,0.031300000846385956,0.03060000017285347,0.014399999752640724,0.07850000262260437,0.002099999925121665,0.42739999294281006,0.04960000142455101,0.26100000739097595,0.8547999858856201
HSD17B10|Q99714,Mitochondrion,Mitochondrial transit peptide,Peripheral|Soluble,0.3021000027656555,0.17870000004768372,0.09049999713897705,0.181099995970726,0.6671000123023987,0.026499999687075615,0.02239999920129776,0.05689999833703041,0.027799999341368675,0.2222999930381775,0.6758000254631042,0.05209999904036522,0.16050000488758087,0.7109000086784363
HSP90AA1|P07900,Cytoplasm|Nucleus,Nuclear export signal,Soluble,0.6970999836921692,0.5436000227928162,0.26030001044273376,0.4381999969482422,0.24609999358654022,0.0017000000225380063,0.39989998936653137,0.09130000323057175,0.13120000064373016,0.047600001096725464,0.45559999346733093,0.03269999846816063,0.2732999920845032,0.8076000213623047
HSP90AB1|P08238,Cytoplasm|Nucleus,Nuclear localization signal|Nuclear export signal,Soluble,0.6836000084877014,0.5738000273704529,0.30889999866485596,0.39879998564720154,0.24040000140666962,0.0020000000949949026,0.38199999928474426,0.0868000015616417,0.14329999685287476,0.06610000133514404,0.4593999981880188,0.03500000014901161,0.26179999113082886,0.8040000200271606
HSP90B1|P14625,Endoplasmic reticulum,Signal peptide,Soluble,0.14059999585151672,0.1703999936580658,0.5293999910354614,0.24210000038146973,0.15320000052452087,0.00930000003427267,0.8707000017166138,0.1843000054359436,0.329800009727478,0.03739999979734421,0.43860000371932983,0.022299999371170998,0.051500000059604645,0.8438000082969666
HSPA1A|P0DMV8,Cytoplasm,,Soluble,0.7487000226974487,0.5127000212669373,0.48030000925064087,0.23690000176429749,0.06340000033378601,0.002300000051036477,0.3215999901294708,0.048900000751018524,0.12999999523162842,0.007300000172108412,0.4426000118255615,0.013000000268220901,0.30799999833106995,0.8478999733924866
HSPA1B|P0DMV9,Cytoplasm,,Soluble,0.7487000226974487,0.5127000212669373,0.48030000925064087,0.23690000176429749,0.06340000033378601,0.002300000051036477,0.3215999901294708,0.048900000751018524,0.12999999523162842,0.007300000172108412,0.4426000118255615,0.013000000268220901,0.30799999833106995,0.8478999733924866
HSPA1L|P34931,Cytoplasm|Nucleus,,Soluble,0.7164999842643738,0.5358999967575073,0.3871000111103058,0.21619999408721924,0.07419999688863754,0.001500000013038516,0.3353999853134155,0.04969999939203262,0.11829999834299088,0.00800000037997961,0.4392000138759613,0.014499999582767487,0.26989999413490295,0.8420000076293945
HSPA2|P54652,Cytoplasm|Nucleus,Nuclear localization signal,Soluble,0.710099995136261,0.5356000065803528,0.37119999527931213,0.29440000653266907,0.07819999754428864,0.0015999999595806003,0.2872999906539917,0.0502999983727932,0.10909999907016754,0.007300000172108412,0.4456000030040741,0.014399999752640724,0.311599999666214,0.8391000032424927
HSPA4|P34932,Cytoplasm|Nucleus,Nuclear localization signal|Nuclear export signal,Soluble,0.7531999945640564,0.6424000263214111,0.041200000792741776,0.2741999924182892,0.0731000006198883,0.0008999999845400453,0.19220000505447388,0.03480000048875809,0.08079999685287476,0.006300000008195639,0.44339999556541443,0.02199999988079071,0.21629999577999115,0.8499000072479248
HSPA4L|O95757,Cytoplasm|Nucleus,Nuclear localization signal|Nuclear export signal,Soluble,0.7549999952316284,0.6523000001907349,0.021900000050663948,0.3046000003814697,0.07909999787807465,0.0008999999845400453,0.1956000030040741,0.046799998730421066,0.09759999811649323,0.005200000014156103,0.45680001378059387,0.02800000086426735,0.24120000004768372,0.8285999894142151
HSPA5|P11021,Endoplasmic reticulum,Signal peptide,Soluble,0.19699999690055847,0.13760000467300415,0.5407999753952026,0.21369999647140503,0.059300001710653305,0.013199999928474426,0.6535999774932861,0.1906999945640564,0.11620000004768372,0.003700000001117587,0.40939998626708984,0.010400000028312206,0.06520000100135803,0.8791000247001648
HSPA6|P17066,Cytoplasm|Nucleus,,Soluble,0.7440999746322632,0.5472999811172485,0.17919999361038208,0.2526000142097473,0.09749999642372131,0.0010999999940395355,0.23569999635219574,0.07590000331401825,0.12330000102519989,0.005900000222027302,0.49950000643730164,0.017000000923871994,0.33489999175071716,0.8442000150680542
HSPA8|P11142,Cytoplasm|Nucleus,,Soluble,0.7297999858856201,0.5400000214576721,0.6280999779701233,0.29269999265670776,0.08290000259876251,0.0010999999940395355,0.28220000863075256,0.052799999713897705,0.14509999752044678,0.026599999517202377,0.49779999256134033,0.01899999938905239,0.45989999175071716,0.8079000115394592
HSPA9|P38646,Mitochondrion,Mitochondrial transit peptide,Peripheral|Soluble,0.1388999968767166,0.061900001019239426,0.09239999949932098,0.10289999842643738,0.8885999917984009,0.2865999937057495,0.04769999906420708,0.022600000724196434,0.06689999997615814,0.08110000193119049,0.8277999758720398,0.04179999977350235,0.08550000190734863,0.583899974822998
HSPB1|P04792,Cytoplasm,,Soluble,0.6212000250816345,0.45320001244544983,0.4512999951839447,0.3580999970436096,0.3093999922275543,0.006200000178068876,0.1476999968290329,0.08190000057220459,0.05810000002384186,0.051500000059604645,0.42730000615119934,0.08579999953508377,0.0284000001847744,0.8108999729156494
HSPD1|P10809,Mitochondrion,Mitochondrial transit peptide,Peripheral|Soluble,0.1429000049829483,0.09650000184774399,0.05779999867081642,0.0957999974489212,0.9563000202178955,0.041999999433755875,0.02370000071823597,0.052799999713897705,0.0820000022649765,0.008500000461935997,0.6639000177383423,0.03480000048875809,0.12549999356269836,0.6687999963760376
HSPE1|P61604,Mitochondrion,Mitochondrial transit peptide,Peripheral|Soluble,0.3668000102043152,0.1080000028014183,0.032099999487400055,0.04769999906420708,0.9470999836921692,0.0502999983727932,0.06350000202655792,0.05570000037550926,0.052000001072883606,0.029600000008940697,0.6276000142097473,0.032600000500679016,0.21359999477863312,0.7321000099182129
HSPH1|Q92598,Cytoplasm|Nucleus,Nuclear export signal,Soluble,0.7548999786376953,0.625,0.033900000154972076,0.2818000018596649,0.07760000228881836,0.0006000000284984708,0.18000000715255737,0.04320000112056732,0.08579999953508377,0.0071000000461936,0.46230000257492065,0.03009999915957451,0.24289999902248383,0.8285999894142151
HTATSF1|O43719,Cytoplasm|Nucleus,Nuclear localization signal|Nuclear export signal,Soluble,0.6417999863624573,0.7922000288963318,0.025599999353289604,0.02669999934732914,0.02280000038444996,0.004100000020116568,0.1137000024318695,0.03480000048875809,0.032600000500679016,0.0003000000142492354,0.4000000059604645,0.03920000046491623,0.1362999975681305,0.8446000218391418
HUWE1|Q7Z6Z7,Cytoplasm,Nuclear localization signal|Nuclear export signal,Peripheral|Soluble,0.7075999975204468,0.5253999829292297,0.05480000004172325,0.23010000586509705,0.10339999943971634,0.009399999864399433,0.1793999969959259,0.3723999857902527,0.2973000109195709,0.0027000000700354576,0.7095000147819519,0.09889999777078629,0.18729999661445618,0.6295999884605408
HYOU1|Q9Y4L1,Endoplasmic reticulum,Signal peptide,Peripheral|Soluble,0.31380000710487366,0.19679999351501465,0.2680000066757202,0.26489999890327454,0.08889999985694885,0.005400000140070915,0.8016999959945679,0.15839999914169312,0.22220000624656677,0.012000000104308128,0.6284999847412109,0.055799998342990875,0.24220000207424164,0.7465999722480774
IARS1|P41252,Cytoplasm,Nuclear export signal,Soluble,0.7279999852180481,0.3353999853134155,0.04650000110268593,0.15559999644756317,0.3188000023365021,0.01979999989271164,0.30410000681877136,0.17759999632835388,0.1891999989748001,0.03460000082850456,0.460999995470047,0.06270000338554382,0.2567000091075897,0.8209999799728394
IARS2|Q9NSE4,Mitochondrion,Mitochondrial transit peptide,Soluble,0.16859999299049377,0.17870000004768372,0.08179999887943268,0.10899999737739563,0.8614000082015991,0.004999999888241291,0.12309999763965607,0.08460000157356262,0.09610000252723694,0.03200000151991844,0.5503000020980835,0.09480000287294388,0.09640000015497208,0.7425000071525574
IFI16|Q16666,Nucleus,Nuclear localization signal,Soluble,0.43720000982284546,0.9004999995231628,0.12080000340938568,0.033900000154972076,0.05090000107884407,0.004800000227987766,0.10440000146627426,0.01640000008046627,0.025200000032782555,0.0024999999441206455,0.2888000011444092,0.08290000259876251,0.226500004529953,0.8190000057220459
IFIH1|Q9BYX4,Cytoplasm|Nucleus,Nuclear export signal,Soluble,0.6585000157356262,0.5521000027656555,0.2150000035762787,0.14110000431537628,0.133200004696846,0.0032999999821186066,0.11060000211000443,0.18129999935626984,0.05130000039935112,0.003000000026077032,0.4544000029563904,0.050999999046325684,0.08540000021457672,0.8343999981880188
IFIT5|Q13325,Cytoplasm,Nuclear export signal,Soluble,0.7208999991416931,0.34049999713897705,0.05480000004172325,0.2653999924659729,0.13330000638961792,0.0038999998942017555,0.3684000074863434,0.24150000512599945,0.36390000581741333,0.07890000194311142,0.5509999990463257,0.07959999889135361,0.1096000000834465,0.7566999793052673
IGF2BP1|Q9NZI8,Cytoplasm|Nucleus,Nuclear localization signal,Soluble,0.6952000260353088,0.7038000226020813,0.14390000700950623,0.12110000103712082,0.0575999990105629,0.001500000013038516,0.13030000030994415,0.023499999195337296,0.0272000003606081,0.0010000000474974513,0.5968000292778015,0.03869999945163727,0.3082999885082245,0.7860999703407288
IGF2BP2|Q9Y6M1,Cytoplasm|Nucleus,Nuclear localization signal,Soluble,0.7290999889373779,0.736299991607666,0.14380000531673431,0.11860000342130661,0.060100000351667404,0.0019000000320374966,0.14740000665187836,0.04050000011920929,0.05119999870657921,0.0005000000237487257,0.5953999757766724,0.04639999940991402,0.3305000066757202,0.7738000154495239
IGF2BP3|O00425,Cytoplasm|Nucleus,Nuclear localization signal,Soluble,0.6798999905586243,0.7010999917984009,0.08649999648332596,0.10589999705553055,0.06239999830722809,0.001500000013038516,0.11829999834299088,0.03060000017285347,0.023800000548362732,0.0013000000035390258,0.5782999992370605,0.03500000014901161,0.287200003862381,0.7986999750137329
IGHMBP2|P38935,Cytoplasm|Nucleus,Nuclear localization signal,Soluble,0.6470999717712402,0.5436000227928162,0.053199999034404755,0.13779999315738678,0.19920000433921814,0.012500000186264515,0.2721000015735626,0.08399999886751175,0.1581999957561493,0.0012000000569969416,0.5917999744415283,0.04479999840259552,0.2728999853134155,0.8184000253677368
IK|Q13123,Nucleus,Nuclear localization signal,Soluble,0.2727000117301941,0.8848999738693237,0.03590000048279762,0.03909999877214432,0.05079999938607216,0.0010999999940395355,0.08299999684095383,0.03009999915957451,0.013899999670684338,0.00139999995008111,0.31119999289512634,0.03500000014901161,0.056699998676776886,0.8812000155448914
ILF2|Q12905,Cytoplasm|Nucleus,Nuclear localization signal,Soluble,0.6328999996185303,0.7010999917984009,0.14219999313354492,0.0786999985575676,0.19660000503063202,0.002199999988079071,0.10300000011920929,0.05299999937415123,0.02160000056028366,0.0010000000474974513,0.4307999908924103,0.044199999421834946,0.08330000191926956,0.8626999855041504
ILF3|Q12906,Cytoplasm|Nucleus,Nuclear localization signal,Soluble,0.5997999906539917,0.8648999929428101,0.09030000120401382,0.041099999099969864,0.10010000318288803,0.001500000013038516,0.09120000153779984,0.013199999928474426,0.016599999740719795,9.999999747378752e-05,0.47859999537467957,0.023399999365210533,0.15729999542236328,0.8647000193595886
IMP3|Q9NV31,Nucleus,,Soluble,0.4632999897003174,0.5227000117301941,0.004800000227987766,0.04809999838471413,0.22550000250339508,0.011300000362098217,0.06650000065565109,0.12080000340938568,0.04529999941587448,0.003100000089034438,0.4352000057697296,0.03660000115633011,0.19689999520778656,0.8027999997138977
IMP4|Q96G21,Nucleus,Nuclear localization signal,Soluble,0.2863999903202057,0.7075999975204468,0.01720000058412552,0.03629999980330467,0.05130000039935112,0.010099999606609344,0.0348999984562397,0.0869000032544136,0.11389999836683273,0.00039999998989515007,0.5953999757766724,0.04690000042319298,0.04349999874830246,0.7494000196456909
IMPDH2|P12268,Cytoplasm,,Peripheral|Soluble,0.7418000102043152,0.4000000059604645,0.10869999974966049,0.14000000059604645,0.24130000174045563,0.01769999973475933,0.02449999935925007,0.11209999769926071,0.021400000900030136,0.18140000104904175,0.6498000025749207,0.03849999979138374,0.20589999854564667,0.7231000065803528
INO80|Q9ULG1,Nucleus,Nuclear localization signal,Soluble,0.2092999964952469,0.9506999850273132,0.014499999582767487,0.05310000106692314,0.03999999910593033,0.010999999940395355,0.027699999511241913,0.026799999177455902,0.01730000041425228,0.0012000000569969416,0.5781999826431274,0.06780000030994415,0.1257999986410141,0.7134000062942505
INPPL1|O15357,Cytoplasm,Nuclear export signal,Peripheral|Soluble,0.6367999911308289,0.3434000015258789,0.052400000393390656,0.3434999883174896,0.11410000175237656,0.0020000000949949026,0.21330000460147858,0.3215000033378601,0.2574999928474426,0.006000000052154064,0.7574999928474426,0.08309999853372574,0.16449999809265137,0.6917999982833862
INTS1|Q8N201,Nucleus,Nuclear localization signal,Soluble,0.3695000112056732,0.8924999833106995,0.0649000033736229,0.021299999207258224,0.0820000022649765,0.003000000026077032,0.06019999831914902,0.0414000004529953,0.05649999901652336,0.0027000000700354576,0.5152999758720398,0.14100000262260437,0.09239999949932098,0.7425000071525574
INTS11|Q5TA45,Nucleus,Nuclear localization signal|Nuclear export signal,Peripheral|Soluble,0.4528999924659729,0.7903000116348267,0.04490000009536743,0.1193000003695488,0.11330000311136246,0.005200000014156103,0.08160000294446945,0.051600001752376556,0.0364999994635582,0.0027000000700354576,0.652999997138977,0.07769999653100967,0.31839999556541443,0.6970999836921692
INTS12|Q96CB8,Nucleus,Nuclear localization signal,Soluble,0.4011000096797943,0.9147999882698059,0.11949999630451202,0.03350000083446503,0.06769999861717224,0.006800000090152025,0.042100001126527786,0.01269999984651804,0.07729999721050262,0.0035000001080334187,0.5522000193595886,0.025800000876188278,0.19789999723434448,0.8367999792098999
INTS3|Q68E01,Nucleus,Nuclear localization signal,Soluble,0.3912999927997589,0.9257000088691711,0.08110000193119049,0.04430000111460686,0.04800000041723251,0.002099999925121665,0.10740000009536743,0.04490000009536743,0.12290000170469284,0.0010000000474974513,0.45010000467300415,0.1860000044107437,0.11050000041723251,0.7567999958992004
IPO11|Q9UI26,Cytoplasm|Nucleus,Nuclear export signal,Soluble,0.670199990272522,0.6782000064849854,0.005200000014156103,0.15150000154972076,0.054499998688697815,0.00139999995008111,0.20749999582767487,0.18700000643730164,0.23229999840259552,0.010200000368058681,0.5918999910354614,0.09210000187158585,0.23600000143051147,0.7145000100135803
IPO13|O94829,Cytoplasm|Nucleus,Nuclear localization signal|Nuclear export signal,Soluble,0.510699987411499,0.7233999967575073,0.018300000578165054,0.18170000612735748,0.03819999843835831,0.0008999999845400453,0.1615999937057495,0.16910000145435333,0.26829999685287476,0.0015999999595806003,0.6060000061988831,0.08330000191926956,0.16859999299049377,0.7461000084877014
IPO4|Q8TEX9,Cytoplasm|Nucleus,Nuclear localization signal|Nuclear export signal,Soluble,0.6672999858856201,0.7164000272750854,0.009700000286102295,0.1615999937057495,0.14090000092983246,0.002099999925121665,0.17000000178813934,0.1290999948978424,0.12950000166893005,0.006599999964237213,0.5478000044822693,0.061500001698732376,0.14090000092983246,0.7979999780654907
IPO5|O00410,Cytoplasm|Nucleus,Nuclear export signal,Soluble,0.6711999773979187,0.7696999907493591,0.009600000455975533,0.19709999859333038,0.07029999792575836,0.0031999999191612005,0.12530000507831573,0.09000000357627869,0.09269999712705612,0.006500000134110451,0.59170001745224,0.04540000110864639,0.19470000267028809,0.7730000019073486
IPO7|O95373,Cytoplasm|Nucleus,Nuclear localization signal|Nuclear export signal,Soluble,0.6032999753952026,0.7608000040054321,0.004900000058114529,0.07810000330209732,0.07829999923706055,0.0015999999595806003,0.1428000032901764,0.10440000146627426,0.2125999927520752,0.002300000051036477,0.5313000082969666,0.06340000033378601,0.14730000495910645,0.7603999972343445
IPO8|O15397,Cytoplasm|Nucleus,Nuclear export signal,Soluble,0.5896000266075134,0.7448999881744385,0.003000000026077032,0.1088000014424324,0.058400001376867294,0.002300000051036477,0.16110000014305115,0.12120000272989273,0.21310000121593475,0.0026000000070780516,0.5144000053405762,0.09669999778270721,0.14409999549388885,0.7305999994277954
IPO9|Q96P70,Cytoplasm|Nucleus,Nuclear export signal,Soluble,0.5633000135421753,0.7129999995231628,0.005100000184029341,0.06880000233650208,0.053700000047683716,0.005799999926239252,0.0820000022649765,0.09149999916553497,0.24889999628067017,0.0012000000569969416,0.6065000295639038,0.08020000159740448,0.14319999516010284,0.7211999893188477
IQGAP1|P46940,Cytoplasm|Cell membrane,Nuclear localization signal,Peripheral|Soluble,0.7674000263214111,0.24770000576972961,0.07660000026226044,0.6273999810218811,0.10499999672174454,0.0052999998442828655,0.2824000120162964,0.2614000141620636,0.24650000035762787,0.000699999975040555,0.718999981880188,0.049300000071525574,0.16019999980926514,0.7102000117301941
IREB2|P48200,Cytoplasm,Peroxisomal targeting signal,Soluble,0.8514000177383423,0.3474999964237213,0.3919999897480011,0.048900000751018524,0.3555000126361847,0.02290000021457672,0.04969999939203262,0.0142000000923872,0.02889999933540821,0.23559999465942383,0.49079999327659607,0.05480000004172325,0.12849999964237213,0.7961000204086304
ISG20L2|Q9H9L3,Nucleus,Nuclear localization signal,Soluble,0.3467999994754791,0.7677000164985657,0.0568000003695488,0.012799999676644802,0.20659999549388885,0.01759999990463257,0.06019999831914902,0.012000000104308128,0.051100000739097595,0.010200000368058681,0.2303999960422516,0.08579999953508377,0.06449999660253525,0.8190000057220459
ISY1|Q9ULR0,Nucleus,Nuclear localization signal,Soluble,0.4693000018596649,0.6485999822616577,0.03929999843239784,0.04430000111460686,0.19760000705718994,0.001500000013038516,0.10029999911785126,0.20270000398159027,0.15399999916553497,0.007799999788403511,0.49540001153945923,0.019500000402331352,0.22259999811649323,0.8553000092506409
IWS1|Q96ST2,Nucleus,Nuclear localization signal,Soluble,0.4101000130176544,0.8201000094413757,0.047600001096725464,0.06520000100135803,0.10419999808073044,0.0010000000474974513,0.01720000058412552,0.0649000033736229,0.08749999850988388,0.0003000000142492354,0.3855000138282776,0.02319999970495701,0.13369999825954437,0.8939999938011169
JPT2|Q9H910,Cytoplasm,Nuclear localization signal|Nuclear export signal,Soluble,0.7045999765396118,0.39340001344680786,0.06520000100135803,0.4821999967098236,0.149399995803833,0.0006000000284984708,0.12219999730587006,0.24609999358654022,0.12890000641345978,0.005100000184029341,0.555400013923645,0.10620000213384628,0.21369999647140503,0.6669999957084656
JUP|P14923,Cytoplasm|Nucleus,Nuclear export signal,Soluble,0.6671000123023987,0.6015999913215637,0.02239999920129776,0.4569999873638153,0.16590000689029694,0.002899999963119626,0.19439999759197235,0.27149999141693115,0.21580000221729279,0.0017999999690800905,0.5641000270843506,0.09719999879598618,0.08100000023841858,0.7322999835014343
KARS1|Q15046,Cytoplasm,Nuclear localization signal,Soluble,0.6377999782562256,0.4860000014305115,0.13650000095367432,0.16110000014305115,0.3499999940395355,0.004000000189989805,0.2531000077724457,0.04969999939203262,0.11469999700784683,0.008799999952316284,0.362199991941452,0.032499998807907104,0.30660000443458557,0.8468000292778015
KAZN|Q674X7,Cytoplasm,Nuclear export signal,Peripheral|Soluble,0.6431999802589417,0.39820000529289246,0.024900000542402267,0.46239998936653137,0.11020000278949738,0.014399999752640724,0.22789999842643738,0.2806999981403351,0.3052999973297119,0.011699999682605267,0.7242000102996826,0.07119999825954437,0.295199990272522,0.7142000198364258
KGD4|P82909,Mitochondrion,Mitochondrial transit peptide,Peripheral,0.17499999701976776,0.18970000743865967,0.014700000174343586,0.1395999938249588,0.9811999797821045,0.014100000262260437,0.039500001817941666,0.017400000244379044,0.05000000074505806,0.0333000011742115,0.724399983882904,0.09600000083446503,0.1550000011920929,0.44670000672340393
KHDC4|Q7Z7F0,Nucleus,Nuclear localization signal,Soluble,0.43959999084472656,0.9093999862670898,0.04190000146627426,0.03359999880194664,0.05770000070333481,0.0015999999595806003,0.10320000350475311,0.04899999871850014,0.05719999969005585,0.0024999999441206455,0.5864999890327454,0.061000000685453415,0.3174000084400177,0.7667999863624573
KHDRBS1|Q07666,Cytoplasm|Nucleus,Nuclear localization signal,Soluble,0.6013000011444092,0.7950000166893005,0.07689999788999557,0.06759999692440033,0.065700002014637,0.0026000000070780516,0.09529999643564224,0.05939999967813492,0.016599999740719795,0.0003000000142492354,0.5266000032424927,0.05009999871253967,0.1396999955177307,0.7943000197410583
KHDRBS2|Q5VWX1,Cytoplasm|Nucleus,Nuclear localization signal,Soluble,0.5379999876022339,0.8224999904632568,0.04129999876022339,0.11949999630451202,0.04619999974966049,0.000699999975040555,0.11840000003576279,0.11420000344514847,0.01269999984651804,0.00019999999494757503,0.5486999750137329,0.024299999698996544,0.15530000627040863,0.8137000203132629
KHDRBS3|O75525,Cytoplasm|Nucleus,Nuclear localization signal,Soluble,0.5360000133514404,0.7738000154495239,0.04430000111460686,0.07919999957084656,0.061900001019239426,0.0008999999845400453,0.13670000433921814,0.07989999651908875,0.018699999898672104,9.999999747378752e-05,0.5439000129699707,0.03060000017285347,0.1671999990940094,0.7997999787330627
KHSRP|Q92945,Nucleus,Nuclear localization signal,Soluble,0.3522000014781952,0.9244999885559082,0.20309999585151672,0.03920000046491623,0.03269999846816063,0.0007999999797903001,0.032099999487400055,0.04619999974966049,0.019200000911951065,9.999999747378752e-05,0.5374000072479248,0.02630000002682209,0.1550000011920929,0.8111000061035156
KIF14|Q15058,Cytoplasm|Nucleus,Nuclear localization signal,Soluble,0.6050999760627747,0.6169999837875366,0.013500000350177288,0.0869000032544136,0.08219999819993973,0.03180000185966492,0.06989999860525131,0.0843999981880188,0.08160000294446945,0.2264000028371811,0.489300012588501,0.08810000121593475,0.06030000001192093,0.765500009059906
KIF1C|O43896,Cytoplasm,Nuclear localization signal|Nuclear export signal,Peripheral|Soluble,0.7322999835014343,0.40059998631477356,0.06210000067949295,0.3244999945163727,0.21220000088214874,0.0019000000320374966,0.19689999520778656,0.17159999907016754,0.22120000422000885,0.010700000450015068,0.6202999949455261,0.04809999838471413,0.263700008392334,0.7594000101089478
KIF24|Q5T7B8,Cytoplasm,Nuclear export signal,Soluble,0.7721999883651733,0.39100000262260437,0.03750000149011612,0.14270000159740448,0.11940000206232071,0.0019000000320374966,0.11420000344514847,0.2587999999523163,0.2079000025987625,0.03869999945163727,0.5633000135421753,0.08919999748468399,0.15610000491142273,0.7511000037193298
KIF2A|O00139,Cytoplasm,Nuclear export signal,Peripheral|Soluble,0.6614999771118164,0.49880000948905945,0.040300000458955765,0.23090000450611115,0.07339999824762344,0.0006000000284984708,0.10409999638795853,0.23559999465942383,0.1809999942779541,0.011900000274181366,0.6607999801635742,0.04399999976158142,0.26829999685287476,0.7444999814033508
KIF5B|P33176,Cytoplasm,Nuclear localization signal,Peripheral|Soluble,0.7757999897003174,0.296999990940094,0.04280000180006027,0.1826000064611435,0.13490000367164612,0.00139999995008111,0.19169999659061432,0.17069999873638153,0.3871000111103058,0.00139999995008111,0.6970999836921692,0.01979999989271164,0.2409999966621399,0.7932999730110168
KIN|O60870,Nucleus,Nuclear localization signal,Soluble,0.37700000405311584,0.9272000193595886,0.033799998462200165,0.008999999612569809,0.05169999971985817,0.0035000001080334187,0.02710000053048134,0.01889999955892563,0.018300000578165054,0.0005000000237487257,0.3346000015735626,0.020899999886751175,0.0949999988079071,0.8489999771118164
KLC1|Q07866,Cytoplasm|Nucleus,Nuclear export signal,Peripheral|Soluble,0.7680000066757202,0.5509999990463257,0.0478999987244606,0.16859999299049377,0.15760000050067902,0.004100000020116568,0.05909999832510948,0.2964000105857849,0.24609999358654022,0.03229999914765358,0.6650000214576721,0.03680000081658363,0.23960000276565552,0.7562000155448914
KMT2A|Q03164,Nucleus,Nuclear localization signal,Soluble,0.24320000410079956,0.9111999869346619,0.046799998730421066,0.03519999980926514,0.08209999650716782,0.023499999195337296,0.03009999915957451,0.007600000128149986,0.016100000590085983,0.0020000000949949026,0.46000000834465027,0.13410000503063202,0.1266999989748001,0.7321000099182129
KMT2B|Q9UMN6,Nucleus,Nuclear localization signal,Soluble,0.24089999496936798,0.9100000262260437,0.04490000009536743,0.08789999783039093,0.13289999961853027,0.007499999832361937,0.05180000141263008,0.018699999898672104,0.0284000001847744,0.0035000001080334187,0.508400022983551,0.09560000151395798,0.16369999945163727,0.8001000285148621
KMT2C|Q8NEZ4,Nucleus,Nuclear localization signal,Soluble,0.28279998898506165,0.925000011920929,0.025599999353289604,0.02669999934732914,0.0689999982714653,0.03999999910593033,0.07050000131130219,0.019300000742077827,0.09179999679327011,0.0007999999797903001,0.47780001163482666,0.051899999380111694,0.11089999973773956,0.820900022983551
KMT2D|O14686,Cytoplasm|Nucleus,Nuclear localization signal|Nuclear export signal,Soluble,0.5299000144004822,0.7842000126838684,0.02669999934732914,0.06679999828338623,0.10610000044107437,0.014499999582767487,0.13609999418258667,0.0632999986410141,0.11079999804496765,0.0010000000474974513,0.5404999852180481,0.05689999833703041,0.11140000075101852,0.7967000007629395
KNOP1|Q1ED39,Nucleus,Nuclear localization signal,Soluble,0.3086000084877014,0.8924000263214111,0.060499999672174454,0.045099999755620956,0.011099999770522118,0.0012000000569969416,0.05979999899864197,0.04259999841451645,0.18520000576972961,0.0017000000225380063,0.350600004196167,0.053700000047683716,0.21549999713897705,0.8741000294685364
KPNA1|P52294,Cytoplasm|Nucleus,Nuclear export signal,Soluble,0.6341999769210815,0.7303000092506409,0.007400000002235174,0.19280000030994415,0.0364999994635582,0.0019000000320374966,0.07100000232458115,0.14920000731945038,0.24240000545978546,0.04089999943971634,0.453900009393692,0.041200000792741776,0.15970000624656677,0.7878000140190125
KPNA2|P52292,Cytoplasm|Nucleus,Nuclear export signal,Soluble,0.6462000012397766,0.5712000131607056,0.006200000178068876,0.16419999301433563,0.035999998450279236,0.008700000122189522,0.10339999943971634,0.18719999492168427,0.3776000142097473,0.03929999843239784,0.43160000443458557,0.042100001126527786,0.10090000182390213,0.7802000045776367
KPNA3|O00505,Cytoplasm|Nucleus,Nuclear export signal,Soluble,0.6407999992370605,0.5353000164031982,0.005900000222027302,0.15600000321865082,0.028999999165534973,0.003599999938160181,0.2117999941110611,0.22470000386238098,0.4666000008583069,0.061799999326467514,0.45239999890327454,0.046300001442432404,0.1315000057220459,0.7795000076293945
KPNA4|O00629,Cytoplasm|Nucleus,Nuclear export signal,Soluble,0.642799973487854,0.5900999903678894,0.0066999997943639755,0.19740000367164612,0.03629999980330467,0.00559999980032444,0.133200004696846,0.21199999749660492,0.4521999955177307,0.04340000078082085,0.4706999957561493,0.0414000004529953,0.12309999763965607,0.7829999923706055
KPNA6|O60684,Cytoplasm|Nucleus,Nuclear export signal,Soluble,0.609000027179718,0.692799985408783,0.0052999998442828655,0.2345000058412552,0.0364999994635582,0.00279999990016222,0.09009999781847,0.19529999792575836,0.2815999984741211,0.059700001031160355,0.5055000185966492,0.04960000142455101,0.18119999766349792,0.7526000142097473
KPNB1|Q14974,Cytoplasm|Nucleus,Nuclear localization signal|Nuclear export signal,Soluble,0.6419000029563904,0.7300000190734863,0.012199999764561653,0.23090000450611115,0.12319999933242798,0.002300000051036477,0.13099999725818634,0.13349999487400055,0.14149999618530273,0.010400000028312206,0.5863999724388123,0.04729999974370003,0.1639000028371811,0.7433000206947327
KRI1|Q8N9T8,Nucleus,Nuclear localization signal,Soluble,0.33469998836517334,0.8883000016212463,0.04569999873638153,0.061400000005960464,0.11640000343322754,0.00019999999494757503,0.1379999965429306,0.013399999588727951,0.02160000056028366,0.004900000058114529,0.29499998688697815,0.054099999368190765,0.16990000009536743,0.9014999866485596
KRR1|Q13601,Nucleus,Nuclear localization signal,Soluble,0.4611999988555908,0.8601999878883362,0.04569999873638153,0.07129999995231628,0.0551999993622303,0.007899999618530273,0.07010000199079514,0.011699999682605267,0.0348999984562397,0.0008999999845400453,0.3165999948978424,0.03269999846816063,0.1607999950647354,0.8592000007629395
KTN1|Q86UP2,Endoplasmic reticulum|Golgi apparatus,Signal peptide|Transmembrane domain,Transmembrane,0.2831999957561493,0.12929999828338623,0.16680000722408295,0.4146000146865845,0.11479999870061874,0.011800000444054604,0.8626999855041504,0.3831000030040741,0.7236999869346619,0.07150000333786011,0.2167000025510788,0.9796000123023987,0.3262999951839447,0.10459999740123749
L1TD1|Q5T7N2,Cytoplasm|Nucleus,Nuclear localization signal,Soluble,0.6473000049591064,0.6564000248908997,0.22679999470710754,0.08179999887943268,0.06390000134706497,0.05119999870657921,0.13050000369548798,0.06390000134706497,0.07850000262260437,0.011900000274181366,0.43529999256134033,0.041099999099969864,0.1826999932527542,0.8633999824523926
L3MBTL3|Q96JM7,Nucleus,Nuclear localization signal,Soluble,0.25110000371932983,0.911300003528595,0.036400001496076584,0.020500000566244125,0.05169999971985817,0.006099999882280827,0.09239999949932098,0.02070000022649765,0.03530000150203705,0.0007999999797903001,0.5249000191688538,0.053700000047683716,0.3208000063896179,0.8001000285148621
L3MBTL4|Q8NA19,Nucleus,Nuclear localization signal,Soluble,0.32760000228881836,0.8816999793052673,0.04600000008940697,0.016699999570846558,0.08780000358819962,0.0019000000320374966,0.07490000128746033,0.027699999511241913,0.04320000112056732,0.0052999998442828655,0.5101000070571899,0.05009999871253967,0.2858999967575073,0.8062000274658203
LARP1|Q6PKG0,Cytoplasm,Nuclear localization signal,Soluble,0.805400013923645,0.31040000915527344,0.09799999743700027,0.17409999668598175,0.12950000166893005,0.0013000000035390258,0.20309999585151672,0.10360000282526016,0.14920000731945038,0.0035000001080334187,0.5609999895095825,0.04610000178217888,0.1573999971151352,0.8119999766349792
LARP1B|Q659C4,Cytoplasm,Nuclear localization signal|Nuclear export signal,Peripheral|Soluble,0.8022000193595886,0.36070001125335693,0.08009999990463257,0.19099999964237213,0.12080000340938568,0.0007999999797903001,0.17710000276565552,0.12479999661445618,0.17960000038146973,0.007199999876320362,0.6373999714851379,0.04699999839067459,0.2222999930381775,0.7746999859809875
LARP4|Q71RC2,Cytoplasm,Nuclear localization signal,Soluble,0.8061000108718872,0.3330000042915344,0.10830000042915344,0.14300000667572021,0.05530000105500221,0.0005000000237487257,0.2581000030040741,0.05739999935030937,0.13420000672340393,0.00279999990016222,0.5449000000953674,0.08139999955892563,0.3734000027179718,0.767799973487854
LARP4B|Q92615,Cytoplasm,Nuclear export signal,Soluble,0.7804999947547913,0.303600013256073,0.10369999706745148,0.18129999935626984,0.059700001031160355,0.0006000000284984708,0.2556000053882599,0.0997999981045723,0.17579999566078186,0.004900000058114529,0.5195000171661377,0.050200000405311584,0.3668999969959259,0.838699996471405
LARP6|Q9BRS8,Cytoplasm|Nucleus,Nuclear localization signal,Soluble,0.6675999760627747,0.6180999875068665,0.0706000030040741,0.09799999743700027,0.06499999761581421,0.0015999999595806003,0.10890000313520432,0.02879999950528145,0.06319999694824219,0.00019999999494757503,0.5248000025749207,0.05559999868273735,0.15870000422000885,0.8288000226020813
LARP7|Q4G0J3,Nucleus,Nuclear localization signal,Soluble,0.3260999917984009,0.8781999945640564,0.055799998342990875,0.05829999968409538,0.011099999770522118,0.008100000210106373,0.0982000008225441,0.006899999920278788,0.026399999856948853,0.0007999999797903001,0.2992999851703644,0.042500000447034836,0.29109999537467957,0.8838000297546387
LARS1|Q9P2J5,Cytoplasm,,Soluble,0.6482999920845032,0.28130000829696655,0.04100000113248825,0.10939999669790268,0.12559999525547028,0.025699999183416367,0.31209999322891235,0.14569999277591705,0.18359999358654022,0.022299999371170998,0.447299987077713,0.07680000364780426,0.19359999895095825,0.7730000019073486
LARS2|Q15031,Mitochondrion,Mitochondrial transit peptide,Soluble,0.15160000324249268,0.12290000170469284,0.0869000032544136,0.05040000006556511,0.920799970626831,0.009200000204145908,0.12219999730587006,0.06769999861717224,0.08590000122785568,0.0674000009894371,0.4733000099658966,0.16429999470710754,0.18140000104904175,0.7087000012397766
LAS1L|Q9Y4W2,Nucleus,Nuclear export signal,Soluble,0.41119998693466187,0.6365000009536743,0.031199999153614044,0.1429000049829483,0.12929999828338623,0.0010999999940395355,0.15790000557899475,0.14810000360012054,0.048700001090765,0.02759999968111515,0.5238000154495239,0.17900000512599945,0.17419999837875366,0.7210999727249146
LBR|Q14739,Nucleus,Nuclear localization signal,Transmembrane,0.14010000228881836,0.569599986076355,0.005900000222027302,0.09380000084638596,0.032600000500679016,0.03370000049471855,0.6092000007629395,0.08420000225305557,0.17790000140666962,0.003000000026077032,0.08020000159740448,0.9930999875068665,0.01209999993443489,0.10980000346899033
LCP2|Q13094,Cytoplasm,Nuclear localization signal,Soluble,0.7193999886512756,0.25929999351501465,0.21199999749660492,0.1762000024318695,0.09269999712705612,0.0012000000569969416,0.07490000128746033,0.08060000091791153,0.11739999800920486,0.0017999999690800905,0.5253999829292297,0.040300000458955765,0.12370000034570694,0.8252000212669373
LDHA|P00338,Cytoplasm,Nuclear export signal,Soluble,0.7355999946594238,0.2768999934196472,0.020899999886751175,0.3986000120639801,0.44200000166893005,0.00559999980032444,0.17059999704360962,0.13920000195503235,0.23350000381469727,0.18960000574588776,0.5149999856948853,0.0494999997317791,0.46939998865127563,0.7666000127792358
LDHB|P07195,Cytoplasm,Peroxisomal targeting signal,Soluble,0.6467000246047974,0.2434999942779541,0.018799999728798866,0.3490999937057495,0.28209999203681946,0.019600000232458115,0.30570000410079956,0.07970000058412552,0.21310000121593475,0.4499000012874603,0.49570000171661377,0.03139999881386757,0.3260999917984009,0.796999990940094
LEMD3|Q9Y2U8,Endoplasmic reticulum,Transmembrane domain,Transmembrane,0.18119999766349792,0.3456000089645386,0.009499999694526196,0.20520000159740448,0.09870000183582306,0.0032999999821186066,0.6607999801635742,0.2605000138282776,0.4772999882698059,0.035599999129772186,0.22460000216960907,0.9930999875068665,0.1500999927520752,0.08089999854564667
LENG9|Q96B70,Cytoplasm,,Soluble,0.4855000078678131,0.4893999993801117,0.5898000001907349,0.12620000541210175,0.37209999561309814,0.00139999995008111,0.1096000000834465,0.05530000105500221,0.1500999927520752,0.012900000438094139,0.4945000112056732,0.13539999723434448,0.1753000020980835,0.7736999988555908
LEO1|Q8WVC0,Nucleus,Nuclear localization signal,Soluble,0.30970001220703125,0.9045000076293945,0.17970000207424164,0.08309999853372574,0.07329999655485153,0.0008999999845400453,0.018699999898672104,0.05660000070929527,0.03519999980926514,0.0007999999797903001,0.41370001435279846,0.020899999886751175,0.19859999418258667,0.8998000025749207
LIN28A|Q9H9Z2,Cytoplasm|Nucleus,Nuclear localization signal,Soluble,0.5293999910354614,0.5853999853134155,0.19220000505447388,0.06360000371932983,0.05009999871253967,0.00139999995008111,0.19699999690055847,0.27889999747276306,0.07620000094175339,0.003599999938160181,0.376800000667572,0.06759999692440033,0.18219999969005585,0.8306000232696533
LIN28B|Q6ZN17,Cytoplasm|Nucleus,Nuclear localization signal,Soluble,0.49070000648498535,0.7581999897956848,0.11230000108480453,0.05079999938607216,0.0731000006198883,0.002899999963119626,0.24660000205039978,0.1324000060558319,0.07989999651908875,0.011900000274181366,0.3610000014305115,0.042899999767541885,0.19089999794960022,0.8720999956130981
LLPH|Q9BRT6,Nucleus,Nuclear localization signal,Soluble,0.44209998846054077,0.6366000175476074,0.030799999833106995,0.05689999833703041,0.11959999799728394,0.0019000000320374966,0.09350000321865082,0.011699999682605267,0.007600000128149986,0.0008999999845400453,0.17509999871253967,0.028300000354647636,0.20810000598430634,0.9089000225067139
LMNA|P02545,Cytoplasm|Nucleus,Nuclear localization signal,Lipid anchor|Soluble,0.5383999943733215,0.7217000126838684,0.062199998646974564,0.17190000414848328,0.059300001710653305,0.0017999999690800905,0.0754999965429306,0.12960000336170197,0.17880000174045563,0.013700000010430813,0.4262999892234802,0.07159999758005142,0.8605999946594238,0.5825999975204468
LMNB1|P20700,Cytoplasm|Nucleus,Nuclear localization signal,Lipid anchor|Soluble,0.5189999938011169,0.7200000286102295,0.08669999986886978,0.2013999968767166,0.0568000003695488,0.0007999999797903001,0.11789999902248383,0.10809999704360962,0.14419999718666077,0.004999999888241291,0.4982999861240387,0.041999999433755875,0.902899980545044,0.607699990272522
LOC127814297|U3KPZ7,Nucleus,Nuclear localization signal,Soluble,0.43650001287460327,0.8878999948501587,0.02370000071823597,0.03779999911785126,0.053700000047683716,0.0010000000474974513,0.11270000040531158,0.05590000003576279,0.020500000566244125,0.002199999988079071,0.580299973487854,0.06620000302791595,0.3711000084877014,0.7694000005722046
LONP1|P36776,Mitochondrion,Mitochondrial transit peptide,Peripheral|Soluble,0.15360000729560852,0.1720000058412552,0.042500000447034836,0.17589999735355377,0.9354000091552734,0.005400000140070915,0.09749999642372131,0.0729999989271164,0.12559999525547028,0.04820000007748604,0.718999981880188,0.07829999923706055,0.23350000381469727,0.6635000109672546
LRBA|P50851,Cytoplasm,Nuclear export signal,Peripheral|Soluble,0.5730000138282776,0.3107999861240387,0.09619999676942825,0.382999986410141,0.21539999544620514,0.0035000001080334187,0.4456000030040741,0.47510001063346863,0.45719999074935913,0.004800000227987766,0.6836000084877014,0.2037999927997589,0.19670000672340393,0.5648000240325928
LRPPRC|P42704,Mitochondrion,Mitochondrial transit peptide,Peripheral|Soluble,0.1306000053882599,0.2011999934911728,0.04399999976158142,0.1462000012397766,0.8981999754905701,0.006300000008195639,0.10729999840259552,0.10740000009536743,0.17520000040531158,0.026000000536441803,0.7250999808311462,0.17910000681877136,0.05480000004172325,0.5583999752998352
LRRC47|Q8N1G4,Cytoplasm,Nuclear localization signal,Peripheral|Soluble,0.6502000093460083,0.4551999866962433,0.056699998676776886,0.17679999768733978,0.16169999539852142,0.0003000000142492354,0.23180000483989716,0.0940999984741211,0.3260999917984009,0.001500000013038516,0.6518999934196472,0.0835999995470047,0.11739999800920486,0.7498000264167786
LRRC59|Q96AG4,Endoplasmic reticulum,,Transmembrane,0.17720000445842743,0.4043000042438507,0.0430000014603138,0.24770000576972961,0.3456999957561493,0.03139999881386757,0.6014000177383423,0.30799999833106995,0.4302999973297119,0.0729999989271164,0.13420000672340393,0.954200029373169,0.11100000143051147,0.24549999833106995
LRRFIP1|Q32MZ4,Cytoplasm,Nuclear localization signal,Lipid anchor|Soluble,0.6452999711036682,0.38960000872612,0.07270000129938126,0.4106000065803528,0.1339000016450882,0.0005000000237487257,0.24879999458789825,0.13490000367164612,0.6265000104904175,0.01860000006854534,0.5618000030517578,0.04410000145435333,0.8948000073432922,0.6875
LRSAM1|Q6UWE0,Cytoplasm,Nuclear export signal,Peripheral|Soluble,0.6700999736785889,0.45980000495910645,0.025299999862909317,0.2768000066280365,0.18160000443458557,0.0020000000949949026,0.07850000262260437,0.3407000005245209,0.3646000027656555,0.006899999920278788,0.7615000009536743,0.04529999941587448,0.46810001134872437,0.708899974822998
LSG1|Q9H089,Cytoplasm|Nucleus,Nuclear localization signal|Nuclear export signal,Soluble,0.5827000141143799,0.7767999768257141,0.002199999988079071,0.02319999970495701,0.1429000049829483,0.00430000014603138,0.4221000075340271,0.02669999934732914,0.07900000363588333,0.005100000184029341,0.4991999864578247,0.045899998396635056,0.13539999723434448,0.7821000218391418
LSM1|O15116,Cytoplasm|Nucleus,Nuclear localization signal|Nuclear export signal,Peripheral|Soluble,0.6488000154495239,0.6962000131607056,0.010300000198185444,0.017799999564886093,0.0982000008225441,0.0020000000949949026,0.04820000007748604,0.15189999341964722,0.0868000015616417,0.0024999999441206455,0.6304000020027161,0.031599998474121094,0.15539999306201935,0.7014999985694885
LSM10|Q969L4,Cytoplasm|Nucleus,Nuclear localization signal,Soluble,0.6152999997138977,0.7502999901771545,0.039799999445676804,0.0340999998152256,0.24860000610351562,0.006599999964237213,0.037300001829862595,0.06040000170469284,0.05299999937415123,0.0020000000949949026,0.41339999437332153,0.02329999953508377,0.059700001031160355,0.8378999829292297
LSM11|P83369,Cytoplasm|Nucleus,Nuclear localization signal,Soluble,0.4918000102043152,0.5910999774932861,0.008999999612569809,0.06719999760389328,0.3000999987125397,0.00139999995008111,0.0681999996304512,0.10109999775886536,0.05700000002980232,0.016899999231100082,0.4230000078678131,0.10740000009536743,0.08500000089406967,0.7706000208854675
LSM12|Q3MHD2,Cytoplasm|Nucleus,,Soluble,0.6629999876022339,0.5807999968528748,0.017000000923871994,0.08179999887943268,0.4074999988079071,0.0020000000949949026,0.17440000176429749,0.19939999282360077,0.19480000436306,0.026100000366568565,0.43790000677108765,0.03840000182390213,0.15710000693798065,0.8468999862670898
LSM14A|Q8ND56,Cytoplasm|Nucleus,Nuclear localization signal|Nuclear export signal,Soluble,0.7648000121116638,0.5375999808311462,0.24269999563694,0.09049999713897705,0.11190000176429749,0.0008999999845400453,0.14329999685287476,0.048700001090765,0.055799998342990875,0.0017999999690800905,0.5031999945640564,0.048700001090765,0.3555999994277954,0.8047000169754028
LSM14B|Q9BX40,Cytoplasm|Nucleus,Nuclear localization signal,Soluble,0.7710000276565552,0.5527999997138977,0.23080000281333923,0.05590000003576279,0.21070000529289246,0.0010000000474974513,0.16369999945163727,0.03180000185966492,0.08060000091791153,0.0017999999690800905,0.5159000158309937,0.03269999846816063,0.2815999984741211,0.808899998664856
LSM2|Q9Y333,Cytoplasm|Nucleus,Nuclear localization signal,Soluble,0.6190999746322632,0.6326000094413757,0.056299999356269836,0.0763000026345253,0.14970000088214874,0.002899999963119626,0.07580000162124634,0.2443999946117401,0.14949999749660492,0.007899999618530273,0.5533000230789185,0.13019999861717224,0.4609000086784363,0.572700023651123
LSM3|P62310,Cytoplasm|Nucleus,Nuclear localization signal|Nuclear export signal,Soluble,0.6478000283241272,0.6872000098228455,0.019200000911951065,0.04050000011920929,0.10830000042915344,0.001500000013038516,0.07240000367164612,0.163100004196167,0.06270000338554382,0.017400000244379044,0.4564000070095062,0.019600000232458115,0.07050000131130219,0.8126000165939331
LSM4|Q9Y4Z0,Cytoplasm|Nucleus,Nuclear localization signal,Soluble,0.5652999877929688,0.6872000098228455,0.11919999867677689,0.042899999767541885,0.16040000319480896,0.004000000189989805,0.08820000290870667,0.020500000566244125,0.0414000004529953,0.0024999999441206455,0.4489000141620636,0.04969999939203262,0.34540000557899475,0.7249000072479248
LSM5|Q9Y4Y9,Cytoplasm|Nucleus,Nuclear export signal,Soluble,0.6639000177383423,0.7046999931335449,0.01769999973475933,0.08889999985694885,0.13109999895095825,0.000699999975040555,0.09929999709129333,0.23440000414848328,0.1088000014424324,0.009399999864399433,0.5146999955177307,0.022700000554323196,0.12430000305175781,0.781499981880188
LSM6|P62312,Cytoplasm|Nucleus,Nuclear localization signal,Soluble,0.6553000211715698,0.7207000255584717,0.044199999421834946,0.06689999997615814,0.3343000113964081,0.007799999788403511,0.08410000056028366,0.13279999792575836,0.061400000005960464,0.010700000450015068,0.42500001192092896,0.04470000043511391,0.2282000035047531,0.7739999890327454
LSM7|Q9UK45,Cytoplasm|Nucleus,Nuclear localization signal,Soluble,0.6728000044822693,0.6342999935150146,0.008500000461935997,0.08860000222921371,0.2418999969959259,0.0019000000320374966,0.12939999997615814,0.31200000643730164,0.094200000166893,0.0071000000461936,0.4269999861717224,0.016599999740719795,0.2143000066280365,0.8547999858856201
LSM8|O95777,Cytoplasm|Nucleus,Nuclear localization signal,Soluble,0.7678999900817871,0.6639000177383423,0.039900001138448715,0.01209999993443489,0.20399999618530273,0.002199999988079071,0.027000000700354576,0.22470000386238098,0.08820000290870667,0.027499999850988388,0.546999990940094,0.022099999710917473,0.21230000257492065,0.7760000228881836
LTA4H|P09960,Cytoplasm,,Soluble,0.6887000203132629,0.38370001316070557,0.0722000002861023,0.07970000058412552,0.11339999735355377,0.016499999910593033,0.3531000018119812,0.05000000074505806,0.2752000093460083,0.10170000046491623,0.5692999958992004,0.045499999076128006,0.0812000036239624,0.7301999926567078
LTV1|Q96GA3,Cytoplasm|Nucleus,Nuclear localization signal,Soluble,0.48420000076293945,0.6509000062942505,0.010400000028312206,0.0632999986410141,0.19449999928474426,0.0013000000035390258,0.06069999933242798,0.06379999965429306,0.047600001096725464,0.00430000014603138,0.3366999924182892,0.03519999980926514,0.16859999299049377,0.8695999979972839
LUC7L|Q9NQ29,Nucleus,Nuclear localization signal,Soluble,0.23589999973773956,0.871399998664856,0.01080000028014183,0.07620000094175339,0.05950000137090683,0.0044999998062849045,0.0625,0.006099999882280827,0.009999999776482582,0.0008999999845400453,0.5690000057220459,0.01899999938905239,0.1590999960899353,0.833899974822998
LUC7L2|Q9Y383,Nucleus,Nuclear localization signal,Soluble,0.249099999666214,0.8636000156402588,0.01769999973475933,0.08309999853372574,0.027799999341368675,0.005200000014156103,0.07460000365972519,0.004800000227987766,0.01720000058412552,0.0003000000142492354,0.5878999829292297,0.014999999664723873,0.13910000026226044,0.8337000012397766
LUC7L3|O95232,Nucleus,Nuclear localization signal,Soluble,0.2232999950647354,0.8263000249862671,0.031599998474121094,0.07169999927282333,0.05090000107884407,0.010400000028312206,0.1046999990940094,0.012000000104308128,0.03709999844431877,0.000699999975040555,0.5981000065803528,0.01979999989271164,0.1809999942779541,0.8199999928474426
LUZP4|Q9P127,Cytoplasm|Nucleus,Nuclear localization signal,Soluble,0.6025000214576721,0.6593000292778015,0.026499999687075615,0.09799999743700027,0.08749999850988388,0.00279999990016222,0.10140000283718109,0.03460000082850456,0.040699999779462814,0.0544000007212162,0.3465999960899353,0.05339999869465828,0.12790000438690186,0.8346999883651733
LYAR|Q9NX58,Nucleus,Nuclear localization signal,Soluble,0.2280000001192093,0.921999990940094,0.09309999644756317,0.041999999433755875,0.00930000003427267,0.005900000222027302,0.054999999701976776,0.03370000049471855,0.09769999980926514,0.00139999995008111,0.4244000017642975,0.02879999950528145,0.263700008392334,0.8561999797821045
MACF1|Q9UPN3,Cytoplasm,Nuclear localization signal,Peripheral|Soluble,0.7450000047683716,0.36640000343322754,0.09589999914169312,0.44940000772476196,0.12479999661445618,0.007499999832361937,0.16009999811649323,0.10970000177621841,0.35569998621940613,0.0024999999441206455,0.7062000036239624,0.03819999843835831,0.28839999437332153,0.7527999877929688
MACROH2A1|O75367,Cytoplasm|Nucleus,Nuclear localization signal,Soluble,0.49239999055862427,0.6388000249862671,0.18359999358654022,0.15080000460147858,0.09510000050067902,0.13349999487400055,0.0333000011742115,0.07180000096559525,0.03840000182390213,0.004100000020116568,0.37770000100135803,0.016899999231100082,0.1696999967098236,0.8920000195503235
MAGOH|P61326,Cytoplasm,,Soluble,0.6248999834060669,0.4984999895095825,0.13539999723434448,0.05220000073313713,0.29899999499320984,0.012000000104308128,0.24789999425411224,0.2632000148296356,0.20659999549388885,0.05090000107884407,0.5871000289916992,0.13779999315738678,0.043800000101327896,0.6517000198364258
MAGOHB|Q96A72,Cytoplasm,,Soluble,0.5874999761581421,0.4584999978542328,0.19089999794960022,0.08229999989271164,0.319599986076355,0.017400000244379044,0.27309998869895935,0.23119999468326569,0.13819999992847443,0.12219999730587006,0.5271999835968018,0.20880000293254852,0.08510000258684158,0.6072999835014343
MAK16|Q9BXY0,Nucleus,Nuclear localization signal,Soluble,0.28119999170303345,0.8561999797821045,0.05249999836087227,0.014600000344216824,0.06939999759197235,0.0020000000949949026,0.06560000032186508,0.017100000753998756,0.03280000016093254,0.00039999998989515007,0.33809998631477356,0.0210999995470047,0.11599999666213989,0.8986999988555908
MALSU1|Q96EH3,Mitochondrion,Mitochondrial transit peptide,Peripheral|Soluble,0.1362999975681305,0.16869999468326569,0.049300000071525574,0.11590000241994858,0.9635000228881836,0.014499999582767487,0.06909999996423721,0.07050000131130219,0.19949999451637268,0.028999999165534973,0.6639000177383423,0.18960000574588776,0.11590000241994858,0.5623999834060669
MANF|P55145,Extracellular,Signal peptide,Soluble,0.12349999696016312,0.1136000007390976,0.6341999769210815,0.1429000049829483,0.17159999907016754,0.020899999886751175,0.448199987411499,0.3849000036716461,0.33820000290870667,0.1607999950647354,0.3716000020503998,0.05550000071525574,0.0812000036239624,0.8361999988555908
MAP2|P11137,Cytoplasm,Nuclear localization signal,Peripheral|Soluble,0.8130000233650208,0.3928999900817871,0.43130001425743103,0.46389999985694885,0.14110000431537628,0.009399999864399433,0.1316000074148178,0.066600002348423,0.10010000318288803,0.006000000052154064,0.6230999827384949,0.03420000150799751,0.4668999910354614,0.8237000107765198
MAP3K20|Q9NYL2,Cytoplasm,Nuclear localization signal|Nuclear export signal,Peripheral|Soluble,0.6992999911308289,0.5181999802589417,0.036400001496076584,0.2619999945163727,0.16110000014305115,0.0026000000070780516,0.15189999341964722,0.16259999573230743,0.22269999980926514,0.002899999963119626,0.6410999894142151,0.08150000125169754,0.16760000586509705,0.725600004196167
MAP4|P27816,Cytoplasm|Nucleus,Nuclear localization signal,Soluble,0.7124000191688538,0.5534999966621399,0.31049999594688416,0.20999999344348907,0.15569999814033508,0.002899999963119626,0.0949999988079071,0.024299999698996544,0.12030000239610672,0.008100000210106373,0.546999990940094,0.024000000208616257,0.41350001096725464,0.8884000182151794
MAPRE1|Q15691,Cytoplasm,Nuclear localization signal|Nuclear export signal,Soluble,0.8098000288009644,0.19939999282360077,0.013799999840557575,0.10220000147819519,0.24740000069141388,0.0008999999845400453,0.1687999963760376,0.21220000088214874,0.4860999882221222,0.007499999832361937,0.5685999989509583,0.017799999564886093,0.30140000581741333,0.7827000021934509
MAPT|P10636,Cytoplasm,Nuclear localization signal,Peripheral|Soluble,0.8044999837875366,0.4722999930381775,0.5648000240325928,0.4810999929904938,0.15289999544620514,0.0024999999441206455,0.14000000059604645,0.1177000030875206,0.12880000472068787,0.021299999207258224,0.6463000178337097,0.039799999445676804,0.5238999724388123,0.8025000095367432
MARF1|Q9Y4F3,Cytoplasm|Nucleus,Nuclear localization signal|Nuclear export signal,Soluble,0.696399986743927,0.6589000225067139,0.08889999985694885,0.0843999981880188,0.1412999927997589,0.01549999974668026,0.1371999979019165,0.17730000615119934,0.23520000278949738,0.3720000088214874,0.47290000319480896,0.08760000020265579,0.18150000274181366,0.8029000163078308
MARS1|P56192,Cytoplasm,Nuclear localization signal,Soluble,0.6955999732017517,0.45579999685287476,0.08720000088214874,0.1177000030875206,0.2451000064611435,0.0034000000450760126,0.40779998898506165,0.10809999704360962,0.38499999046325684,0.027699999511241913,0.5903000235557556,0.07479999959468842,0.2985000014305115,0.7540000081062317
MARS2|Q96GW9,Mitochondrion,Mitochondrial transit peptide,Soluble,0.13279999792575836,0.11980000138282776,0.0471000000834465,0.05299999937415123,0.9266999959945679,0.029100000858306885,0.1128000020980835,0.12129999697208405,0.13750000298023224,0.020099999383091927,0.4961000084877014,0.18070000410079956,0.03539999946951866,0.6416000127792358
MATR3|P43243,Nucleus,Nuclear localization signal,Soluble,0.3077000081539154,0.9442999958992004,0.09269999712705612,0.02199999988079071,0.0348999984562397,0.0019000000320374966,0.056699998676776886,0.006399999838322401,0.007699999958276749,0.0003000000142492354,0.38190001249313354,0.06689999997615814,0.15479999780654907,0.83160001039505
MBNL1|Q9NR56,Nucleus,Nuclear localization signal,Soluble,0.3353999853134155,0.8648999929428101,0.04450000077486038,0.012299999594688416,0.04670000076293945,0.000699999975040555,0.03440000116825104,0.011800000444054604,0.008999999612569809,0.00019999999494757503,0.4442000091075897,0.05380000174045563,0.16120000183582306,0.8091999888420105
MBNL2|Q5VZF2,Nucleus,Nuclear localization signal,Soluble,0.39980000257492065,0.8388000130653381,0.05559999868273735,0.02319999970495701,0.05959999933838844,0.0017999999690800905,0.03999999910593033,0.016300000250339508,0.01850000023841858,0.00039999998989515007,0.5550000071525574,0.09740000218153,0.23000000417232513,0.7164999842643738
MBNL3|Q9NUK0,Nucleus,Nuclear localization signal,Soluble,0.391400009393692,0.8374000191688538,0.04149999842047691,0.020600000396370888,0.03909999877214432,0.0010000000474974513,0.02669999934732914,0.010400000028312206,0.009399999864399433,0.00019999999494757503,0.45509999990463257,0.04569999873638153,0.09319999814033508,0.8209999799728394
MCAT|Q8IVS2,Mitochondrion,Mitochondrial transit peptide,Peripheral|Soluble,0.20010000467300415,0.13840000331401825,0.07490000128746033,0.14650000631809235,0.9459999799728394,0.003599999938160181,0.09309999644756317,0.11349999904632568,0.12620000541210175,0.050999999046325684,0.6668000221252441,0.08240000158548355,0.1315000057220459,0.7166000008583069
MCM3|P25205,Nucleus,Nuclear localization signal,Peripheral|Soluble,0.1834000051021576,0.935699999332428,0.06629999727010727,0.01759999990463257,0.11590000241994858,0.022700000554323196,0.1370999962091446,0.012400000356137753,0.045099999755620956,0.009399999864399433,0.6281999945640564,0.04520000144839287,0.18799999356269836,0.7290999889373779
MCM5|P33992,Nucleus,Nuclear localization signal,Peripheral|Soluble,0.3264999985694885,0.843999981880188,0.17900000512599945,0.047200001776218414,0.07800000160932541,0.006500000134110451,0.11580000072717667,0.062300000339746475,0.03009999915957451,0.001500000013038516,0.6940000057220459,0.03889999911189079,0.08240000158548355,0.7206000089645386
MCTS1|Q9ULC4,Cytoplasm|Nucleus,Nuclear localization signal,Soluble,0.8151000142097473,0.6261000037193298,0.023800000548362732,0.09399999678134918,0.21060000360012054,0.021700000390410423,0.05730000138282776,0.03739999979734421,0.02160000056028366,0.0010999999940395355,0.35929998755455017,0.02710000053048134,0.16130000352859497,0.8411999940872192
MDC1|Q14676,Nucleus,Nuclear localization signal,Soluble,0.3118000030517578,0.8730000257492065,0.03150000050663948,0.08340000361204147,0.0632999986410141,0.002300000051036477,0.04839999973773956,0.02930000051856041,0.08330000191926956,0.0017000000225380063,0.49630001187324524,0.07639999687671661,0.2754000127315521,0.7991999983787537
MDH1|P40925,Cytoplasm|Nucleus,Nuclear localization signal,Soluble,0.7766000032424927,0.5490000247955322,0.012400000356137753,0.2897000014781952,0.18469999730587006,0.026499999687075615,0.20319999754428864,0.07930000126361847,0.18029999732971191,0.19349999725818634,0.4090999960899353,0.03319999948143959,0.14900000393390656,0.8281000256538391
MDH2|P40926,Mitochondrion,Mitochondrial transit peptide,Peripheral|Soluble,0.15780000388622284,0.08460000157356262,0.029600000008940697,0.07750000059604645,0.9477999806404114,0.019999999552965164,0.045899998396635056,0.04149999842047691,0.07029999792575836,0.01759999990463257,0.6891000270843506,0.025800000876188278,0.07029999792575836,0.6851999759674072
MDN1|Q9NU22,Cytoplasm|Nucleus,Nuclear localization signal,Peripheral|Soluble,0.5347999930381775,0.7222999930381775,0.19789999723434448,0.14470000565052032,0.1956000030040741,0.0012000000569969416,0.1688999980688095,0.027699999511241913,0.06800000369548798,0.04809999838471413,0.6690999865531921,0.08380000293254852,0.16290000081062317,0.741599977016449
MEPCE|Q7L2J0,Nucleus,Nuclear localization signal,Soluble,0.42160001397132874,0.9172000288963318,0.04500000178813934,0.04399999976158142,0.10760000348091125,0.0006000000284984708,0.0406000018119812,0.05820000171661377,0.06400000303983688,0.001500000013038516,0.48500001430511475,0.08340000361204147,0.1054999977350235,0.7791000008583069
METAP1|P53582,Cytoplasm|Nucleus,,Soluble,0.6299999952316284,0.6407999992370605,0.034699998795986176,0.050700001418590546,0.3749000132083893,0.05260000005364418,0.11129999905824661,0.06289999932050705,0.08980000019073486,0.0689999982714653,0.3684999942779541,0.021199999377131462,0.11349999904632568,0.866100013256073
METAP2|P50579,Cytoplasm|Nucleus,Nuclear localization signal,Soluble,0.7264000177383423,0.5580000281333923,0.05480000004172325,0.05260000005364418,0.051100000739097595,0.04919999837875366,0.18729999661445618,0.03229999914765358,0.6105999946594238,0.003700000001117587,0.4948999881744385,0.03189999982714653,0.18950000405311584,0.8359000086784363
METTL1|Q9UBP6,Cytoplasm|Nucleus,Nuclear export signal,Soluble,0.5612999796867371,0.6931999921798706,0.01080000028014183,0.07119999825954437,0.19920000433921814,0.006399999838322401,0.15790000557899475,0.21320000290870667,0.09960000216960907,0.009700000286102295,0.3831000030040741,0.04479999840259552,0.04529999941587448,0.8034999966621399
METTL14|Q9HCE5,Nucleus,Nuclear localization signal,Soluble,0.45649999380111694,0.8431000113487244,0.09269999712705612,0.03929999843239784,0.04879999905824661,0.008500000461935997,0.05169999971985817,0.018300000578165054,0.06499999761581421,0.0006000000284984708,0.5069000124931335,0.03579999879002571,0.1451999992132187,0.8371000289916992
METTL16|Q86W50,Nucleus,Nuclear localization signal,Soluble,0.3257000148296356,0.8190000057220459,0.07329999655485153,0.10450000315904617,0.2061000019311905,0.001500000013038516,0.06809999793767929,0.010400000028312206,0.020500000566244125,0.0012000000569969416,0.4542999863624573,0.10949999839067459,0.30820000171661377,0.7404000163078308
METTL17|Q9H7H0,Mitochondrion,Mitochondrial transit peptide,Soluble,0.2551000118255615,0.17870000004768372,0.09589999914169312,0.12449999898672104,0.9178000092506409,0.0017999999690800905,0.09009999781847,0.0649000033736229,0.17589999735355377,0.025200000032782555,0.6039999723434448,0.19200000166893005,0.08089999854564667,0.645799994468689
METTL3|Q86U44,Nucleus,Nuclear localization signal,Soluble,0.4244000017642975,0.8356999754905701,0.04610000178217888,0.0066999997943639755,0.1225999966263771,0.008999999612569809,0.08070000261068344,0.06379999965429306,0.09309999644756317,0.001500000013038516,0.5602999925613403,0.02800000086426735,0.13269999623298645,0.8198000192642212
MEX3A|A1L020,Cytoplasm|Nucleus,Nuclear export signal,Soluble,0.7143999934196472,0.6945000290870667,0.012000000104308128,0.09200000017881393,0.0544000007212162,0.002199999988079071,0.03840000182390213,0.050200000405311584,0.08669999986886978,0.001500000013038516,0.5618000030517578,0.06030000001192093,0.11410000175237656,0.7687000036239624
MEX3B|Q6ZN04,Cytoplasm|Nucleus,Nuclear export signal,Soluble,0.6657000184059143,0.7451000213623047,0.00800000037997961,0.07930000126361847,0.03689999878406525,0.0015999999595806003,0.03759999945759773,0.032600000500679016,0.02889999933540821,0.002300000051036477,0.5827000141143799,0.06369999796152115,0.10249999910593033,0.7484999895095825
MEX3C|Q5U5Q3,Cytoplasm|Nucleus,Nuclear export signal,Soluble,0.6909999847412109,0.6972000002861023,0.02500000037252903,0.12449999898672104,0.039400000125169754,0.0017999999690800905,0.054499998688697815,0.10209999978542328,0.09130000323057175,0.002300000051036477,0.5074999928474426,0.0828000009059906,0.09839999675750732,0.7631999850273132
MEX3D|Q86XN8,Cytoplasm|Nucleus,Nuclear localization signal|Nuclear export signal,Soluble,0.7404999732971191,0.5946999788284302,0.01860000006854534,0.1460999995470047,0.07609999924898148,0.00279999990016222,0.048900000751018524,0.07400000095367432,0.10570000112056732,0.0027000000700354576,0.5569000244140625,0.10409999638795853,0.11180000007152557,0.742900013923645
MFAP1|P55081,Nucleus,Nuclear localization signal,Soluble,0.24580000340938568,0.8489999771118164,0.04859999939799309,0.03269999846816063,0.0502999983727932,0.0015999999595806003,0.08489999920129776,0.05130000039935112,0.018699999898672104,0.0017999999690800905,0.39899998903274536,0.025100000202655792,0.16359999775886536,0.8680999875068665
MKI67|P46013,Nucleus,Nuclear localization signal,Soluble,0.1703999936580658,0.9467999935150146,0.024299999698996544,0.05979999899864197,0.057100001722574234,0.015799999237060547,0.016499999910593033,0.008200000040233135,0.020500000566244125,0.006300000008195639,0.4041000008583069,0.07349999994039536,0.29840001463890076,0.8133000135421753
MKRN1|Q9UHC7,Cytoplasm|Nucleus,Nuclear localization signal,Soluble,0.6592000126838684,0.7749000191688538,0.0364999994635582,0.0340999998152256,0.22050000727176666,0.0038999998942017555,0.07100000232458115,0.06360000371932983,0.013199999928474426,0.05090000107884407,0.3379000127315521,0.1039000004529953,0.054099999368190765,0.7950000166893005
MKRN2|Q9H000,Cytoplasm|Nucleus,Nuclear export signal,Soluble,0.7062000036239624,0.6462000012397766,0.049300000071525574,0.051600001752376556,0.19920000433921814,0.003100000089034438,0.10999999940395355,0.20200000703334808,0.048500001430511475,0.04490000009536743,0.43529999256134033,0.06939999759197235,0.12370000034570694,0.8284000158309937
MKRN3|Q13064,Cytoplasm,,Soluble,0.6172999739646912,0.4921000003814697,0.06930000334978104,0.07150000333786011,0.30809998512268066,0.026499999687075615,0.3037000000476837,0.2720000147819519,0.19499999284744263,0.14169999957084656,0.4505999982357025,0.19470000267028809,0.15549999475479126,0.6955999732017517
MKRN4P|Q13434,Cytoplasm|Nucleus,,Soluble,0.6657999753952026,0.6744999885559082,0.06840000301599503,0.05130000039935112,0.1517000049352646,0.0044999998062849045,0.07729999721050262,0.1388999968767166,0.041099999099969864,0.0737999975681305,0.39149999618530273,0.0697999969124794,0.15360000729560852,0.8008999824523926
MMTAG2|Q9BU76,Nucleus,Nuclear localization signal,Soluble,0.1673000007867813,0.9498000144958496,0.04410000145435333,0.14419999718666077,0.03799999877810478,0.0013000000035390258,0.06300000101327896,0.04729999974370003,0.024299999698996544,0.0010999999940395355,0.30250000953674316,0.07590000331401825,0.1339000016450882,0.8330000042915344
MOV10|Q9HCE1,Cytoplasm|Nucleus,Nuclear export signal,Soluble,0.6144000291824341,0.6047999858856201,0.022299999371170998,0.061500001698732376,0.1152999997138977,0.002400000113993883,0.051100000739097595,0.06340000033378601,0.0568000003695488,0.009999999776482582,0.5023999810218811,0.09130000323057175,0.1273999959230423,0.7752000093460083
MOV10L1|Q9BXT6,Cytoplasm,,Peripheral|Soluble,0.4903999865055084,0.429500013589859,0.10610000044107437,0.11240000277757645,0.24549999833106995,0.023099999874830246,0.2020999938249588,0.1509999930858612,0.20730000734329224,0.08299999684095383,0.6938999891281128,0.2395000010728836,0.4117000102996826,0.5073000192642212
MPHOSPH10|O00566,Nucleus,Nuclear localization signal,Soluble,0.1704999953508377,0.9136000275611877,0.012600000016391277,0.014299999922513962,0.028999999165534973,0.0013000000035390258,0.16609999537467957,0.005900000222027302,0.025100000202655792,0.00570000009611249,0.35030001401901245,0.03669999912381172,0.1761000007390976,0.8694000244140625
MPHOSPH6|Q99547,Nucleus,Nuclear localization signal,Soluble,0.30640000104904175,0.8080000281333923,0.009800000116229057,0.019200000911951065,0.08720000088214874,0.0015999999595806003,0.07729999721050262,0.0560000017285347,0.03970000147819519,0.006500000134110451,0.3919000029563904,0.03449999913573265,0.0877000018954277,0.8468999862670898
MPRIP|Q6WCQ1,Cytoplasm,Nuclear export signal,Peripheral|Soluble,0.7440000176429749,0.2996000051498413,0.08259999752044678,0.38530001044273376,0.09130000323057175,0.0010999999940395355,0.14720000326633453,0.35519999265670776,0.44290000200271606,0.006599999964237213,0.7739999890327454,0.04560000076889992,0.3869999945163727,0.727400004863739
MRM1|Q6IN84,Mitochondrion,Mitochondrial transit peptide,Soluble,0.14640000462532043,0.18060000240802765,0.13570000231266022,0.13379999995231628,0.9398000240325928,0.004600000102072954,0.08060000091791153,0.09269999712705612,0.1014999970793724,0.046300001442432404,0.5673999786376953,0.2743000090122223,0.3562000095844269,0.5666000247001648
MRM3|Q9HC36,Mitochondrion,Mitochondrial transit peptide,Soluble,0.17010000348091125,0.1517000049352646,0.1031000018119812,0.10599999874830246,0.9406999945640564,0.056299999356269836,0.09529999643564224,0.06210000067949295,0.10320000350475311,0.04479999840259552,0.5633999705314636,0.1388999968767166,0.4081999957561493,0.5982000231742859
MRPL1|Q9BYD6,Mitochondrion,Mitochondrial transit peptide,Soluble,0.13169999420642853,0.1923000067472458,0.030300000682473183,0.10660000145435333,0.9289000034332275,0.03920000046491623,0.03669999912381172,0.023099999874830246,0.04659999907016754,0.005100000184029341,0.5666000247001648,0.13740000128746033,0.052000001072883606,0.6208999752998352
MRPL10|Q7Z7H8,Mitochondrion,Mitochondrial transit peptide,Peripheral|Soluble,0.13089999556541443,0.1777999997138977,0.02449999935925007,0.09960000216960907,0.9814000129699707,0.003700000001117587,0.051899999380111694,0.0414000004529953,0.03750000149011612,0.0203000009059906,0.677299976348877,0.12449999898672104,0.10719999670982361,0.6668000221252441
MRPL11|Q9Y3B7,Mitochondrion,,Soluble,0.42829999327659607,0.3716999888420105,0.05770000070333481,0.01590000092983246,0.7397000193595886,0.029400000348687172,0.054499998688697815,0.019600000232458115,0.01769999973475933,0.010400000028312206,0.4397999942302704,0.01720000058412552,0.10429999977350235,0.8575000166893005
MRPL12|P52815,Mitochondrion,Mitochondrial transit peptide,Peripheral|Soluble,0.1459999978542328,0.1535000056028366,0.061500001698732376,0.10819999873638153,0.9448999762535095,0.00279999990016222,0.0421999990940094,0.04569999873638153,0.05350000038743019,0.014399999752640724,0.6377000212669373,0.11789999902248383,0.12479999661445618,0.6902999877929688
MRPL13|Q9BYD1,Mitochondrion,Mitochondrial transit peptide,Soluble,0.37770000100135803,0.22130000591278076,0.027499999850988388,0.016699999570846558,0.7727000117301941,0.018400000408291817,0.04170000180602074,0.06469999998807907,0.007899999618530273,0.034699998795986176,0.6134999990463257,0.04410000145435333,0.04610000178217888,0.7123000025749207
MRPL14|Q6P1L8,Mitochondrion,Mitochondrial transit peptide,Peripheral|Soluble,0.09179999679327011,0.12559999525547028,0.030799999833106995,0.04699999839067459,0.9746000170707703,0.07119999825954437,0.03590000048279762,0.023900000378489494,0.018400000408291817,0.028999999165534973,0.7027000188827515,0.16899999976158142,0.06989999860525131,0.5077999830245972
MRPL15|Q9P015,Mitochondrion,Mitochondrial transit peptide,Soluble,0.3249000012874603,0.14259999990463257,0.20280000567436218,0.07100000232458115,0.824999988079071,0.007799999788403511,0.05920000001788139,0.05790000036358833,0.018400000408291817,0.023499999195337296,0.6191999912261963,0.05820000171661377,0.0869000032544136,0.7714999914169312
MRPL16|Q9NX20,Mitochondrion,Mitochondrial transit peptide,Peripheral|Soluble,0.15610000491142273,0.12349999696016312,0.04230000078678131,0.08240000158548355,0.9678999781608582,0.06689999997615814,0.04439999908208847,0.03290000185370445,0.04699999839067459,0.007899999618530273,0.7052000164985657,0.1315000057220459,0.0406000018119812,0.5715000033378601
MRPL17|Q9NRX2,Mitochondrion,Mitochondrial transit peptide,Soluble,0.3855000138282776,0.2401999980211258,0.008799999952316284,0.07199999690055847,0.8810999989509583,0.1289999932050705,0.05719999969005585,0.26089999079704285,0.01810000091791153,0.021700000390410423,0.5044999718666077,0.04520000144839287,0.0860000029206276,0.8188999891281128
MRPL18|Q9H0U6,Mitochondrion,Mitochondrial transit peptide,Soluble,0.13330000638961792,0.1695999950170517,0.03519999980926514,0.04050000011920929,0.9617000222206116,0.04450000077486038,0.028599999845027924,0.03139999881386757,0.0348999984562397,0.015799999237060547,0.5914999842643738,0.14249999821186066,0.06700000166893005,0.6428999900817871
MRPL19|P49406,Mitochondrion,Mitochondrial transit peptide,Peripheral|Soluble,0.13379999995231628,0.14470000565052032,0.0869000032544136,0.120899997651577,0.9350000023841858,0.02930000051856041,0.06939999759197235,0.06069999933242798,0.08550000190734863,0.011300000362098217,0.7063000202178955,0.14560000598430634,0.09380000084638596,0.578000009059906
MRPL2|Q5T653,Mitochondrion,Mitochondrial transit peptide,Peripheral|Soluble,0.12540000677108765,0.1387999951839447,0.02280000038444996,0.03970000147819519,0.9642000198364258,0.12300000339746475,0.04039999842643738,0.018400000408291817,0.03720000013709068,0.02759999968111515,0.6766999959945679,0.10899999737739563,0.0681999996304512,0.6079000234603882
MRPL20|Q9BYC9,Mitochondrion,Mitochondrial transit peptide,Soluble,0.414000004529953,0.32260000705718994,0.010300000198185444,0.0835999995470047,0.6449999809265137,0.17659999430179596,0.09160000085830688,0.052799999713897705,0.008700000122189522,0.007400000002235174,0.4593000113964081,0.25049999356269836,0.179299995303154,0.6435999870300293
MRPL21|Q7Z2W9,Mitochondrion,Mitochondrial transit peptide,Peripheral|Soluble,0.10300000011920929,0.13819999992847443,0.03750000149011612,0.08250000327825546,0.9602000117301941,0.03669999912381172,0.04809999838471413,0.029100000858306885,0.03530000150203705,0.04600000008940697,0.6895999908447266,0.23669999837875366,0.05700000002980232,0.5167999863624573
MRPL22|Q9NWU5,Mitochondrion,Mitochondrial transit peptide,Peripheral|Soluble,0.12229999899864197,0.09220000356435776,0.0215000007301569,0.11079999804496765,0.9796000123023987,0.039500001817941666,0.06300000101327896,0.027300000190734863,0.031300000846385956,0.04919999837875366,0.6643999814987183,0.15970000624656677,0.09809999912977219,0.6136000156402588
MRPL23|Q16540,Cytoplasm,,Soluble,0.28119999170303345,0.33869999647140503,0.027699999511241913,0.04989999905228615,0.40610000491142273,0.08349999785423279,0.30469998717308044,0.10859999805688858,0.06620000302791595,0.03220000118017197,0.5924000144004822,0.055799998342990875,0.4772000014781952,0.7138000130653381
MRPL24|Q96A35,Mitochondrion,Mitochondrial transit peptide,Soluble,0.46239998936653137,0.2809000015258789,0.01759999990463257,0.01140000019222498,0.7893000245094299,0.08630000054836273,0.0729999989271164,0.07180000096559525,0.012500000186264515,0.006399999838322401,0.5692999958992004,0.05849999934434891,0.05979999899864197,0.6680999994277954
MRPL27|Q9P0M9,Mitochondrion,Mitochondrial transit peptide,Peripheral|Soluble,0.09960000216960907,0.12319999933242798,0.03189999982714653,0.033399999141693115,0.9732000231742859,0.22390000522136688,0.03689999878406525,0.026399999856948853,0.02019999921321869,0.009700000286102295,0.6895999908447266,0.08030000329017639,0.04879999905824661,0.6261000037193298
MRPL28|Q13084,Mitochondrion,Mitochondrial transit peptide,Peripheral|Soluble,0.1835000067949295,0.17030000686645508,0.03869999945163727,0.06889999657869339,0.9672999978065491,0.0215000007301569,0.06769999861717224,0.06379999965429306,0.07270000129938126,0.02850000001490116,0.6894000172615051,0.1412000060081482,0.05480000004172325,0.5414999723434448
MRPL3|P09001,Mitochondrion,Mitochondrial transit peptide,Soluble,0.14569999277591705,0.19120000302791595,0.0617000013589859,0.10220000147819519,0.9366000294685364,0.003800000064074993,0.07660000026226044,0.04899999871850014,0.06620000302791595,0.03290000185370445,0.5299000144004822,0.164900004863739,0.11829999834299088,0.6661999821662903
MRPL30|Q8TCC3,Mitochondrion,Mitochondrial transit peptide,Peripheral|Soluble,0.1527000069618225,0.09200000017881393,0.04270000010728836,0.11240000277757645,0.9739000201225281,0.09109999984502792,0.04529999941587448,0.03929999843239784,0.02759999968111515,0.0348999984562397,0.6365000009536743,0.13729999959468842,0.06870000064373016,0.6090999841690063
MRPL32|Q9BYC8,Mitochondrion,Mitochondrial transit peptide,Peripheral|Soluble,0.17509999871253967,0.20080000162124634,0.029899999499320984,0.060600001364946365,0.9355999827384949,0.023900000378489494,0.15600000321865082,0.03720000013709068,0.02370000071823597,0.045499999076128006,0.652400016784668,0.188400000333786,0.11840000003576279,0.5871000289916992
MRPL33|O75394,Nucleus,,Soluble,0.3871999979019165,0.4846999943256378,0.0771000012755394,0.024700000882148743,0.4375,0.001500000013038516,0.241799995303154,0.011699999682605267,0.019099999219179153,0.011500000022351742,0.5537999868392944,0.1940000057220459,0.13619999587535858,0.6008999943733215
MRPL34|Q9BQ48,Mitochondrion,Mitochondrial transit peptide,Peripheral|Soluble,0.11259999871253967,0.13210000097751617,0.01489999983459711,0.10589999705553055,0.968999981880188,0.019200000911951065,0.10119999945163727,0.028300000354647636,0.031700000166893005,0.0284000001847744,0.7493000030517578,0.2362000048160553,0.08139999955892563,0.5091000199317932
MRPL35|Q9NZE8,Mitochondrion,Mitochondrial transit peptide,Peripheral|Soluble,0.09000000357627869,0.09719999879598618,0.0142000000923872,0.050599999725818634,0.9672999978065491,0.18889999389648438,0.03959999978542328,0.007600000128149986,0.014399999752640724,0.02459999918937683,0.6412000060081482,0.17710000276565552,0.055399999022483826,0.5770000219345093
MRPL37|Q9BZE1,Mitochondrion,Mitochondrial transit peptide,Peripheral|Soluble,0.14740000665187836,0.14339999854564667,0.1298999935388565,0.15929999947547913,0.9121000170707703,0.006599999964237213,0.15549999475479126,0.10830000042915344,0.11479999870061874,0.03739999979734421,0.734499990940094,0.17170000076293945,0.04439999908208847,0.5620999932289124
MRPL38|Q96DV4,Mitochondrion,Mitochondrial transit peptide,Soluble,0.17350000143051147,0.15559999644756317,0.11410000175237656,0.16329999268054962,0.9200999736785889,0.0052999998442828655,0.07050000131130219,0.033799998462200165,0.06040000170469284,0.009700000286102295,0.6093000173568726,0.17640000581741333,0.08829999715089798,0.6392999887466431
MRPL39|Q9NYK5,Mitochondrion,Mitochondrial transit peptide,Peripheral|Soluble,0.18379999697208405,0.12950000166893005,0.09390000253915787,0.06539999693632126,0.9470999836921692,0.0215000007301569,0.08489999920129776,0.051600001752376556,0.1216999962925911,0.032499998807907104,0.7390999794006348,0.12759999930858612,0.07900000363588333,0.6136000156402588
MRPL4|Q9BYD3,Mitochondrion,Mitochondrial transit peptide,Peripheral|Soluble,0.1598999947309494,0.10909999907016754,0.04839999973773956,0.056699998676776886,0.9725000262260437,0.010599999688565731,0.062199998646974564,0.040300000458955765,0.08839999884366989,0.029200000688433647,0.6305000185966492,0.12359999865293503,0.09200000017881393,0.6793000102043152
MRPL40|Q9NQ50,Mitochondrion,Mitochondrial transit peptide,Peripheral|Soluble,0.13030000030994415,0.15449999272823334,0.021299999207258224,0.12200000137090683,0.9381999969482422,0.02019999921321869,0.048500001430511475,0.021299999207258224,0.024700000882148743,0.007899999618530273,0.6988000273704529,0.13619999587535858,0.05990000069141388,0.5874000191688538
MRPL41|Q8IXM3,Mitochondrion,Mitochondrial transit peptide,Peripheral|Soluble,0.45669999718666077,0.35179999470710754,0.22310000658035278,0.08910000324249268,0.7638000249862671,0.4043000042438507,0.15539999306201935,0.06710000336170197,0.12200000137090683,0.027300000190734863,0.6567000150680542,0.18219999969005585,0.11079999804496765,0.5472999811172485
MRPL42|Q9Y6G3,Mitochondrion,Mitochondrial transit peptide,Peripheral|Soluble,0.14650000631809235,0.1850000023841858,0.01979999989271164,0.12700000405311584,0.9649999737739563,0.026399999856948853,0.03830000013113022,0.03319999948143959,0.030300000682473183,0.017400000244379044,0.6258999705314636,0.14880000054836273,0.07919999957084656,0.5697000026702881
MRPL43|Q8N983,Mitochondrion,Mitochondrial transit peptide,Peripheral|Soluble,0.3449999988079071,0.26330000162124634,0.02329999953508377,0.1340000033378601,0.9689000248908997,0.017000000923871994,0.07680000364780426,0.08160000294446945,0.09290000051259995,0.021400000900030136,0.725600004196167,0.09449999779462814,0.08020000159740448,0.6164000034332275
MRPL44|Q9H9J2,Mitochondrion,Mitochondrial transit peptide,Soluble,0.21289999783039093,0.125900000333786,0.06260000169277191,0.07050000131130219,0.9422000050544739,0.01640000008046627,0.10199999809265137,0.06700000166893005,0.10480000078678131,0.020600000396370888,0.6191999912261963,0.12950000166893005,0.09489999711513519,0.6703000068664551
MRPL45|Q9BRJ2,Mitochondrion,Mitochondrial transit peptide,Peripheral|Soluble,0.259799987077713,0.11779999732971191,0.04280000180006027,0.15539999306201935,0.8428999781608582,0.08990000188350677,0.18119999766349792,0.04740000143647194,0.11659999936819077,0.003800000064074993,0.767300009727478,0.10109999775886536,0.10339999943971634,0.5795999765396118
MRPL46|Q9H2W6,Mitochondrion,Mitochondrial transit peptide,Soluble,0.1468999981880188,0.1835000067949295,0.0414000004529953,0.09870000183582306,0.9648000001907349,0.007699999958276749,0.08449999988079071,0.051600001752376556,0.07559999823570251,0.024800000712275505,0.619700014591217,0.13650000095367432,0.052400000393390656,0.6474000215530396
MRPL47|Q9HD33,Mitochondrion,Mitochondrial transit peptide,Peripheral|Soluble,0.12710000574588776,0.10239999741315842,0.032999999821186066,0.1225999966263771,0.9625999927520752,0.010999999940395355,0.042500000447034836,0.040300000458955765,0.06750000268220901,0.006599999964237213,0.6570000052452087,0.1746000051498413,0.06909999996423721,0.595300018787384
MRPL48|Q96GC5,Mitochondrion,Mitochondrial transit peptide,Peripheral|Soluble,0.1818999946117401,0.13330000638961792,0.03189999982714653,0.0608999989926815,0.9531999826431274,0.09300000220537186,0.02410000003874302,0.027799999341368675,0.041200000792741776,0.006599999964237213,0.6765000224113464,0.17219999432563782,0.08190000057220459,0.5271000266075134
MRPL49|Q13405,Mitochondrion,Mitochondrial transit peptide,Peripheral|Soluble,0.19589999318122864,0.1624000072479248,0.0568000003695488,0.10400000214576721,0.9797000288963318,0.013399999588727951,0.029200000688433647,0.07129999995231628,0.06210000067949295,0.014999999664723873,0.6983000040054321,0.13179999589920044,0.10289999842643738,0.5848000049591064
MRPL50|Q8N5N7,Mitochondrion,Mitochondrial transit peptide,Peripheral|Soluble,0.16899999976158142,0.1687999963760376,0.016300000250339508,0.07739999890327454,0.9671000242233276,0.07400000095367432,0.057999998331069946,0.03359999880194664,0.06790000200271606,0.024900000542402267,0.692300021648407,0.16120000183582306,0.06549999862909317,0.5317000150680542
MRPL51|Q4U2R6,Mitochondrion,Mitochondrial transit peptide,Peripheral|Soluble,0.17479999363422394,0.1273999959230423,0.021400000900030136,0.13199999928474426,0.9743000268936157,0.02710000053048134,0.07540000230073929,0.028999999165534973,0.03620000183582306,0.02290000021457672,0.6355999708175659,0.22010000050067902,0.05939999967813492,0.5521000027656555
MRPL53|Q96EL3,Mitochondrion,Mitochondrial transit peptide,Peripheral|Soluble,0.24809999763965607,0.22259999811649323,0.014499999582767487,0.120899997651577,0.968999981880188,0.020600000396370888,0.020099999383091927,0.08410000056028366,0.05000000074505806,0.007499999832361937,0.7577999830245972,0.08250000327825546,0.042100001126527786,0.5302000045776367
MRPL54|Q6P161,Mitochondrion,Mitochondrial transit peptide,Peripheral|Soluble,0.14270000159740448,0.15520000457763672,0.03579999879002571,0.2280000001192093,0.934499979019165,0.008500000461935997,0.054099999368190765,0.02979999966919422,0.041200000792741776,0.006000000052154064,0.6638000011444092,0.15520000457763672,0.11230000108480453,0.5753999948501587
MRPL55|Q7Z7F7,Mitochondrion,Mitochondrial transit peptide,Peripheral|Soluble,0.14000000059604645,0.18809999525547028,0.03020000085234642,0.18719999492168427,0.9718000292778015,0.005400000140070915,0.04410000145435333,0.03060000017285347,0.02500000037252903,0.017000000923871994,0.6647999882698059,0.16089999675750732,0.08070000261068344,0.6067000031471252
MRPL57|Q9BQC6,Mitochondrion,Mitochondrial transit peptide,Soluble,0.38749998807907104,0.426800012588501,0.11509999632835388,0.24369999766349792,0.7332000136375427,0.14180000126361847,0.11100000143051147,0.08489999920129776,0.040300000458955765,0.03880000114440918,0.489300012588501,0.34769999980926514,0.053199999034404755,0.5634999871253967
MRPL58|Q14197,Mitochondrion,Mitochondrial transit peptide,Soluble,0.2110999971628189,0.2371000051498413,0.035100001841783524,0.07750000059604645,0.9006999731063843,0.004699999932199717,0.11479999870061874,0.034299999475479126,0.03460000082850456,0.00989999994635582,0.5873000025749207,0.14380000531673431,0.09510000050067902,0.6518999934196472
MRPL9|Q9BYD2,Mitochondrion,Mitochondrial transit peptide,Peripheral|Soluble,0.14730000495910645,0.13899999856948853,0.06379999965429306,0.19830000400543213,0.9539999961853027,0.003800000064074993,0.05920000001788139,0.051899999380111694,0.05090000107884407,0.019600000232458115,0.6883999705314636,0.17170000076293945,0.07810000330209732,0.5902000069618225
MRPS10|P82664,Mitochondrion,Mitochondrial transit peptide,Peripheral|Soluble,0.16169999539852142,0.10869999974966049,0.03620000183582306,0.05820000171661377,0.9783999919891357,0.08879999816417694,0.028300000354647636,0.030799999833106995,0.06790000200271606,0.012299999594688416,0.7013000249862671,0.1590999960899353,0.07029999792575836,0.508899986743927
MRPS11|P82912,Mitochondrion,Mitochondrial transit peptide,Soluble,0.16120000183582306,0.14419999718666077,0.04430000111460686,0.03750000149011612,0.9372000098228455,0.07509999722242355,0.02070000022649765,0.029500000178813934,0.06340000033378601,0.009399999864399433,0.6114000082015991,0.10010000318288803,0.06379999965429306,0.6062999963760376
MRPS12|O15235,Mitochondrion,Mitochondrial transit peptide,Soluble,0.11169999837875366,0.14329999685287476,0.05299999937415123,0.11110000312328339,0.9541000127792358,0.04569999873638153,0.06509999930858612,0.035100001841783524,0.04170000180602074,0.0421999990940094,0.6128000020980835,0.17499999701976776,0.09529999643564224,0.6025999784469604
MRPS14|O60783,Mitochondrion,Mitochondrial transit peptide,Peripheral|Soluble,0.13660000264644623,0.1316000074148178,0.008999999612569809,0.051600001752376556,0.9805999994277954,0.12809999287128448,0.03720000013709068,0.0364999994635582,0.025100000202655792,0.02329999953508377,0.6353999972343445,0.1695999950170517,0.050200000405311584,0.564300000667572
MRPS15|P82914,Mitochondrion,Mitochondrial transit peptide,Peripheral|Soluble,0.16140000522136688,0.09220000356435776,0.041999999433755875,0.13339999318122864,0.9648000001907349,0.030300000682473183,0.04320000112056732,0.05079999938607216,0.04490000009536743,0.010599999688565731,0.7321000099182129,0.12359999865293503,0.05400000140070915,0.5835000276565552
MRPS16|Q9Y3D3,Cytoplasm,,Soluble,0.40630000829696655,0.27869999408721924,0.030799999833106995,0.04439999908208847,0.5722000002861023,0.10000000149011612,0.094200000166893,0.0471000000834465,0.03420000150799751,0.003000000026077032,0.365200012922287,0.041200000792741776,0.10660000145435333,0.8134999871253967
MRPS17|Q9Y2R5,Mitochondrion,Mitochondrial transit peptide,Soluble,0.4487999975681305,0.428600013256073,0.004399999976158142,0.005400000140070915,0.6621999740600586,0.16200000047683716,0.11249999701976776,0.07660000026226044,0.02800000086426735,0.017500000074505806,0.4189000129699707,0.05009999871253967,0.049400001764297485,0.791100025177002
MRPS18A|Q9NVS2,Mitochondrion,Mitochondrial transit peptide,Soluble,0.15230000019073486,0.14059999585151672,0.04500000178813934,0.14740000665187836,0.9587000012397766,0.005799999926239252,0.09870000183582306,0.04839999973773956,0.057100001722574234,0.007300000172108412,0.6114000082015991,0.22630000114440918,0.05640000104904175,0.5666999816894531
MRPS18B|Q9Y676,Mitochondrion,Mitochondrial transit peptide,Soluble,0.14820000529289246,0.12229999899864197,0.04280000180006027,0.11599999666213989,0.9625999927520752,0.011699999682605267,0.07169999927282333,0.038100000470876694,0.04729999974370003,0.012000000104308128,0.5598999857902527,0.19249999523162842,0.06069999933242798,0.6216999888420105
MRPS18C|Q9Y3D5,Mitochondrion,Mitochondrial transit peptide,Peripheral|Soluble,0.1395999938249588,0.13019999861717224,0.03229999914765358,0.10029999911785126,0.9455000162124634,0.011699999682605267,0.10279999673366547,0.03519999980926514,0.04190000146627426,0.012199999764561653,0.6427000164985657,0.225600004196167,0.06080000102519989,0.5340999960899353
MRPS2|Q9Y399,Mitochondrion,Mitochondrial transit peptide,Peripheral|Soluble,0.19670000672340393,0.1720000058412552,0.0674000009894371,0.10989999771118164,0.8546000123023987,0.014000000432133675,0.11819999665021896,0.06689999997615814,0.13199999928474426,0.08129999786615372,0.7120000123977661,0.17339999973773956,0.08049999922513962,0.6001999974250793
MRPS21|P82921,Cytoplasm|Nucleus,Nuclear localization signal,Soluble,0.669700026512146,0.6018000245094299,0.011699999682605267,0.0340999998152256,0.16859999299049377,0.0210999995470047,0.12060000002384186,0.01850000023841858,0.00930000003427267,9.999999747378752e-05,0.15610000491142273,0.08470000326633453,0.02319999970495701,0.8751999735832214
MRPS22|P82650,Mitochondrion,Mitochondrial transit peptide,Peripheral|Soluble,0.15770000219345093,0.17219999432563782,0.06849999725818634,0.08959999680519104,0.9298999905586243,0.013799999840557575,0.06300000101327896,0.045499999076128006,0.10989999771118164,0.021800000220537186,0.6779999732971191,0.16290000081062317,0.08749999850988388,0.614300012588501
MRPS23|Q9Y3D9,Mitochondrion,Mitochondrial transit peptide,Peripheral|Soluble,0.22259999811649323,0.09430000185966492,0.02449999935925007,0.062300000339746475,0.9803000092506409,0.004000000189989805,0.04650000110268593,0.026499999687075615,0.03660000115633011,0.04050000011920929,0.6772000193595886,0.0820000022649765,0.0828000009059906,0.6244999766349792
MRPS24|Q96EL2,Mitochondrion,Mitochondrial transit peptide,Peripheral|Soluble,0.1770000010728836,0.10140000283718109,0.07720000296831131,0.09889999777078629,0.9761999845504761,0.014399999752640724,0.06539999693632126,0.033900000154972076,0.08460000157356262,0.020400000736117363,0.6597999930381775,0.2102999985218048,0.0917000025510788,0.5835999846458435
MRPS25|P82663,Mitochondrion,Mitochondrial transit peptide,Peripheral|Soluble,0.36890000104904175,0.2337000072002411,0.021400000900030136,0.1136000007390976,0.9641000032424927,0.017799999564886093,0.05790000036358833,0.06270000338554382,0.05779999867081642,0.0020000000949949026,0.7159000039100647,0.04270000010728836,0.04659999907016754,0.6251999735832214
MRPS26|Q9BYN8,Mitochondrion,Mitochondrial transit peptide,Peripheral|Soluble,0.13830000162124634,0.16200000047683716,0.026200000196695328,0.1987999975681305,0.9593999981880188,0.004900000058114529,0.034299999475479126,0.039900001138448715,0.04670000076293945,0.002400000113993883,0.6657999753952026,0.09269999712705612,0.04470000043511391,0.6804999709129333
MRPS27|Q92552,Mitochondrion,Mitochondrial transit peptide,Peripheral|Soluble,0.13809999823570251,0.1379999965429306,0.04780000075697899,0.08799999952316284,0.9477999806404114,0.010700000450015068,0.07000000029802322,0.053199999034404755,0.0982000008225441,0.007300000172108412,0.7210999727249146,0.11720000207424164,0.08889999985694885,0.5584999918937683
MRPS28|Q9Y2Q9,Mitochondrion,Mitochondrial transit peptide,Peripheral|Soluble,0.15440000593662262,0.22460000216960907,0.05139999836683273,0.039400000125169754,0.8960999846458435,0.1316000074148178,0.052299998700618744,0.03750000149011612,0.04580000042915344,0.046300001442432404,0.6717000007629395,0.15160000324249268,0.061400000005960464,0.5723000168800354
MRPS30|Q9NP92,Mitochondrion,Mitochondrial transit peptide,Peripheral|Soluble,0.14980000257492065,0.12680000066757202,0.06650000065565109,0.13979999721050262,0.9351000189781189,0.01590000092983246,0.10440000146627426,0.06790000200271606,0.07840000092983246,0.01600000075995922,0.7512999773025513,0.16619999706745148,0.03240000084042549,0.5135999917984009
MRPS31|Q92665,Mitochondrion,Mitochondrial transit peptide,Soluble,0.18649999797344208,0.1809999942779541,0.05730000138282776,0.09160000085830688,0.9347000122070312,0.05290000140666962,0.046799998730421066,0.03400000184774399,0.06430000066757202,0.01899999938905239,0.6133999824523926,0.20419999957084656,0.07400000095367432,0.5424000024795532
MRPS33|Q9Y291,Mitochondrion,Mitochondrial transit peptide,Soluble,0.3481999933719635,0.3269999921321869,0.0835999995470047,0.07079999893903732,0.5748999714851379,0.029500000178813934,0.0843999981880188,0.025100000202655792,0.07810000330209732,0.004900000058114529,0.5730000138282776,0.13819999992847443,0.03680000081658363,0.5845000147819519
MRPS34|P82930,Cytoplasm,,Soluble,0.44209998846054077,0.4092999994754791,0.20110000669956207,0.1289999932050705,0.427700012922287,0.12929999828338623,0.1656000018119812,0.11410000175237656,0.17219999432563782,0.007600000128149986,0.4359999895095825,0.1005999967455864,0.04390000179409981,0.7831000089645386
MRPS35|P82673,Mitochondrion,Mitochondrial transit peptide,Peripheral|Soluble,0.1851000040769577,0.1972000002861023,0.08240000158548355,0.14239999651908875,0.8973000049591064,0.015699999406933784,0.08810000121593475,0.05730000138282776,0.08869999647140503,0.013000000268220901,0.6482999920845032,0.1193000003695488,0.09560000151395798,0.633400022983551
MRPS5|P82675,Mitochondrion,Mitochondrial transit peptide,Soluble,0.12600000202655792,0.15469999611377716,0.04019999876618385,0.09040000289678574,0.9394000172615051,0.08470000326633453,0.05350000038743019,0.022299999371170998,0.028200000524520874,0.035599999129772186,0.5788000226020813,0.2029999941587448,0.07109999656677246,0.6154000163078308
MRPS6|P82932,Cytoplasm,,Soluble,0.5198000073432922,0.19850000739097595,0.0908999964594841,0.44029998779296875,0.40959998965263367,0.09510000050067902,0.20749999582767487,0.11180000007152557,0.04540000110864639,0.006899999920278788,0.53329998254776,0.03400000184774399,0.12389999628067017,0.7954999804496765
MRPS7|Q9Y2R9,Mitochondrion,Mitochondrial transit peptide,Soluble,0.1437000036239624,0.09040000289678574,0.038600001484155655,0.1662999987602234,0.9758999943733215,0.014399999752640724,0.07559999823570251,0.03150000050663948,0.08229999989271164,0.011099999770522118,0.5426999926567078,0.1298000067472458,0.0763000026345253,0.6850000023841858
MRPS9|P82933,Mitochondrion,Mitochondrial transit peptide,Soluble,0.19259999692440033,0.19689999520778656,0.06920000165700912,0.08070000261068344,0.9330999851226807,0.011599999852478504,0.04100000113248825,0.02239999920129776,0.05209999904036522,0.015599999576807022,0.6116999983787537,0.19110000133514404,0.08820000290870667,0.5841000080108643
MRRF|Q96E11,Mitochondrion,Mitochondrial transit peptide,Soluble,0.2004999965429306,0.13429999351501465,0.015599999576807022,0.16850000619888306,0.9623000025749207,0.04100000113248825,0.025599999353289604,0.043699998408555984,0.04399999976158142,0.008299999870359898,0.5529999732971191,0.11860000342130661,0.11710000038146973,0.6523000001907349
MRTO4|Q9UKD2,Cytoplasm|Nucleus|Mitochondrion,Mitochondrial transit peptide|Nuclear localization signal,Soluble,0.7193999886512756,0.6888999938964844,0.03830000013113022,0.02070000022649765,0.7095000147819519,0.018400000408291817,0.1062999963760376,0.05009999871253967,0.031599998474121094,0.0272000003606081,0.2824000120162964,0.027300000190734863,0.16220000386238098,0.8909000158309937
MSH6|P52701,Nucleus,Nuclear localization signal,Soluble,0.2290000021457672,0.958899974822998,0.014800000004470348,0.03790000081062317,0.07890000194311142,0.010099999606609344,0.03669999912381172,0.025699999183416367,0.014800000004470348,0.007899999618530273,0.3935000002384186,0.0406000018119812,0.22779999673366547,0.8111000061035156
MSI1|O43347,Cytoplasm|Nucleus,Nuclear localization signal,Soluble,0.718500018119812,0.5636000037193298,0.06970000267028809,0.0908999964594841,0.025599999353289604,0.0012000000569969416,0.1363999992609024,0.06610000133514404,0.03420000150799751,0.0007999999797903001,0.4693000018596649,0.09120000153779984,0.2190999984741211,0.7681000232696533
MSI2|Q96DH6,Cytoplasm|Nucleus,Nuclear localization signal,Soluble,0.7343000173568726,0.6198999881744385,0.06970000267028809,0.10220000147819519,0.027400000020861626,0.00139999995008111,0.14149999618530273,0.05400000140070915,0.031199999153614044,0.00019999999494757503,0.44920000433921814,0.060600001364946365,0.15639999508857727,0.7937999963760376
MSN|P26038,Cytoplasm|Cell membrane,Nuclear export signal,Peripheral|Soluble,0.7172999978065491,0.3262999951839447,0.07339999824762344,0.5996000170707703,0.17839999496936798,0.0071000000461936,0.0885000005364418,0.2971000075340271,0.301800012588501,0.0034000000450760126,0.7687000036239624,0.01549999974668026,0.30649998784065247,0.7542999982833862
MTA2|O94776,Nucleus,Nuclear localization signal,Soluble,0.34380000829696655,0.887499988079071,0.020800000056624413,0.05779999867081642,0.048500001430511475,0.01080000028014183,0.025800000876188278,0.01640000008046627,0.017799999564886093,0.00419999985024333,0.4056999981403351,0.05909999832510948,0.0812000036239624,0.8151000142097473
MTDH|Q86UE4,Endoplasmic reticulum,Signal peptide|Transmembrane domain,Transmembrane,0.1826000064611435,0.18379999697208405,0.05609999969601631,0.4049000144004822,0.09359999746084213,0.003100000089034438,0.8105000257492065,0.210999995470047,0.3822999894618988,0.08919999748468399,0.27309998869895935,0.9728999733924866,0.28369998931884766,0.10750000178813934
MTERF1|Q99551,Mitochondrion|Plastid,Mitochondrial transit peptide,Peripheral|Soluble,0.14159999787807465,0.19789999723434448,0.05939999967813492,0.051500000059604645,0.6942999958992004,0.7211999893188477,0.043299999088048935,0.02459999918937683,0.049400001764297485,0.017100000753998756,0.6234999895095825,0.1679999977350235,0.05570000037550926,0.5773000121116638
MTERF3|Q96E29,Mitochondrion,Mitochondrial transit peptide,Soluble,0.1687999963760376,0.2062000036239624,0.06949999928474426,0.06549999862909317,0.9003000259399414,0.06930000334978104,0.05829999968409538,0.023399999365210533,0.0714000016450882,0.01489999983459711,0.5471000075340271,0.19280000030994415,0.08060000091791153,0.5914999842643738
MTERF4|Q7Z6M4,Mitochondrion,Mitochondrial transit peptide,Peripheral|Soluble,0.1071000024676323,0.16910000145435333,0.0575999990105629,0.06270000338554382,0.9046000242233276,0.034299999475479126,0.041200000792741776,0.030400000512599945,0.06669999659061432,0.02290000021457672,0.6262999773025513,0.2493000030517578,0.07169999927282333,0.5575000047683716
MTG1|Q9BT17,Mitochondrion,Mitochondrial transit peptide,Peripheral|Soluble,0.24279999732971191,0.2906999886035919,0.03310000151395798,0.12409999966621399,0.9322999715805054,0.009399999864399433,0.07620000094175339,0.10610000044107437,0.10970000177621841,0.07169999927282333,0.7425000071525574,0.10260000079870224,0.1768999993801117,0.6226000189781189
MTG2|Q9H4K7,Mitochondrion,Mitochondrial transit peptide,Soluble,0.2434999942779541,0.14569999277591705,0.09239999949932098,0.0877000018954277,0.8977000117301941,0.009700000286102295,0.12630000710487366,0.08370000123977661,0.14139999449253082,0.04019999876618385,0.6093000173568726,0.1768999993801117,0.20239999890327454,0.6485000252723694
MTHFD1|P11586,Cytoplasm,Nuclear localization signal|Nuclear export signal,Soluble,0.8248000144958496,0.4584999978542328,0.023800000548362732,0.17659999430179596,0.24539999663829803,0.034699998795986176,0.12399999797344208,0.07530000060796738,0.11840000003576279,0.06909999996423721,0.6104000210762024,0.03700000047683716,0.34150001406669617,0.7739999890327454
MTHFSD|Q2M296,Cytoplasm|Mitochondrion,,Soluble,0.6611999869346619,0.5,0.2102999985218048,0.08510000258684158,0.7053999900817871,0.014700000174343586,0.25380000472068787,0.09440000355243683,0.09889999777078629,0.01640000008046627,0.3727000057697296,0.07490000128746033,0.2401999980211258,0.8442999720573425
MTIF2|P46199,Mitochondrion,Mitochondrial transit peptide,Soluble,0.15049999952316284,0.1776999980211258,0.08229999989271164,0.05790000036358833,0.9128999710083008,0.010999999940395355,0.05389999970793724,0.030700000002980232,0.0729999989271164,0.010099999606609344,0.5604000091552734,0.125900000333786,0.15399999916553497,0.6797999739646912
MTIF3|Q9H2K0,Mitochondrion,Mitochondrial transit peptide,Peripheral|Soluble,0.12549999356269836,0.11259999871253967,0.057999998331069946,0.055799998342990875,0.9699000120162964,0.06790000200271606,0.026399999856948853,0.03220000118017197,0.0560000017285347,0.012000000104308128,0.6862999796867371,0.1436000019311905,0.05490000173449516,0.5353999733924866
MTPAP|Q9NVV4,Mitochondrion,Mitochondrial transit peptide,Peripheral|Soluble,0.2004999965429306,0.19169999659061432,0.07209999859333038,0.12219999730587006,0.8937000036239624,0.008100000210106373,0.061400000005960464,0.051600001752376556,0.06069999933242798,0.030700000002980232,0.6606000065803528,0.14560000598430634,0.0722000002861023,0.6194000244140625
MTRES1|Q9P0P8,Mitochondrion,Mitochondrial transit peptide,Peripheral|Soluble,0.1273999959230423,0.19930000603199005,0.016100000590085983,0.041099999099969864,0.9059000015258789,0.1665000021457672,0.06780000030994415,0.015399999916553497,0.04529999941587448,0.006000000052154064,0.6658999919891357,0.15160000324249268,0.05530000105500221,0.5673999786376953
MTREX|P42285,Nucleus,Nuclear localization signal,Soluble,0.3199000060558319,0.8212000131607056,0.033399999141693115,0.0697999969124794,0.11509999632835388,0.0019000000320374966,0.050999999046325684,0.03099999949336052,0.014499999582767487,0.0012000000569969416,0.5085999965667725,0.046300001442432404,0.1454000025987625,0.7584999799728394
MTRF1|O75570,Mitochondrion,Mitochondrial transit peptide,Soluble,0.20000000298023224,0.1956000030040741,0.03530000150203705,0.05950000137090683,0.9419999718666077,0.013199999928474426,0.047200001776218414,0.04360000044107437,0.06729999929666519,0.051899999380111694,0.5648000240325928,0.09780000150203705,0.131400004029274,0.6708999872207642
MTRFR|Q9H3J6,Mitochondrion,Mitochondrial transit peptide,Soluble,0.16519999504089355,0.19599999487400055,0.0729999989271164,0.05090000107884407,0.8888000249862671,0.08349999785423279,0.17569999396800995,0.02930000051856041,0.039799999445676804,0.025599999353289604,0.5947999954223633,0.13030000030994415,0.15680000185966492,0.6930999755859375
MVP|Q14764,Cytoplasm|Nucleus,Nuclear localization signal|Nuclear export signal,Soluble,0.6819000244140625,0.5636000037193298,0.13650000095367432,0.14090000092983246,0.15360000729560852,0.011699999682605267,0.042500000447034836,0.27730000019073486,0.13609999418258667,0.013100000098347664,0.5813000202178955,0.06870000064373016,0.1817999929189682,0.7730000019073486
MYBBP1A|Q9BQG0,Nucleus,Nuclear localization signal,Soluble,0.28349998593330383,0.9506000280380249,0.19130000472068787,0.041999999433755875,0.038600001484155655,0.003599999938160181,0.06530000269412994,0.01119999960064888,0.040800001472234726,0.000699999975040555,0.4171999990940094,0.1746000051498413,0.14229999482631683,0.8027999997138977
MYEF2|Q9P2K5,Cytoplasm|Nucleus,Nuclear localization signal,Soluble,0.6078000068664551,0.8535000085830688,0.11349999904632568,0.04399999976158142,0.06199999898672104,0.005400000140070915,0.09510000050067902,0.00559999980032444,0.013899999670684338,0.00019999999494757503,0.41839998960494995,0.04820000007748604,0.1289999932050705,0.8260999917984009
MYH10|P35580,Cytoplasm,Nuclear localization signal,Peripheral|Soluble,0.7378000020980835,0.38370001316070557,0.05169999971985817,0.3508000075817108,0.08649999648332596,0.0017999999690800905,0.09369999915361404,0.08290000259876251,0.14390000700950623,0.000699999975040555,0.6930000185966492,0.032499998807907104,0.2442999929189682,0.7437000274658203
MYH14|Q7Z406,Cytoplasm,Nuclear localization signal,Peripheral|Soluble,0.7261000275611877,0.40459999442100525,0.03009999915957451,0.33889999985694885,0.12099999934434891,0.001500000013038516,0.10620000213384628,0.09600000083446503,0.19269999861717224,0.0008999999845400453,0.7077999711036682,0.05209999904036522,0.26269999146461487,0.738099992275238
MYH9|P35579,Cytoplasm,Nuclear localization signal,Peripheral|Soluble,0.7164999842643738,0.35010001063346863,0.06520000100135803,0.3449999988079071,0.08190000057220459,0.002300000051036477,0.10869999974966049,0.06669999659061432,0.125900000333786,0.00019999999494757503,0.6858000159263611,0.02449999935925007,0.2484000027179718,0.7591000199317932
MYL6|P60660,Cytoplasm|Nucleus,Nuclear localization signal,Soluble,0.565500020980835,0.6791999936103821,0.09989999979734421,0.3122999966144562,0.08889999985694885,0.04569999873638153,0.21469999849796295,0.11779999732971191,0.09070000052452087,0.008200000040233135,0.5734000205993652,0.042899999767541885,0.3221000134944916,0.7368999719619751
MYO18A|Q92614,Cytoplasm,Nuclear localization signal,Peripheral|Soluble,0.7253000140190125,0.3603000044822693,0.03610000014305115,0.4839000105857849,0.07490000128746033,0.011500000022351742,0.23880000412464142,0.1695999950170517,0.2802000045776367,0.0024999999441206455,0.7804999947547913,0.03779999911785126,0.35589998960494995,0.7400000095367432
NAA15|Q9BXJ9,Cytoplasm,Nuclear localization signal,Soluble,0.6800000071525574,0.45249998569488525,0.06319999694824219,0.29760000109672546,0.11710000038146973,0.0017999999690800905,0.2930000126361847,0.14149999618530273,0.21610000729560852,0.006800000090152025,0.4984999895095825,0.06069999933242798,0.11050000041723251,0.7638999819755554
NAA16|Q6N069,Cytoplasm,Nuclear localization signal,Soluble,0.6858999729156494,0.39959999918937683,0.04360000044107437,0.2694999873638153,0.12049999833106995,0.002099999925121665,0.38260000944137573,0.179299995303154,0.2459000051021576,0.012299999594688416,0.5087000131607056,0.06530000269412994,0.093299999833107,0.754800021648407
NAA38|Q9BRA0,Cytoplasm|Nucleus,Nuclear export signal,Soluble,0.5705999732017517,0.7355999946594238,0.02889999933540821,0.09600000083446503,0.16619999706745148,0.002199999988079071,0.044199999421834946,0.15469999611377716,0.08900000154972076,0.033399999141693115,0.5613999962806702,0.06750000268220901,0.16459999978542328,0.730400025844574
NACA|E9PAV3,Cytoplasm|Nucleus,Nuclear localization signal,Lipid anchor|Soluble,0.602400004863739,0.6360999941825867,0.08489999920129776,0.19820000231266022,0.07530000060796738,0.008700000122189522,0.1265999972820282,0.19259999692440033,0.21610000729560852,0.015399999916553497,0.5827000141143799,0.05849999934434891,0.6657999753952026,0.7480000257492065
NAF1|Q96HR8,Cytoplasm|Nucleus,Nuclear localization signal,Soluble,0.5439000129699707,0.870199978351593,0.10719999670982361,0.010999999940395355,0.0430000014603138,0.0010999999940395355,0.16359999775886536,0.017899999395012856,0.0544000007212162,0.006000000052154064,0.2694000005722046,0.07159999758005142,0.11209999769926071,0.8666999936103821
NANOS1|Q8WY41,Nucleus,Nuclear localization signal,Soluble,0.40959998965263367,0.7282000184059143,0.19589999318122864,0.06939999759197235,0.20260000228881836,0.00019999999494757503,0.22990000247955322,0.07890000194311142,0.13120000064373016,0.0017999999690800905,0.4650999903678894,0.09939999878406525,0.07289999723434448,0.78329998254776
NANOS2|P60321,Nucleus,Nuclear localization signal,Soluble,0.358599990606308,0.6545000076293945,0.09619999676942825,0.08560000360012054,0.13429999351501465,0.00039999998989515007,0.05380000174045563,0.10999999940395355,0.13920000195503235,0.005400000140070915,0.4311999976634979,0.06729999929666519,0.046799998730421066,0.8130000233650208
NANOS3|P60323,Nucleus,Nuclear localization signal,Soluble,0.4499000012874603,0.6550999879837036,0.1257999986410141,0.10350000113248825,0.14569999277591705,0.0007999999797903001,0.027699999511241913,0.08799999952316284,0.08579999953508377,0.0008999999845400453,0.3889999985694885,0.08340000361204147,0.08510000258684158,0.7967000007629395
NAP1L1|P55209,Cytoplasm|Nucleus,Nuclear localization signal|Nuclear export signal,Lipid anchor|Soluble,0.7127000093460083,0.6953999996185303,0.0729999989271164,0.23829999566078186,0.2727999985218048,0.001500000013038516,0.44530001282691956,0.19460000097751617,0.18369999527931213,0.021700000390410423,0.39309999346733093,0.015300000086426735,0.6741999983787537,0.8420000076293945
NAP1L4|Q99733,Cytoplasm|Nucleus,Nuclear localization signal|Nuclear export signal,Soluble,0.7354999780654907,0.6744999885559082,0.13249999284744263,0.15379999577999115,0.15049999952316284,0.00559999980032444,0.28679999709129333,0.22380000352859497,0.13009999692440033,0.00559999980032444,0.4641999900341034,0.030799999833106995,0.15000000596046448,0.8392999768257141
NARS1|O43776,Cytoplasm,Nuclear localization signal,Soluble,0.5914999842643738,0.3935999870300293,0.09380000084638596,0.08959999680519104,0.20440000295639038,0.06889999657869339,0.2184000015258789,0.04309999942779541,0.04820000007748604,0.00279999990016222,0.44530001282691956,0.07909999787807465,0.15929999947547913,0.7649000287055969
NARS2|Q96I59,Mitochondrion,Mitochondrial transit peptide,Soluble,0.18050000071525574,0.1340000033378601,0.07509999722242355,0.09030000120401382,0.9560999870300293,0.016300000250339508,0.09759999811649323,0.039900001138448715,0.055399999022483826,0.040800001472234726,0.5547000169754028,0.11990000307559967,0.19709999859333038,0.6972000002861023
NASP|P49321,Cytoplasm|Nucleus,Nuclear localization signal,Soluble,0.5577999949455261,0.9361000061035156,0.05590000003576279,0.05310000106692314,0.052000001072883606,0.0005000000237487257,0.05290000140666962,0.03440000116825104,0.03669999912381172,0.00279999990016222,0.5278000235557556,0.02410000003874302,0.3400999903678894,0.8518000245094299
NAT10|Q9H0A0,Nucleus,Nuclear localization signal,Soluble,0.24490000307559967,0.9315000176429749,0.021700000390410423,0.026000000536441803,0.1151999980211258,0.007799999788403511,0.08739999681711197,0.01269999984651804,0.03959999978542328,0.0015999999595806003,0.5788999795913696,0.06840000301599503,0.16339999437332153,0.7106999754905701
NCAPD2|Q15021,Nucleus,Nuclear localization signal,Soluble,0.33180001378059387,0.8813999891281128,0.06289999932050705,0.11150000244379044,0.18709999322891235,0.002400000113993883,0.055799998342990875,0.041200000792741776,0.08869999647140503,0.005799999926239252,0.5146999955177307,0.13850000500679016,0.18639999628067017,0.7468000054359436
NCAPD3|P42695,Nucleus,Nuclear localization signal,Soluble,0.424699991941452,0.8765000104904175,0.03970000147819519,0.10199999809265137,0.06769999861717224,0.008100000210106373,0.09920000284910202,0.0617000013589859,0.09520000219345093,0.0031999999191612005,0.5148000121116638,0.2321999967098236,0.17000000178813934,0.7077000141143799
NCAPG2|Q86XI2,Cytoplasm|Nucleus,Nuclear localization signal|Nuclear export signal,Soluble,0.4948999881744385,0.6589999794960022,0.050200000405311584,0.33090001344680786,0.10409999638795853,0.0038999998942017555,0.36419999599456787,0.2897000014781952,0.30880001187324524,0.021400000900030136,0.5047000050544739,0.29980000853538513,0.1565999984741211,0.677299976348877
NCBP1|Q09161,Nucleus,Nuclear localization signal,Soluble,0.24799999594688416,0.9075999855995178,0.3303999900817871,0.03189999982714653,0.04340000078082085,0.0005000000237487257,0.0348999984562397,0.045899998396635056,0.029899999499320984,0.0008999999845400453,0.44350001215934753,0.18850000202655792,0.11180000007152557,0.6919999718666077
NCBP2|P52298,Cytoplasm|Nucleus,Nuclear localization signal,Soluble,0.5763000249862671,0.7592999935150146,0.031099999323487282,0.06040000170469284,0.055399999022483826,0.0008999999845400453,0.17900000512599945,0.04170000180602074,0.031700000166893005,0.0006000000284984708,0.4507000148296356,0.0738999992609024,0.15449999272823334,0.739799976348877
NCBP2L|A6PVI3,Cytoplasm|Nucleus,Nuclear localization signal,Soluble,0.6414999961853027,0.7615000009536743,0.06520000100135803,0.06480000168085098,0.07280000299215317,0.0026000000070780516,0.2004999965429306,0.052799999713897705,0.026000000536441803,0.0020000000949949026,0.352400004863739,0.09380000084638596,0.16339999437332153,0.822700023651123
NCBP3|Q53F19,Nucleus,Nuclear localization signal,Soluble,0.3472999930381775,0.8799999952316284,0.05730000138282776,0.05469999834895134,0.07129999995231628,0.012400000356137753,0.0348999984562397,0.013000000268220901,0.03579999879002571,0.0003000000142492354,0.42489999532699585,0.06830000132322311,0.15559999644756317,0.8274999856948853
NCL|P19338,Nucleus,Nuclear localization signal,Soluble,0.384799987077713,0.8306999802589417,0.09560000151395798,0.0778999999165535,0.06599999964237213,0.0024999999441206455,0.1005999967455864,0.008500000461935997,0.03720000013709068,9.999999747378752e-05,0.1688999980688095,0.017500000074505806,0.20329999923706055,0.932200014591217
NCOA5|Q9HCD5,Nucleus,Nuclear localization signal,Soluble,0.4212000072002411,0.8980000019073486,0.026499999687075615,0.03739999979734421,0.03440000116825104,0.008200000040233135,0.03909999877214432,0.08640000224113464,0.01730000041425228,0.0007999999797903001,0.5702000260353088,0.05169999971985817,0.1103999987244606,0.7878999710083008
NDRG1|Q92597,Cytoplasm,,Peripheral|Soluble,0.6252999901771545,0.24740000069141388,0.08569999784231186,0.4514000117778778,0.2996000051498413,0.003100000089034438,0.19509999454021454,0.13369999825954437,0.3005000054836273,0.0017999999690800905,0.6290000081062317,0.05920000001788139,0.2567000091075897,0.7394999861717224
NEIL3|Q8TAT5,Nucleus,Nuclear localization signal,Soluble,0.2824999988079071,0.879800021648407,0.024000000208616257,0.015599999576807022,0.14509999752044678,0.021900000050663948,0.06880000233650208,0.02539999969303608,0.062300000339746475,0.004600000102072954,0.38760000467300415,0.09600000083446503,0.1868000030517578,0.7922000288963318
NELFA|Q9H3P2,Nucleus,Nuclear localization signal,Soluble,0.4058000147342682,0.911300003528595,0.04780000075697899,0.027899999171495438,0.04820000007748604,0.0035000001080334187,0.025699999183416367,0.01769999973475933,0.015200000256299973,0.000699999975040555,0.4036000072956085,0.05649999901652336,0.07620000094175339,0.8267999887466431
NELFB|Q8WX92,Cytoplasm|Nucleus,Nuclear localization signal|Nuclear export signal,Soluble,0.5723999738693237,0.5981000065803528,0.13729999959468842,0.11599999666213989,0.1906999945640564,0.0031999999191612005,0.2296999990940094,0.2281000018119812,0.3905999958515167,0.034699998795986176,0.5476999878883362,0.1412999927997589,0.10750000178813934,0.7770000100135803
NELFE|P18615,Cytoplasm|Nucleus,Nuclear localization signal,Soluble,0.5561000108718872,0.7760999798774719,0.03909999877214432,0.06279999762773514,0.04740000143647194,0.005400000140070915,0.07159999758005142,0.0340999998152256,0.02800000086426735,0.0015999999595806003,0.40880000591278076,0.09920000284910202,0.10180000215768814,0.8077999949455261
NEMF|O60524,Cytoplasm|Nucleus,Nuclear localization signal,Soluble,0.6960999965667725,0.5493000149726868,0.03020000085234642,0.1143999993801117,0.17649999260902405,0.004600000102072954,0.08070000261068344,0.05310000106692314,0.08709999918937683,0.0015999999595806003,0.5432999730110168,0.026499999687075615,0.1914999932050705,0.822700023651123
NFX1|Q12986,Cytoplasm|Nucleus,Nuclear localization signal|Nuclear export signal,Soluble,0.5830000042915344,0.6168000102043152,0.032600000500679016,0.07460000365972519,0.12210000306367874,0.004399999976158142,0.12919999659061432,0.033900000154972076,0.07479999959468842,0.0034000000450760126,0.4496000111103058,0.05119999870657921,0.16429999470710754,0.829800009727478
NFXL1|Q6ZNB6,Endoplasmic reticulum,,Transmembrane,0.352400004863739,0.33090001344680786,0.13050000369548798,0.17880000174045563,0.1477999985218048,0.017100000753998756,0.5577999949455261,0.10249999910593033,0.3010999858379364,0.018200000748038292,0.2468000054359436,0.946399986743927,0.12919999659061432,0.13979999721050262
NGDN|Q8NEJ9,Nucleus,Nuclear localization signal,Soluble,0.20110000669956207,0.9254000186920166,0.017000000923871994,0.031599998474121094,0.04989999905228615,0.0034000000450760126,0.07259999960660934,0.008700000122189522,0.03060000017285347,0.0007999999797903001,0.36489999294281006,0.09160000085830688,0.12039999663829803,0.8032000064849854
NGRN|Q9NPE2,Mitochondrion,Mitochondrial transit peptide,Peripheral|Soluble,0.10819999873638153,0.2232999950647354,0.03440000116825104,0.10440000146627426,0.9283000230789185,0.006099999882280827,0.07440000027418137,0.03880000114440918,0.0674000009894371,0.013799999840557575,0.6671000123023987,0.2013999968767166,0.08079999685287476,0.5637000203132629
NHP2|Q9NX24,Cytoplasm,Nuclear export signal,Soluble,0.5751000046730042,0.28439998626708984,0.005200000014156103,0.08150000125169754,0.1379999965429306,0.02630000002682209,0.11879999935626984,0.0731000006198883,0.08709999918937683,0.004100000020116568,0.38029998540878296,0.03530000150203705,0.25360000133514404,0.8452000021934509
NIFK|Q9BYG3,Nucleus,Nuclear localization signal,Soluble,0.24560000002384186,0.8859999775886536,0.0142000000923872,0.028200000524520874,0.05790000036358833,0.006000000052154064,0.04259999841451645,0.01600000075995922,0.01489999983459711,0.0019000000320374966,0.257999986410141,0.060100000351667404,0.12939999997615814,0.8592000007629395
NIP7|Q9Y221,Nucleus,Peroxisomal targeting signal,Soluble,0.3147999942302704,0.729200005531311,0.08489999920129776,0.055399999022483826,0.031199999153614044,0.10540000349283218,0.1274999976158142,0.009499999694526196,0.05389999970793724,0.027799999341368675,0.4902999997138977,0.029500000178813934,0.148499995470047,0.8173999786376953
NKAP|Q8N5F7,Nucleus,Nuclear localization signal,Soluble,0.1168999969959259,0.953499972820282,0.010599999688565731,0.15469999611377716,0.005799999926239252,0.045899998396635056,0.03229999914765358,0.04769999906420708,0.04809999838471413,0.0007999999797903001,0.31119999289512634,0.028699999675154686,0.08649999648332596,0.8930000066757202
NKRF|O15226,Nucleus,Nuclear localization signal,Soluble,0.43209999799728394,0.7799000144004822,0.08470000326633453,0.07320000231266022,0.12129999697208405,0.010599999688565731,0.05090000107884407,0.044599998742341995,0.019899999722838402,0.005799999926239252,0.5081999897956848,0.03290000185370445,0.12729999423027039,0.8129000067710876
NKTR|P30414,Nucleus,Nuclear localization signal,Soluble,0.09570000320672989,0.9248999953269958,0.009100000374019146,0.08399999886751175,0.03700000047683716,0.0019000000320374966,0.052400000393390656,0.030300000682473183,0.018699999898672104,0.0013000000035390258,0.382099986076355,0.04129999876022339,0.12690000236034393,0.8533999919891357
NLE1|Q9NVX2,Cytoplasm|Nucleus,Nuclear localization signal|Nuclear export signal,Soluble,0.5309000015258789,0.7335000038146973,0.0658000037074089,0.1274999976158142,0.0949999988079071,0.0005000000237487257,0.0364999994635582,0.06499999761581421,0.07769999653100967,0.06260000169277191,0.5388000011444092,0.03269999846816063,0.28679999709129333,0.8111000061035156
NMD3|Q96D46,Nucleus,Nuclear export signal,Soluble,0.43320000171661377,0.7832000255584717,0.016699999570846558,0.06679999828338623,0.16850000619888306,0.0003000000142492354,0.08500000089406967,0.15520000457763672,0.14650000631809235,0.002400000113993883,0.48899999260902405,0.04399999976158142,0.11869999766349792,0.8198000192642212
NME1|P15531,Cytoplasm,,Soluble,0.8108000159263611,0.32589998841285706,0.006800000090152025,0.07540000230073929,0.5810999870300293,0.01979999989271164,0.13860000669956207,0.1873999983072281,0.12439999729394913,0.3391000032424927,0.4115999937057495,0.018300000578165054,0.18019999563694,0.8637999892234802
NMT1|P30419,Cytoplasm,Nuclear localization signal,Soluble,0.7109000086784363,0.415800005197525,0.01979999989271164,0.20080000162124634,0.11860000342130661,0.030899999663233757,0.3303999900817871,0.25270000100135803,0.4569999873638153,0.010400000028312206,0.5831000208854675,0.05389999970793724,0.1695999950170517,0.7427999973297119
NOA1|Q8NC60,Mitochondrion,Mitochondrial transit peptide,Peripheral|Soluble,0.1729000061750412,0.19179999828338623,0.0658000037074089,0.07880000025033951,0.8427000045776367,0.0071000000461936,0.12330000102519989,0.08229999989271164,0.13899999856948853,0.02590000070631504,0.6897000074386597,0.19779999554157257,0.07429999858140945,0.5769000053405762
NOB1|Q9ULX3,Cytoplasm|Nucleus,Nuclear localization signal,Soluble,0.5167999863624573,0.7912999987602234,0.00800000037997961,0.05480000004172325,0.18170000612735748,0.0017999999690800905,0.16660000383853912,0.039500001817941666,0.08209999650716782,0.001500000013038516,0.46219998598098755,0.045099999755620956,0.22110000252723694,0.8371000289916992
NOC2L|Q9Y3T9,Nucleus,Nuclear localization signal,Soluble,0.30079999566078186,0.7580000162124634,0.03759999945759773,0.025800000876188278,0.12389999628067017,0.0013000000035390258,0.07620000094175339,0.026599999517202377,0.08190000057220459,0.0012000000569969416,0.4154999852180481,0.14659999310970306,0.0843999981880188,0.7893999814987183
NOC3L|Q8WTT2,Nucleus,Nuclear localization signal,Soluble,0.25949999690055847,0.9089000225067139,0.014299999922513962,0.014600000344216824,0.041600000113248825,0.003100000089034438,0.056699998676776886,0.02290000021457672,0.06239999830722809,0.0007999999797903001,0.40299999713897705,0.0877000018954277,0.09049999713897705,0.7939000129699707
NOC4L|Q9BVI4,Cytoplasm|Nucleus,Nuclear export signal,Soluble,0.5698000192642212,0.5896999835968018,0.009499999694526196,0.13050000369548798,0.058800000697374344,0.000699999975040555,0.30489999055862427,0.288100004196167,0.2353000044822693,0.08309999853372574,0.5554999709129333,0.09600000083446503,0.1005999967455864,0.7585999965667725
NOL10|Q9BSC4,Nucleus,Nuclear localization signal,Soluble,0.13230000436306,0.8246999979019165,0.020500000566244125,0.041999999433755875,0.09629999846220016,0.009100000374019146,0.06279999762773514,0.019700000062584877,0.028599999845027924,0.004999999888241291,0.41999998688697815,0.045899998396635056,0.08990000188350677,0.8039000034332275
NOL11|Q9H8H0,Cytoplasm|Nucleus,Nuclear localization signal,Soluble,0.5455999970436096,0.633899986743927,0.12620000541210175,0.09780000150203705,0.03669999912381172,0.0005000000237487257,0.14830000698566437,0.1469999998807907,0.2612999975681305,0.0013000000035390258,0.5321000218391418,0.2296999990940094,0.17139999568462372,0.6733999848365784
NOL12|Q9UGY1,Nucleus,Nuclear localization signal,Soluble,0.34450000524520874,0.8125,0.01209999993443489,0.036400001496076584,0.23489999771118164,0.00570000009611249,0.09040000289678574,0.039799999445676804,0.008799999952316284,0.00039999998989515007,0.2660999894142151,0.04259999841451645,0.13680000603199005,0.8755000233650208
NOL6|Q9H6R4,Nucleus,Nuclear localization signal,Soluble,0.4207000136375427,0.8070999979972839,0.22849999368190765,0.07329999655485153,0.21699999272823334,0.0005000000237487257,0.1784999966621399,0.052000001072883606,0.030700000002980232,0.00279999990016222,0.4593999981880188,0.20479999482631683,0.1680999994277954,0.777999997138977
NOL7|Q9UMY1,Nucleus,Nuclear localization signal,Soluble,0.11069999635219574,0.897599995136261,0.13539999723434448,0.016300000250339508,0.1234000027179718,0.0010000000474974513,0.05550000071525574,0.00559999980032444,0.012500000186264515,0.004999999888241291,0.2574000060558319,0.06830000132322311,0.1216999962925911,0.8996999859809875
NOL8|Q76FK4,Nucleus,Nuclear localization signal,Soluble,0.2930999994277954,0.8959000110626221,0.14259999990463257,0.03480000048875809,0.03620000183582306,0.003599999938160181,0.0575999990105629,0.015599999576807022,0.011800000444054604,0.0020000000949949026,0.3352000117301941,0.03779999911785126,0.17630000412464142,0.9083999991416931
NOL9|Q5SY16,Nucleus,,Soluble,0.3887999951839447,0.5321000218391418,0.15230000019073486,0.11460000276565552,0.4156000018119812,0.04100000113248825,0.21879999339580536,0.08420000225305557,0.12939999997615814,0.12890000641345978,0.4869999885559082,0.17569999396800995,0.11169999837875366,0.7193999886512756
NOLC1|Q14978,Nucleus,Nuclear localization signal,Soluble,0.2856999933719635,0.9291999936103821,0.24490000307559967,0.055399999022483826,0.037700001150369644,0.0008999999845400453,0.026799999177455902,0.004800000227987766,0.02019999921321869,0.0005000000237487257,0.3425999879837036,0.033900000154972076,0.1753000020980835,0.8896999955177307
NOM1|Q5C9Z4,Nucleus,Nuclear localization signal,Soluble,0.36239999532699585,0.8722000122070312,0.24050000309944153,0.04270000010728836,0.07559999823570251,0.0005000000237487257,0.08370000123977661,0.04430000111460686,0.10189999639987946,0.014000000432133675,0.4562999904155731,0.10540000349283218,0.14990000426769257,0.7904999852180481
NONO|Q15233,Cytoplasm|Nucleus,Nuclear localization signal,Soluble,0.517799973487854,0.8604999780654907,0.06129999831318855,0.06120000034570694,0.05900000035762787,0.0005000000237487257,0.061000000685453415,0.016899999231100082,0.011099999770522118,0.00019999999494757503,0.4165000021457672,0.04619999974966049,0.1160999983549118,0.8507999777793884
NOP10|Q9NPE3,Cytoplasm|Nucleus,,Soluble,0.5174000263214111,0.5645999908447266,0.20720000565052032,0.12639999389648438,0.43369999527931213,0.012000000104308128,0.20759999752044678,0.14020000398159027,0.15620000660419464,0.03189999982714653,0.4796999990940094,0.21230000257492065,0.12399999797344208,0.7016000151634216
NOP14|P78316,Nucleus,Nuclear localization signal,Soluble,0.30059999227523804,0.8037999868392944,0.07540000230073929,0.051600001752376556,0.0723000019788742,0.0012000000569969416,0.0731000006198883,0.012199999764561653,0.05040000006556511,0.0017999999690800905,0.3343999981880188,0.14030000567436218,0.17589999735355377,0.8223999738693237
NOP16|Q9Y3C1,Nucleus,Nuclear localization signal,Soluble,0.19920000433921814,0.9426000118255615,0.00139999995008111,0.026599999517202377,0.11860000342130661,0.016100000590085983,0.04089999943971634,0.002300000051036477,0.006500000134110451,0.006200000178068876,0.2621000111103058,0.05119999870657921,0.04569999873638153,0.8507000207901001
NOP2|P46087,Nucleus,Nuclear localization signal,Soluble,0.2815000116825104,0.8669000267982483,0.2867000102996826,0.016899999231100082,0.12970000505447388,0.00800000037997961,0.09139999747276306,0.006899999920278788,0.07119999825954437,0.0027000000700354576,0.34790000319480896,0.04039999842643738,0.2433999925851822,0.8661999702453613
NOP53|Q9NZM5,Nucleus,Nuclear localization signal,Soluble,0.1956000030040741,0.8300999999046326,0.026799999177455902,0.02239999920129776,0.06480000168085098,0.0005000000237487257,0.09449999779462814,0.01140000019222498,0.01759999990463257,0.0010999999940395355,0.29899999499320984,0.10790000110864639,0.10530000180006027,0.8666999936103821
NOP56|O00567,Nucleus,Nuclear localization signal,Soluble,0.3804999887943268,0.7648000121116638,0.0471000000834465,0.05900000035762787,0.09019999951124191,0.042899999767541885,0.11429999768733978,0.06499999761581421,0.22200000286102295,0.00839999970048666,0.44440001249313354,0.0568000003695488,0.21070000529289246,0.7962999939918518
NOP58|Q9Y2X3,Nucleus,Nuclear localization signal,Soluble,0.32170000672340393,0.8842999935150146,0.0333000011742115,0.131400004029274,0.04089999943971634,0.01600000075995922,0.06859999895095825,0.05270000174641609,0.16359999775886536,0.0020000000949949026,0.43959999084472656,0.04619999974966049,0.25690001249313354,0.8167999982833862
NOP9|Q86U38,Cytoplasm|Nucleus,Nuclear localization signal,Soluble,0.5501999855041504,0.6862000226974487,0.14090000092983246,0.05290000140666962,0.20509999990463257,0.0003000000142492354,0.14399999380111694,0.09279999881982803,0.0966000035405159,0.010599999688565731,0.4041000008583069,0.10000000149011612,0.12250000238418579,0.8111000061035156
NOSIP|Q9Y314,Nucleus,Nuclear localization signal,Soluble,0.2289000004529953,0.7678999900817871,0.004000000189989805,0.06859999895095825,0.14880000054836273,0.005900000222027302,0.13279999792575836,0.029600000008940697,0.04309999942779541,0.0031999999191612005,0.5781999826431274,0.029100000858306885,0.11969999969005585,0.7976999878883362
NOVA1|P51513,Nucleus,Nuclear localization signal,Soluble,0.30730000138282776,0.9273999929428101,0.11500000208616257,0.0272000003606081,0.039000000804662704,0.0007999999797903001,0.03720000013709068,0.010300000198185444,0.01209999993443489,0.00019999999494757503,0.6187999844551086,0.03009999915957451,0.2151000052690506,0.7791000008583069
NOVA2|Q9UNW9,Nucleus,Nuclear localization signal,Peripheral|Soluble,0.32510000467300415,0.9373000264167786,0.13330000638961792,0.019999999552965164,0.04320000112056732,0.0006000000284984708,0.04740000143647194,0.008299999870359898,0.00989999994635582,0.00019999999494757503,0.6500999927520752,0.03280000016093254,0.1932000070810318,0.7616000175476074
NPM1|P06748,Nucleus,Nuclear localization signal,Soluble,0.46320000290870667,0.8532000184059143,0.04780000075697899,0.049400001764297485,0.05559999868273735,0.002899999963119626,0.0786999985575676,0.026799999177455902,0.052799999713897705,0.0024999999441206455,0.48820000886917114,0.019200000911951065,0.2069000005722046,0.8794999718666077
NPM2|Q86SE8,Nucleus,Nuclear localization signal,Soluble,0.34630000591278076,0.8999000191688538,0.06679999828338623,0.04149999842047691,0.07739999890327454,0.002099999925121665,0.09700000286102295,0.027699999511241913,0.05180000141263008,0.002899999963119626,0.3492000102996826,0.050200000405311584,0.2529999911785126,0.8551999926567078
NPM3|O75607,Nucleus,Nuclear localization signal,Soluble,0.4675999879837036,0.781499981880188,0.05900000035762787,0.08160000294446945,0.10029999911785126,0.00139999995008111,0.3693000078201294,0.11990000307559967,0.1695999950170517,0.019200000911951065,0.5116000175476074,0.06629999727010727,0.210999995470047,0.807699978351593
NR5A1|Q13285,Nucleus,Nuclear localization signal|Nuclear export signal,Soluble,0.43230000138282776,0.8356000185012817,0.010200000368058681,0.050700001418590546,0.1914999932050705,0.0019000000320374966,0.12470000237226486,0.12680000066757202,0.07930000126361847,0.0006000000284984708,0.5810999870300293,0.07249999791383743,0.15209999680519104,0.7581999897956848
NSA2|O95478,Nucleus,Nuclear localization signal,Soluble,0.3546999990940094,0.5947999954223633,0.032099999487400055,0.053700000047683716,0.1599999964237213,0.015599999576807022,0.08240000158548355,0.01899999938905239,0.0020000000949949026,0.0005000000237487257,0.2526000142097473,0.027400000020861626,0.17350000143051147,0.9016000032424927
NSD1|Q96L73,Cytoplasm|Nucleus,Nuclear localization signal,Soluble,0.507099986076355,0.8440999984741211,0.08590000122785568,0.05169999971985817,0.04560000076889992,0.006000000052154064,0.0430000014603138,0.03280000016093254,0.027799999341368675,0.004600000102072954,0.3885999917984009,0.06129999831318855,0.12039999663829803,0.8618999719619751
NSD2|O96028,Nucleus,Nuclear localization signal,Soluble,0.36910000443458557,0.9343000054359436,0.06270000338554382,0.03720000013709068,0.05909999832510948,0.020400000736117363,0.06030000001192093,0.01720000058412552,0.04520000144839287,0.0010999999940395355,0.4343000054359436,0.04439999908208847,0.20080000162124634,0.8453999757766724
NSRP1|Q9H0G5,Nucleus,Nuclear localization signal,Soluble,0.33169999718666077,0.8382999897003174,0.041099999099969864,0.06960000097751617,0.05550000071525574,0.0005000000237487257,0.03970000147819519,0.03709999844431877,0.023399999365210533,0.002099999925121665,0.3677000105381012,0.027699999511241913,0.21789999306201935,0.9045000076293945
NSUN2|Q08J23,Cytoplasm|Nucleus,Nuclear localization signal,Soluble,0.4884999990463257,0.8176000118255615,0.2614000141620636,0.06679999828338623,0.3646000027656555,0.0006000000284984708,0.07500000298023224,0.024700000882148743,0.04960000142455101,0.0015999999595806003,0.46299999952316284,0.03519999980926514,0.23970000445842743,0.8432999849319458
NSUN3|Q9H649,Cytoplasm|Nucleus,Nuclear localization signal,Soluble,0.585099995136261,0.7081999778747559,0.05429999902844429,0.062199998646974564,0.45500001311302185,0.010999999940395355,0.07169999927282333,0.04129999876022339,0.0843999981880188,0.0284000001847744,0.5254999995231628,0.07079999893903732,0.14229999482631683,0.7516999840736389
NSUN4|Q96CB9,Mitochondrion,Mitochondrial transit peptide,Peripheral|Soluble,0.24240000545978546,0.13940000534057617,0.362199991941452,0.12849999964237213,0.8550000190734863,0.007400000002235174,0.06880000233650208,0.07890000194311142,0.10689999908208847,0.07259999960660934,0.6481999754905701,0.1462000012397766,0.14429999887943268,0.670799970626831
NSUN5|Q96P11,Cytoplasm|Nucleus,Nuclear localization signal,Soluble,0.5486000180244446,0.5576000213623047,0.07559999823570251,0.18240000307559967,0.3230000138282776,0.0005000000237487257,0.1177000030875206,0.20059999823570251,0.1039000004529953,0.01269999984651804,0.567300021648407,0.09969999641180038,0.25529998540878296,0.7615000009536743
NSUN6|Q8TEA1,Cytoplasm|Nucleus,Nuclear localization signal|Nuclear export signal,Soluble,0.6304000020027161,0.633400022983551,0.0778999999165535,0.04919999837875366,0.39079999923706055,0.010200000368058681,0.09200000017881393,0.05649999901652336,0.11159999668598175,0.0071000000461936,0.4934999942779541,0.066600002348423,0.21220000088214874,0.7641000151634216
NSUN7|Q8NE18,Cytoplasm|Nucleus,Nuclear localization signal,Soluble,0.5654000043869019,0.7394999861717224,0.12380000203847885,0.10890000313520432,0.1437000036239624,0.010599999688565731,0.1665000021457672,0.016200000420212746,0.09179999679327011,0.009100000374019146,0.4115000069141388,0.13779999315738678,0.1264999955892563,0.7950999736785889
NTPCR|Q9BSD7,Cytoplasm|Nucleus,Nuclear localization signal,Soluble,0.48989999294281006,0.7376999855041504,0.0333000011742115,0.12129999697208405,0.3084000051021576,0.04610000178217888,0.08900000154972076,0.3059000074863434,0.065700002014637,0.09849999845027924,0.44600000977516174,0.04259999841451645,0.289000004529953,0.8465999960899353
NUCKS1|Q9H1E3,Nucleus,Nuclear localization signal,Soluble,0.1809999942779541,0.9731000065803528,0.1509000062942505,0.03269999846816063,0.030799999833106995,0.00860000029206276,0.026100000366568565,0.02810000069439411,0.04780000075697899,0.0005000000237487257,0.3815999925136566,0.03139999881386757,0.5740000009536743,0.8436999917030334
NUDC|Q9Y266,Cytoplasm,Nuclear localization signal|Nuclear export signal,Soluble,0.7954000234603882,0.5181999802589417,0.027799999341368675,0.07739999890327454,0.2076999992132187,0.00419999985024333,0.3082999885082245,0.3357999920845032,0.4000999927520752,0.0034000000450760126,0.4424999952316284,0.038600001484155655,0.11620000004768372,0.8267999887466431
NUDT11|Q96G61,Cytoplasm,Peroxisomal targeting signal,Soluble,0.7476000189781189,0.3140000104904175,0.026499999687075615,0.18140000104904175,0.26649999618530273,0.14499999582767487,0.260699987411499,0.06360000371932983,0.1006999984383583,0.1834000051021576,0.3952000141143799,0.07209999859333038,0.08009999990463257,0.8177000284194946
NUDT16L1|Q9BRJ7,Cytoplasm,Peroxisomal targeting signal,Soluble,0.6906999945640564,0.25609999895095825,0.012000000104308128,0.16740000247955322,0.3165999948978424,0.1039000004529953,0.2102999985218048,0.061400000005960464,0.11129999905824661,0.11739999800920486,0.5867999792098999,0.08510000258684158,0.04989999905228615,0.7315999865531921
NUDT21|O43809,Cytoplasm,,Soluble,0.6208000183105469,0.26080000400543213,0.05260000005364418,0.15680000185966492,0.5903000235557556,0.05909999832510948,0.21299999952316284,0.09679999947547913,0.14020000398159027,0.21699999272823334,0.5791000127792358,0.13529999554157257,0.13179999589920044,0.6757000088691711
NUDT4|Q9NZJ9,Cytoplasm,Peroxisomal targeting signal,Soluble,0.6779999732971191,0.46380001306533813,0.02630000002682209,0.14830000698566437,0.26759999990463257,0.07209999859333038,0.18930000066757202,0.05550000071525574,0.06769999861717224,0.4187999963760376,0.41350001096725464,0.08910000324249268,0.09950000047683716,0.7914000153541565
NUFIP1|Q9UHK0,Nucleus,Nuclear localization signal,Soluble,0.31139999628067017,0.9297999739646912,0.01769999973475933,0.013100000098347664,0.0357000008225441,0.0020000000949949026,0.05860000103712082,0.020099999383091927,0.019999999552965164,0.00039999998989515007,0.25769999623298645,0.06669999659061432,0.09380000084638596,0.8805000185966492
NUFIP2|Q7Z417,Cytoplasm|Nucleus,Nuclear localization signal,Soluble,0.6923999786376953,0.7549999952316284,0.032099999487400055,0.08969999849796295,0.08969999849796295,0.00279999990016222,0.10530000180006027,0.022199999541044235,0.11559999734163284,0.0026000000070780516,0.5016999840736389,0.03889999911189079,0.16689999401569366,0.8758000135421753
NUMA1|Q14980,Cytoplasm|Nucleus,Nuclear localization signal,Peripheral|Soluble,0.6011000275611877,0.6449999809265137,0.06499999761581421,0.2485000044107437,0.16380000114440918,0.021900000050663948,0.12349999696016312,0.04879999905824661,0.15240000188350677,0.009399999864399433,0.6453999876976013,0.061799999326467514,0.5478000044822693,0.7630000114440918
NUP153|P49790,Nucleus,Nuclear localization signal,Peripheral|Soluble,0.3693000078201294,0.8628000020980835,0.00860000029206276,0.07020000368356705,0.07349999994039536,0.0024999999441206455,0.15719999372959137,0.038100000470876694,0.0625,0.11050000041723251,0.7904000282287598,0.05139999836683273,0.3734000027179718,0.6215999722480774
NUP205|Q92621,Cytoplasm,Nuclear export signal,Soluble,0.46459999680519104,0.4618000090122223,0.0430000014603138,0.29789999127388,0.16169999539852142,0.01489999983459711,0.33320000767707825,0.24449999630451202,0.3513000011444092,0.07639999687671661,0.609499990940094,0.3698999881744385,0.09989999979734421,0.5536999702453613
NUP210|Q8TEM1,Cell membrane,Signal peptide|Transmembrane domain,Transmembrane,0.27059999108314514,0.1784999966621399,0.12870000302791595,0.4742000102996826,0.06199999898672104,0.004000000189989805,0.5123000144958496,0.4327999949455261,0.451200008392334,0.017400000244379044,0.08669999986886978,0.988099992275238,0.28279998898506165,0.1534000039100647
NUP214|P35658,Nucleus,Nuclear localization signal,Peripheral|Soluble,0.3517000079154968,0.779699981212616,0.04039999842643738,0.06520000100135803,0.05090000107884407,0.024700000882148743,0.19519999623298645,0.054499998688697815,0.20149999856948853,0.0017000000225380063,0.6550999879837036,0.05040000006556511,0.12380000203847885,0.7444999814033508
NUP42|O15504,Cytoplasm|Nucleus,,Soluble,0.46970000863075256,0.6198999881744385,0.05380000174045563,0.016499999910593033,0.07289999723434448,0.029500000178813934,0.20520000159740448,0.041200000792741776,0.09839999675750732,0.06620000302791595,0.4293999969959259,0.042399998754262924,0.11249999701976776,0.8144999742507935
NUP43|Q8NFH3,Cytoplasm|Nucleus,Nuclear export signal,Peripheral|Soluble,0.6155999898910522,0.5376999974250793,0.01979999989271164,0.11410000175237656,0.04089999943971634,0.027799999341368675,0.1453000009059906,0.4097999930381775,0.544700026512146,0.1973000019788742,0.6783999800682068,0.09440000355243683,0.18960000574588776,0.6075999736785889
NUP93|Q8N1F7,Nucleus,Nuclear export signal,Peripheral|Soluble,0.39590001106262207,0.8076000213623047,0.02669999934732914,0.049300000071525574,0.022199999541044235,0.0003000000142492354,0.09759999811649323,0.12370000034570694,0.17239999771118164,0.0017000000225380063,0.7056000232696533,0.07370000332593918,0.14309999346733093,0.6948000192642212
NUP98|P52948,Nucleus,Nuclear localization signal,Peripheral|Soluble,0.2831000089645386,0.7684999704360962,0.013899999670684338,0.1145000010728836,0.11599999666213989,0.005400000140070915,0.2913999855518341,0.11540000140666962,0.148499995470047,0.0034000000450760126,0.676800012588501,0.07440000027418137,0.17309999465942383,0.6995999813079834
NUSAP1|Q9BXS6,Cytoplasm|Nucleus,Nuclear localization signal,Soluble,0.49619999527931213,0.7936999797821045,0.01899999938905239,0.1062999963760376,0.14419999718666077,0.0038999998942017555,0.03350000083446503,0.022299999371170998,0.010499999858438969,0.0044999998062849045,0.27070000767707825,0.06870000064373016,0.27489998936653137,0.8745999932289124
NUTF2|P61970,Cytoplasm,,Soluble,0.7958999872207642,0.47690001130104065,0.23119999468326569,0.09610000252723694,0.16940000653266907,0.003800000064074993,0.2736999988555908,0.2646999955177307,0.08619999885559082,0.01510000042617321,0.5098000168800354,0.016200000420212746,0.19259999692440033,0.8744999766349792
NVL|O15381,Nucleus,Nuclear localization signal,Soluble,0.2980000078678131,0.8745999932289124,0.005400000140070915,0.0203000009059906,0.11860000342130661,0.0052999998442828655,0.05689999833703041,0.04729999974370003,0.02319999970495701,0.04230000078678131,0.5716999769210815,0.0681999996304512,0.17170000076293945,0.7526000142097473
NXF1|Q9UBU9,Cytoplasm|Nucleus,Nuclear localization signal,Soluble,0.6852999925613403,0.6509000062942505,0.08389999717473984,0.16259999573230743,0.04610000178217888,0.005900000222027302,0.16030000150203705,0.12860000133514404,0.09290000051259995,0.002199999988079071,0.48500001430511475,0.05249999836087227,0.19609999656677246,0.8072999715805054
NXF2|Q9GZY0,Cytoplasm|Nucleus,Nuclear export signal,Soluble,0.7039999961853027,0.6000999808311462,0.06300000101327896,0.22110000252723694,0.09049999713897705,0.001500000013038516,0.2759000062942505,0.2851000130176544,0.12999999523162842,0.005499999970197678,0.48559999465942383,0.08489999920129776,0.3596999943256378,0.7944999933242798
NXF3|Q9H4D5,Cytoplasm,Nuclear export signal,Soluble,0.6524999737739563,0.5177000164985657,0.02410000003874302,0.19609999656677246,0.1793999969959259,0.002099999925121665,0.5752999782562256,0.33570000529289246,0.18770000338554382,0.020899999886751175,0.5748000144958496,0.08320000022649765,0.2574999928474426,0.7942000031471252
NXF5|Q9H1B4,Cytoplasm,Nuclear export signal,Soluble,0.5616000294685364,0.4496000111103058,0.11729999631643295,0.31450000405311584,0.3522000014781952,0.004900000058114529,0.41200000047683716,0.30000001192092896,0.27239999175071716,0.10329999774694443,0.4537000060081482,0.15489999949932098,0.42989999055862427,0.7576000094413757
NXT1|Q9UKK6,Cytoplasm|Nucleus,,Soluble,0.767300009727478,0.8127999901771545,0.0414000004529953,0.026000000536441803,0.13899999856948853,0.017100000753998756,0.2159000039100647,0.16820000112056732,0.030799999833106995,0.034699998795986176,0.5367000102996826,0.012600000016391277,0.06560000032186508,0.8733999729156494
NXT2|Q9NPJ8,Cytoplasm|Nucleus,Nuclear localization signal,Soluble,0.7491000294685364,0.8334000110626221,0.03739999979734421,0.04439999908208847,0.0957999974489212,0.009499999694526196,0.11710000038146973,0.14259999990463257,0.03449999913573265,0.08330000191926956,0.4968999922275543,0.014600000344216824,0.08240000158548355,0.8744000196456909
OAS2|P29728,Cytoplasm,,Soluble,0.6938999891281128,0.3346000015735626,0.3702999949455261,0.16380000114440918,0.4196000099182129,0.0035000001080334187,0.1996999979019165,0.15620000660419464,0.04500000178813934,0.020600000396370888,0.48030000925064087,0.06030000001192093,0.5203999876976013,0.7616000175476074
OAS3|Q9Y6K5,Cytoplasm,,Soluble,0.7358999848365784,0.37139999866485596,0.24410000443458557,0.1662999987602234,0.5806000232696533,0.0038999998942017555,0.1469999998807907,0.18410000205039978,0.05260000005364418,0.012400000356137753,0.5167999863624573,0.057500001043081284,0.15029999613761902,0.8446999788284302
OGT|O15294,Cytoplasm|Nucleus,Nuclear export signal,Peripheral|Soluble,0.671999990940094,0.7289999723434448,0.010400000028312206,0.2802000045776367,0.5403000116348267,0.03240000084042549,0.18070000410079956,0.19110000133514404,0.16529999673366547,0.038100000470876694,0.6205000281333923,0.060100000351667404,0.19949999451637268,0.7378000020980835
OLA1|Q9NTK5,Cytoplasm,Nuclear localization signal,Soluble,0.7214000225067139,0.22179999947547913,0.03959999978542328,0.1995999962091446,0.31360000371932983,0.057100001722574234,0.26350000500679016,0.11379999667406082,0.3452000021934509,0.010400000028312206,0.42500001192092896,0.014700000174343586,0.2468000054359436,0.8313000202178955
OTUD4|Q01804,Cytoplasm|Nucleus,Nuclear localization signal|Nuclear export signal,Soluble,0.8061000108718872,0.6409000158309937,0.0697999969124794,0.06379999965429306,0.044199999421834946,0.0017999999690800905,0.24320000410079956,0.059700001031160355,0.08950000256299973,0.004100000020116568,0.5307000279426575,0.07400000095367432,0.09610000252723694,0.8086000084877014
P4HB|P07237,Endoplasmic reticulum,Signal peptide,Soluble,0.35409998893737793,0.20720000565052032,0.20319999754428864,0.4650000035762787,0.07209999859333038,0.000699999975040555,0.9376000165939331,0.3601999878883362,0.3776000142097473,0.013100000098347664,0.45890000462532043,0.021900000050663948,0.13809999823570251,0.8572999835014343
PA2G4|Q9UQ80,Cytoplasm|Nucleus,Nuclear localization signal,Soluble,0.6507999897003174,0.6786999702453613,0.03280000016093254,0.042100001126527786,0.05649999901652336,0.005400000140070915,0.39419999718666077,0.013500000350177288,0.1485999971628189,0.007300000172108412,0.362199991941452,0.02710000053048134,0.2393999993801117,0.892300009727478
PABPC1|P11940,Cytoplasm|Nucleus,Nuclear localization signal,Soluble,0.6618000268936157,0.6176000237464905,0.06780000030994415,0.054999999701976776,0.057999998331069946,0.00279999990016222,0.06480000168085098,0.027899999171495438,0.05130000039935112,0.002199999988079071,0.5246000289916992,0.031099999323487282,0.25529998540878296,0.8026000261306763
PABPC1L|Q4VXU2,Cytoplasm,,Soluble,0.7120000123977661,0.36800000071525574,0.04280000180006027,0.035100001841783524,0.03310000151395798,0.0027000000700354576,0.10109999775886536,0.023099999874830246,0.02539999969303608,0.003000000026077032,0.4851999878883362,0.033399999141693115,0.18520000576972961,0.8230999708175659
PABPC1L2A|Q5JQF8,Cytoplasm|Nucleus,Nuclear localization signal,Soluble,0.4997999966144562,0.679099977016449,0.03959999978542328,0.030300000682473183,0.07339999824762344,0.02019999921321869,0.08429999649524689,0.06620000302791595,0.06700000166893005,0.005900000222027302,0.37130001187324524,0.05889999866485596,0.14659999310970306,0.8105999827384949
PABPC3|Q9H361,Cytoplasm|Nucleus,Nuclear localization signal,Soluble,0.6503000259399414,0.5443000197410583,0.09809999912977219,0.04430000111460686,0.040800001472234726,0.0038999998942017555,0.07810000330209732,0.024299999698996544,0.032999999821186066,0.00139999995008111,0.4383000135421753,0.02630000002682209,0.20569999516010284,0.8422999978065491
PABPC4|Q13310,Cytoplasm|Nucleus,Nuclear localization signal,Soluble,0.7067999839782715,0.52920001745224,0.06539999693632126,0.053199999034404755,0.04540000110864639,0.0026000000070780516,0.0706000030040741,0.029600000008940697,0.04569999873638153,0.0017000000225380063,0.5464000105857849,0.034299999475479126,0.2687999904155731,0.7954999804496765
PABPC4L|P0CB38,Cytoplasm|Nucleus,Nuclear localization signal,Soluble,0.7430999875068665,0.6565999984741211,0.258899986743927,0.03319999948143959,0.2630000114440918,0.010300000198185444,0.07400000095367432,0.03460000082850456,0.042100001126527786,0.0052999998442828655,0.33820000290870667,0.0430000014603138,0.07989999651908875,0.8341000080108643
PABPC5|Q96DU9,Cytoplasm|Nucleus,Nuclear localization signal,Soluble,0.6328999996185303,0.7010999917984009,0.10700000077486038,0.03709999844431877,0.10639999806880951,0.014600000344216824,0.08720000088214874,0.029100000858306885,0.03420000150799751,0.001500000013038516,0.23499999940395355,0.06360000371932983,0.04839999973773956,0.8450999855995178
PABPN1|Q86U42,Cytoplasm|Nucleus,Nuclear localization signal,Soluble,0.6349999904632568,0.7813000082969666,0.019600000232458115,0.09860000014305115,0.05299999937415123,0.0010000000474974513,0.13910000026226044,0.05339999869465828,0.020500000566244125,0.0008999999845400453,0.5368000268936157,0.07050000131130219,0.16859999299049377,0.8113999962806702
PABPN1L|A6NDY0,Cytoplasm|Nucleus,Nuclear localization signal,Soluble,0.626800000667572,0.7254999876022339,0.02759999968111515,0.07919999957084656,0.094200000166893,0.0007999999797903001,0.17170000076293945,0.04859999939799309,0.027400000020861626,0.002400000113993883,0.38089999556541443,0.11500000208616257,0.2842000126838684,0.848800003528595
PAF1|Q8N7H5,Nucleus,Nuclear localization signal,Soluble,0.23929999768733978,0.8963000178337097,0.06279999762773514,0.06300000101327896,0.11209999769926071,0.002300000051036477,0.054499998688697815,0.0052999998442828655,0.009499999694526196,0.004999999888241291,0.2354000061750412,0.027400000020861626,0.09480000287294388,0.8835999965667725
PAFAH1B1|P43034,Nucleus,Nuclear localization signal|Nuclear export signal,Soluble,0.4311000108718872,0.6430000066757202,0.025599999353289604,0.18559999763965607,0.12020000070333481,0.0007999999797903001,0.09040000289678574,0.10100000351667404,0.09570000320672989,0.03180000185966492,0.49729999899864197,0.042899999767541885,0.12430000305175781,0.7555999755859375
PAICS|P22234,Cytoplasm,,Soluble,0.7146999835968018,0.43369999527931213,0.060100000351667404,0.11980000138282776,0.2919999957084656,0.03970000147819519,0.3310999870300293,0.06109999865293503,0.04439999908208847,0.03530000150203705,0.5630999803543091,0.0502999983727932,0.2689000070095062,0.7781999707221985
PAIP1|Q9H074,Cytoplasm|Nucleus,Nuclear localization signal|Nuclear export signal,Soluble,0.805400013923645,0.6090999841690063,0.08160000294446945,0.11230000108480453,0.07810000330209732,0.00559999980032444,0.12630000710487366,0.1216999962925911,0.17100000381469727,0.0013000000035390258,0.5350000262260437,0.04320000112056732,0.13819999992847443,0.8324999809265137
PAIP2|Q9BPZ3,Cytoplasm|Nucleus,Nuclear localization signal|Nuclear export signal,Soluble,0.8040000200271606,0.6833999752998352,0.004800000227987766,0.13989999890327454,0.20839999616146088,0.007699999958276749,0.11829999834299088,0.16179999709129333,0.13580000400543213,0.09440000355243683,0.5224999785423279,0.044599998742341995,0.06080000102519989,0.8185999989509583
PAIP2B|Q9ULR5,Cytoplasm|Nucleus,Nuclear localization signal|Nuclear export signal,Soluble,0.8240000009536743,0.6340000033378601,0.004600000102072954,0.1264999955892563,0.2987000048160553,0.0015999999595806003,0.09679999947547913,0.14830000698566437,0.20260000228881836,0.016899999231100082,0.5408999919891357,0.04010000079870224,0.12449999898672104,0.8429999947547913
PAK1IP1|Q9NWT1,Nucleus,Nuclear localization signal,Soluble,0.20160000026226044,0.9348000288009644,0.04270000010728836,0.029100000858306885,0.05139999836683273,0.008799999952316284,0.051500000059604645,0.012799999676644802,0.05730000138282776,0.0017999999690800905,0.4756999909877777,0.05469999834895134,0.09539999812841415,0.7832000255584717
PAN2|Q504Q3,Cytoplasm|Nucleus,Nuclear export signal,Soluble,0.7434999942779541,0.6140999794006348,0.025699999183416367,0.1331000030040741,0.1103999987244606,0.010400000028312206,0.14329999685287476,0.29170000553131104,0.17219999432563782,0.0071000000461936,0.5928999781608582,0.05920000001788139,0.09510000050067902,0.7789999842643738
PAN3|Q58A45,Cytoplasm,Nuclear export signal,Peripheral|Soluble,0.7141000032424927,0.4284000098705292,0.11500000208616257,0.16750000417232513,0.0835999995470047,0.011900000274181366,0.08950000256299973,0.22679999470710754,0.2207999974489212,0.015399999916553497,0.7706000208854675,0.05810000002384186,0.22220000624656677,0.6646000146865845
PAPOLA|P51003,Cytoplasm|Nucleus,Nuclear localization signal,Soluble,0.49079999327659607,0.8672000169754028,0.03880000114440918,0.14380000531673431,0.10369999706745148,0.001500000013038516,0.05909999832510948,0.0421999990940094,0.05389999970793724,0.0024999999441206455,0.45840001106262207,0.06669999659061432,0.21660000085830688,0.782800018787384
PAPOLB|Q9NRJ5,Cytoplasm|Nucleus,Nuclear export signal,Soluble,0.5814999938011169,0.6215999722480774,0.05000000074505806,0.22529999911785126,0.1996999979019165,0.004399999976158142,0.12160000205039978,0.2061000019311905,0.09200000017881393,0.01810000091791153,0.5116999745368958,0.10589999705553055,0.2476000040769577,0.7389000058174133
PAPOLG|Q9BWT3,Nucleus,Nuclear localization signal,Soluble,0.4471000134944916,0.8715000152587891,0.021400000900030136,0.133200004696846,0.13089999556541443,0.004900000058114529,0.03220000118017197,0.035100001841783524,0.03449999913573265,0.006599999964237213,0.4235999882221222,0.06159999966621399,0.1378999948501587,0.8003000020980835
PARK7|Q99497,Cytoplasm,Mitochondrial transit peptide,Soluble,0.8948000073432922,0.3871000111103058,0.042100001126527786,0.15449999272823334,0.5896000266075134,0.07580000162124634,0.4814000129699707,0.06560000032186508,0.22360000014305115,0.026100000366568565,0.23549999296665192,0.03700000047683716,0.10450000315904617,0.8712999820709229
PARN|O95453,Nucleus,Nuclear localization signal,Soluble,0.4120999872684479,0.9060999751091003,0.06930000334978104,0.05490000173449516,0.08659999817609787,0.0012000000569969416,0.17589999735355377,0.026799999177455902,0.04280000180006027,0.0015999999595806003,0.4733000099658966,0.10249999910593033,0.26170000433921814,0.7670999765396118
PARP1|P09874,Cytoplasm|Nucleus,Nuclear localization signal,Soluble,0.553600013256073,0.7421000003814697,0.16179999709129333,0.060499999672174454,0.12210000306367874,0.04670000076293945,0.09570000320672989,0.13189999759197235,0.16419999301433563,0.0031999999191612005,0.5601999759674072,0.029400000348687172,0.10199999809265137,0.7892000079154968
PARP12|Q9H0J9,Cytoplasm|Nucleus,Nuclear export signal,Soluble,0.571399986743927,0.6100000143051147,0.15469999611377716,0.06539999693632126,0.12559999525547028,0.005100000184029341,0.12770000100135803,0.18790000677108765,0.06440000236034393,0.006300000008195639,0.5985000133514404,0.05389999970793724,0.18719999492168427,0.7498999834060669
PARS2|Q7L3T8,Mitochondrion,Mitochondrial transit peptide,Peripheral|Soluble,0.17820000648498535,0.1746000051498413,0.08179999887943268,0.06159999966621399,0.9423999786376953,0.013299999758601189,0.06270000338554382,0.043800000101327896,0.07199999690055847,0.0340999998152256,0.6407999992370605,0.07090000063180923,0.13009999692440033,0.7192000150680542
PATL1|Q86TB9,Cytoplasm|Nucleus,Nuclear export signal,Soluble,0.5364000201225281,0.7222999930381775,0.011599999852478504,0.030500000342726707,0.04659999907016754,0.002899999963119626,0.054499998688697815,0.09059999883174896,0.06360000371932983,0.03539999946951866,0.48739999532699585,0.11140000075101852,0.09000000357627869,0.7493000030517578
PATL2|C9JE40,Cytoplasm|Nucleus,Nuclear localization signal|Nuclear export signal,Soluble,0.6974999904632568,0.5821999907493591,0.029100000858306885,0.07050000131130219,0.11309999972581863,0.0006000000284984708,0.21089999377727509,0.2825999855995178,0.17730000615119934,0.02590000070631504,0.4108000099658966,0.3050999939441681,0.15639999508857727,0.7475000023841858
PAXBP1|Q9Y5B6,Cytoplasm|Nucleus,Nuclear localization signal,Soluble,0.4885999858379364,0.704800009727478,0.10790000110864639,0.11649999767541885,0.02449999935925007,0.0017999999690800905,0.0706000030040741,0.13740000128746033,0.31839999556541443,0.0013000000035390258,0.565500020980835,0.12729999423027039,0.09290000051259995,0.7009999752044678
PCBP1|Q15365,Cytoplasm|Nucleus,Nuclear localization signal,Soluble,0.7469000220298767,0.6486999988555908,0.13930000364780426,0.11400000005960464,0.04610000178217888,0.0017999999690800905,0.23080000281333923,0.06679999828338623,0.10649999976158142,0.0024999999441206455,0.6082000136375427,0.052400000393390656,0.40709999203681946,0.7006000280380249
PCBP2|Q15366,Cytoplasm|Nucleus,Nuclear localization signal,Soluble,0.7336999773979187,0.6933000087738037,0.08879999816417694,0.1388999968767166,0.04399999976158142,0.0013000000035390258,0.2287999987602234,0.06880000233650208,0.10809999704360962,0.0035000001080334187,0.6161999702453613,0.0689999982714653,0.47600001096725464,0.6669999957084656
PCBP3|P57721,Cytoplasm|Nucleus,Nuclear localization signal|Nuclear export signal,Peripheral|Soluble,0.6790000200271606,0.6765000224113464,0.09139999747276306,0.1324000060558319,0.0714000016450882,0.0007999999797903001,0.21150000393390656,0.07569999992847443,0.10119999945163727,0.006399999838322401,0.6535000205039978,0.07970000058412552,0.555899977684021,0.6365000009536743
PCBP4|P57723,Cytoplasm|Nucleus,Nuclear localization signal,Soluble,0.6650000214576721,0.6607999801635742,0.05469999834895134,0.15479999780654907,0.03720000013709068,0.0013000000035390258,0.10890000313520432,0.07530000060796738,0.08479999750852585,0.0015999999595806003,0.6172000169754028,0.06369999796152115,0.29260000586509705,0.6840000152587891
PCF11|O94913,Nucleus,Nuclear localization signal,Soluble,0.19869999587535858,0.9768000245094299,0.016499999910593033,0.015699999406933784,0.016300000250339508,0.0024999999441206455,0.02969999983906746,0.005100000184029341,0.008700000122189522,0.0005000000237487257,0.43220001459121704,0.023099999874830246,0.16130000352859497,0.8715999722480774
PCM1|Q15154,Cytoplasm,Nuclear export signal,Soluble,0.7062000036239624,0.2800000011920929,0.06849999725818634,0.15700000524520874,0.08340000361204147,0.010499999858438969,0.06939999759197235,0.18729999661445618,0.2815999984741211,0.03500000014901161,0.5885000228881836,0.07100000232458115,0.10140000283718109,0.7684000134468079
PCNA|P12004,Cytoplasm|Nucleus,,Soluble,0.5314000248908997,0.7577000260353088,0.034699998795986176,0.07519999891519547,0.11349999904632568,0.01209999993443489,0.1324000060558319,0.037300001829862595,0.026000000536441803,0.017799999564886093,0.3037000000476837,0.027000000700354576,0.14880000054836273,0.8115000128746033
PCNT|O95613,Cytoplasm,,Peripheral|Soluble,0.6251999735832214,0.26499998569488525,0.030899999663233757,0.23199999332427979,0.19619999825954437,0.003599999938160181,0.5388000011444092,0.44110000133514404,0.6542999744415283,0.01730000041425228,0.6840000152587891,0.32100000977516174,0.33959999680519104,0.4726000130176544
PDAP1|Q13442,Nucleus,Nuclear localization signal,Soluble,0.453000009059906,0.6606000065803528,0.012000000104308128,0.13339999318122864,0.12080000340938568,0.002300000051036477,0.05620000138878822,0.05900000035762787,0.04309999942779541,0.005799999926239252,0.3716000020503998,0.017799999564886093,0.1370999962091446,0.8770999908447266
PDCD11|Q14690,Nucleus,Nuclear localization signal,Soluble,0.1987999975681305,0.9678000211715698,0.030500000342726707,0.01489999983459711,0.030700000002980232,0.0017999999690800905,0.044199999421834946,0.015699999406933784,0.024000000208616257,0.002899999963119626,0.3968999981880188,0.050999999046325684,0.10109999775886536,0.857699990272522
PDCD4|Q53EL6,Cytoplasm,Nuclear localization signal|Nuclear export signal,Soluble,0.8115000128746033,0.48559999465942383,0.1225999966263771,0.07490000128746033,0.05700000002980232,0.010700000450015068,0.12110000103712082,0.11050000041723251,0.3411000072956085,0.003000000026077032,0.4747999906539917,0.03959999978542328,0.06379999965429306,0.8367000222206116
PDCD6IP|Q8WUM4,Cytoplasm,Nuclear export signal,Soluble,0.7049999833106995,0.3612000048160553,0.28349998593330383,0.21770000457763672,0.0771000012755394,0.002400000113993883,0.23729999363422394,0.532800018787384,0.3303999900817871,0.002400000113993883,0.6144000291824341,0.02539999969303608,0.08190000057220459,0.7930999994277954
PDCD7|Q8N8D1,Cytoplasm|Nucleus,Nuclear localization signal,Soluble,0.5220999717712402,0.6808000206947327,0.023499999195337296,0.12999999523162842,0.1826000064611435,0.0013000000035390258,0.0940999984741211,0.05739999935030937,0.10040000081062317,0.020099999383091927,0.38749998807907104,0.09470000118017197,0.051100000739097595,0.8485999703407288
PDE12|Q6L8Q7,Mitochondrion,Mitochondrial transit peptide,Peripheral|Soluble,0.35740000009536743,0.3285999894142151,0.17080000042915344,0.11569999903440475,0.7358999848365784,0.022700000554323196,0.19439999759197235,0.1265999972820282,0.27410000562667847,0.11620000004768372,0.6747000217437744,0.08309999853372574,0.13169999420642853,0.6365000009536743
PDIA3|P30101,Endoplasmic reticulum,Signal peptide,Soluble,0.2678000032901764,0.22470000386238098,0.20810000598430634,0.3675999939441681,0.07620000094175339,0.009800000116229057,0.8841999769210815,0.30090001225471497,0.296999990940094,0.016200000420212746,0.4178999960422516,0.02850000001490116,0.031099999323487282,0.8222000002861023
PDIA4|P13667,Endoplasmic reticulum,Signal peptide,Soluble,0.210099995136261,0.2451999932527542,0.22290000319480896,0.20980000495910645,0.08919999748468399,0.0032999999821186066,0.9575999975204468,0.3434999883174896,0.323199987411499,0.10249999910593033,0.412200003862381,0.018699999898672104,0.03920000046491623,0.8615000247955322
PDIA6|Q15084,Endoplasmic reticulum,Signal peptide,Soluble,0.2425999939441681,0.249099999666214,0.10700000077486038,0.2703000009059906,0.09200000017881393,0.006000000052154064,0.9340999722480774,0.2644999921321869,0.3698999881744385,0.02070000022649765,0.3529999852180481,0.031300000846385956,0.05000000074505806,0.828000009059906
PDS5A|Q29RF7,Nucleus,Nuclear localization signal,Soluble,0.20329999923706055,0.9000999927520752,0.11349999904632568,0.09040000289678574,0.04309999942779541,0.050599999725818634,0.03280000016093254,0.022700000554323196,0.0731000006198883,0.00559999980032444,0.5953999757766724,0.09950000047683716,0.14959999918937683,0.7167999744415283
PEBP1|P30086,Cytoplasm,,Soluble,0.6830000281333923,0.21610000729560852,0.5070000290870667,0.29760000109672546,0.05480000004172325,0.08730000257492065,0.3476000130176544,0.042899999767541885,0.3027999997138977,0.039500001817941666,0.23980000615119934,0.02280000038444996,0.09790000319480896,0.8776000142097473
PEG10|Q86TG7,Cytoplasm,,Soluble,0.6926000118255615,0.5012999773025513,0.3953000009059906,0.03590000048279762,0.06880000233650208,0.022199999541044235,0.1363999992609024,0.22450000047683716,0.0632999986410141,0.03620000183582306,0.41040000319480896,0.07079999893903732,0.08100000023841858,0.821399986743927
PELO|Q9BRX2,Cytoplasm|Nucleus,,Soluble,0.5587999820709229,0.5983999967575073,0.01730000041425228,0.04830000177025795,0.3343000113964081,0.02019999921321869,0.15330000221729279,0.0575999990105629,0.09759999811649323,0.02630000002682209,0.2978000044822693,0.07280000299215317,0.25049999356269836,0.8188999891281128
PELP1|Q8IZL8,Nucleus,Nuclear localization signal,Peripheral|Soluble,0.26350000500679016,0.9513999819755554,0.05849999934434891,0.02930000051856041,0.040800001472234726,0.0005000000237487257,0.1501999944448471,0.03689999878406525,0.06449999660253525,0.00139999995008111,0.6366999745368958,0.11420000344514847,0.12250000238418579,0.7405999898910522
PES1|O00541,Nucleus,Nuclear localization signal,Soluble,0.21040000021457672,0.8328999876976013,0.061500001698732376,0.09870000183582306,0.10740000009536743,0.00430000014603138,0.0681999996304512,0.02280000038444996,0.0803999975323677,0.00039999998989515007,0.48660001158714294,0.03999999910593033,0.21709999442100525,0.8033000230789185
PFAS|O15067,Cytoplasm,Nuclear export signal,Peripheral|Soluble,0.7218000292778015,0.4474000036716461,0.021800000220537186,0.2976999878883362,0.2879999876022339,0.006599999964237213,0.0957999974489212,0.10660000145435333,0.0754999965429306,0.027400000020861626,0.6351000070571899,0.08060000091791153,0.2493000030517578,0.7384999990463257
PFKP|Q01813,Cytoplasm,Nuclear localization signal,Soluble,0.7817999720573425,0.21080000698566437,0.017500000074505806,0.3077000081539154,0.4000999927520752,0.01140000019222498,0.18770000338554382,0.11490000039339066,0.09740000218153,0.019600000232458115,0.6098999977111816,0.04450000077486038,0.3050999939441681,0.7694000005722046
PFN1|P07737,Cytoplasm,,Soluble,0.6409000158309937,0.37880000472068787,0.056299999356269836,0.24210000038146973,0.125900000333786,0.000699999975040555,0.39649999141693115,0.3068999946117401,0.08169999718666077,0.027899999171495438,0.5730999708175659,0.021900000050663948,0.11410000175237656,0.8219000101089478
PGAM1|P18669,Cytoplasm,Peroxisomal targeting signal,Soluble,0.7131999731063843,0.2667999863624573,0.022600000724196434,0.3230000138282776,0.5350000262260437,0.04960000142455101,0.4169999957084656,0.05380000174045563,0.05139999836683273,0.29120001196861267,0.44670000672340393,0.018400000408291817,0.1014999970793724,0.8414000272750854
PGAM5|Q96HS1,Mitochondrion,Mitochondrial transit peptide,Peripheral|Transmembrane,0.21690000593662262,0.15209999680519104,0.10300000011920929,0.09130000323057175,0.9684000015258789,0.041200000792741776,0.2989000082015991,0.11739999800920486,0.15240000188350677,0.15710000693798065,0.6568999886512756,0.6560999751091003,0.023900000378489494,0.2953000068664551
PGD|P52209,Cytoplasm,,Soluble,0.6021999716758728,0.25529998540878296,0.031300000846385956,0.11500000208616257,0.2071000039577484,0.01810000091791153,0.08139999955892563,0.10859999805688858,0.07970000058412552,0.09059999883174896,0.5504000186920166,0.04690000042319298,0.21439999341964722,0.7423999905586243
PGK1|P00558,Cytoplasm,,Soluble,0.7509999871253967,0.14219999313354492,0.10419999808073044,0.3521000146865845,0.48899999260902405,0.017000000923871994,0.1340000033378601,0.08410000056028366,0.14229999482631683,0.04089999943971634,0.29260000586509705,0.019999999552965164,0.1607999950647354,0.8790000081062317
PHAX|Q9H814,Nucleus,Nuclear localization signal,Soluble,0.21629999577999115,0.9492999911308289,0.019300000742077827,0.006200000178068876,0.15330000221729279,0.007000000216066837,0.03139999881386757,0.017899999395012856,0.009399999864399433,0.003700000001117587,0.2825999855995178,0.08869999647140503,0.08730000257492065,0.8449000120162964
PHC1|P78364,Nucleus,Nuclear localization signal,Soluble,0.3628999888896942,0.8575000166893005,0.03310000151395798,0.04639999940991402,0.05999999865889549,0.0007999999797903001,0.060100000351667404,0.031099999323487282,0.04879999905824661,0.0010000000474974513,0.6040999889373779,0.03889999911189079,0.3181000053882599,0.8048999905586243
PHC2|Q8IXK0,Nucleus,Nuclear localization signal,Soluble,0.4383000135421753,0.7810999751091003,0.029600000008940697,0.07680000364780426,0.0820000022649765,0.00039999998989515007,0.0820000022649765,0.06650000065565109,0.08100000023841858,0.003100000089034438,0.6026999950408936,0.055399999022483826,0.3271999955177307,0.776199996471405
PHC3|Q8NDX5,Nucleus,Nuclear localization signal,Soluble,0.39410001039505005,0.864799976348877,0.016899999231100082,0.04699999839067459,0.04520000144839287,0.0012000000569969416,0.06019999831914902,0.051600001752376556,0.05829999968409538,0.0010999999940395355,0.5647000074386597,0.04019999876618385,0.2969000041484833,0.8041999936103821
PHF10|Q8WUB8,Nucleus,Nuclear localization signal,Soluble,0.26570001244544983,0.9325000047683716,0.042899999767541885,0.04280000180006027,0.09290000051259995,0.0027000000700354576,0.06350000202655792,0.02459999918937683,0.05770000070333481,0.0006000000284984708,0.41999998688697815,0.03959999978542328,0.09560000151395798,0.8644000291824341
PHF14|O94880,Nucleus,Nuclear localization signal,Soluble,0.2838999927043915,0.9351000189781189,0.03610000014305115,0.04089999943971634,0.03229999914765358,0.009800000116229057,0.09520000219345093,0.02590000070631504,0.15729999542236328,0.0010000000474974513,0.5336999893188477,0.04399999976158142,0.17479999363422394,0.8130999803543091
PHF3|Q92576,Nucleus,Nuclear localization signal,Soluble,0.18700000643730164,0.9545000195503235,0.021400000900030136,0.06480000168085098,0.03519999980926514,0.014100000262260437,0.039000000804662704,0.006099999882280827,0.012500000186264515,0.005499999970197678,0.3553999960422516,0.048500001430511475,0.06159999966621399,0.8671000003814697
PHF5A|Q7RTV0,Cytoplasm|Nucleus,Nuclear localization signal,Soluble,0.6159999966621399,0.5683000087738037,0.08309999853372574,0.05249999836087227,0.30869999527931213,0.11240000277757645,0.10859999805688858,0.11900000274181366,0.09179999679327011,0.0038999998942017555,0.4214000105857849,0.07989999651908875,0.042100001126527786,0.7742999792098999
PHF6|Q8IWS0,Nucleus,Nuclear localization signal,Soluble,0.2433999925851822,0.9632999897003174,0.07010000199079514,0.04039999842643738,0.04390000179409981,0.019899999722838402,0.016200000420212746,0.029999999329447746,0.07000000029802322,0.0008999999845400453,0.4140999913215637,0.03590000048279762,0.0617000013589859,0.8734999895095825
PHGDH|O43175,Cytoplasm,Nuclear export signal,Soluble,0.7626000046730042,0.3280999958515167,0.06499999761581421,0.4309999942779541,0.49380001425743103,0.021800000220537186,0.1273999959230423,0.20970000326633453,0.07739999890327454,0.03460000082850456,0.5245000123977661,0.06889999657869339,0.2184000015258789,0.7939000129699707
PHIP|Q8WWQ0,Nucleus,Nuclear localization signal,Soluble,0.12890000641345978,0.957099974155426,0.02290000021457672,0.03500000014901161,0.03290000185370445,0.019099999219179153,0.03220000118017197,0.03550000116229057,0.04019999876618385,0.002400000113993883,0.5289000272750854,0.08079999685287476,0.2126999944448471,0.7337999939918518
PIH1D1|Q9NWS0,Cytoplasm|Nucleus,Nuclear export signal,Soluble,0.6837000250816345,0.5965999960899353,0.12120000272989273,0.10260000079870224,0.049800001084804535,0.0006000000284984708,0.18050000071525574,0.3506999909877777,0.2524000108242035,0.004900000058114529,0.4909000098705292,0.06239999830722809,0.1031000018119812,0.786300003528595
PIK3R4|Q99570,Cytoplasm,Nuclear localization signal|Nuclear export signal,Lipid anchor|Soluble,0.4968000054359436,0.5187000036239624,0.045499999076128006,0.34790000319480896,0.14569999277591705,0.016300000250339508,0.19589999318122864,0.5282999873161316,0.45969998836517334,0.00430000014603138,0.5864999890327454,0.08969999849796295,0.7684999704360962,0.5149000287055969
PINX1|Q96BK5,Nucleus,Nuclear localization signal,Soluble,0.28999999165534973,0.8640000224113464,0.155799999833107,0.054499998688697815,0.04580000042915344,0.0066999997943639755,0.06080000102519989,0.027899999171495438,0.11749999970197678,0.013899999670684338,0.5314000248908997,0.038600001484155655,0.37279999256134033,0.8051999807357788
PIWIL1|Q96J94,Cytoplasm,,Soluble,0.6848000288009644,0.503000020980835,0.08299999684095383,0.20399999618530273,0.19419999420642853,0.002099999925121665,0.13050000369548798,0.0494999997317791,0.07530000060796738,0.13930000364780426,0.5888000130653381,0.04019999876618385,0.24279999732971191,0.7804999947547913
PIWIL2|Q8TC59,Cytoplasm,,Soluble,0.767799973487854,0.41690000891685486,0.07360000163316727,0.12380000203847885,0.21899999678134918,0.002899999963119626,0.16300000250339508,0.05119999870657921,0.09549999982118607,0.16220000386238098,0.6140000224113464,0.05640000104904175,0.2296999990940094,0.7876999974250793
PIWIL3|Q7Z3Z3,Cytoplasm,,Soluble,0.7091000080108643,0.3856000006198883,0.09889999777078629,0.15800000727176666,0.2409999966621399,0.002899999963119626,0.11990000307559967,0.048500001430511475,0.05649999901652336,0.14569999277591705,0.5393000245094299,0.04230000078678131,0.2084999978542328,0.8029999732971191
PIWIL4|Q7Z3Z4,Cytoplasm,Nuclear localization signal,Soluble,0.7045999765396118,0.5134000182151794,0.07039999961853027,0.0908999964594841,0.17249999940395355,0.007199999876320362,0.09279999881982803,0.04010000079870224,0.07859999686479568,0.15870000422000885,0.5633000135421753,0.03700000047683716,0.17919999361038208,0.8058000206947327
PKM|P14618,Cytoplasm,Nuclear localization signal|Nuclear export signal,Peripheral|Soluble,0.8048999905586243,0.4796999990940094,0.05270000174641609,0.2289000004529953,0.26460000872612,0.015599999576807022,0.16769999265670776,0.32899999618530273,0.3125,0.007899999618530273,0.6452999711036682,0.04100000113248825,0.3799000084400177,0.7854999899864197
PKP1|Q13835,Cytoplasm,Nuclear localization signal,Soluble,0.5285999774932861,0.41449999809265137,0.04729999974370003,0.5231000185012817,0.13040000200271606,0.0052999998442828655,0.10440000146627426,0.26420000195503235,0.14749999344348907,0.011699999682605267,0.5291000008583069,0.11349999904632568,0.08470000326633453,0.7350000143051147
PLAA|Q9Y263,Cytoplasm|Nucleus,Nuclear localization signal|Nuclear export signal,Soluble,0.6766999959945679,0.5672000050544739,0.005799999926239252,0.11829999834299088,0.14059999585151672,0.028300000354647636,0.27160000801086426,0.4106000065803528,0.42969998717308044,0.007199999876320362,0.5486999750137329,0.06310000270605087,0.13600000739097595,0.7332000136375427
PLEC|Q15149,Cytoplasm,Nuclear localization signal|Nuclear export signal,Peripheral|Soluble,0.8269000053405762,0.39590001106262207,0.09690000116825104,0.24150000512599945,0.1923999935388565,0.02019999921321869,0.16990000009536743,0.21209999918937683,0.21850000321865082,0.001500000013038516,0.741100013256073,0.02979999966919422,0.29330000281333923,0.7634000182151794
PLOD1|Q02809,Extracellular,Signal peptide,Soluble,0.21960000693798065,0.1120000034570694,0.6714000105857849,0.25209999084472656,0.13519999384880066,0.005499999970197678,0.612500011920929,0.3953999876976013,0.6078000068664551,0.005100000184029341,0.501800000667572,0.07370000332593918,0.08579999953508377,0.7638999819755554
PLRG1|O43660,Nucleus,Nuclear localization signal,Soluble,0.29010000824928284,0.6337000131607056,0.00559999980032444,0.08290000259876251,0.1421000063419342,0.0005000000237487257,0.17249999940395355,0.04360000044107437,0.05050000175833702,0.00570000009611249,0.5855000019073486,0.044599998742341995,0.07880000025033951,0.7714999914169312
PLS3|P13797,Cytoplasm,Nuclear localization signal|Nuclear export signal,Peripheral|Soluble,0.9506000280380249,0.26190000772476196,0.08240000158548355,0.3822000026702881,0.22059999406337738,0.05640000104904175,0.193900004029274,0.0778999999165535,0.24009999632835388,0.004100000020116568,0.7613000273704529,0.019600000232458115,0.3492000102996826,0.7390000224113464
PNISR|Q8TF01,Nucleus,Nuclear localization signal,Soluble,0.16110000014305115,0.8522999882698059,0.049800001084804535,0.14069999754428864,0.04800000041723251,0.011500000022351742,0.04899999871850014,0.004900000058114529,0.016699999570846558,0.00279999990016222,0.4726000130176544,0.019099999219179153,0.08160000294446945,0.8881000280380249
PNLDC1|Q8NA58,Mitochondrion,Mitochondrial transit peptide,Transmembrane,0.3174999952316284,0.3386000096797943,0.09939999878406525,0.06800000369548798,0.5870000123977661,0.011800000444054604,0.46299999952316284,0.15770000219345093,0.23270000517368317,0.21950000524520874,0.4438000023365021,0.8950999975204468,0.06120000034570694,0.17149999737739563
PNN|Q9H307,Nucleus,Nuclear localization signal,Soluble,0.18320000171661377,0.9121999740600586,0.09309999644756317,0.10589999705553055,0.053300000727176666,0.005400000140070915,0.06909999996423721,0.008100000210106373,0.014999999664723873,0.005100000184029341,0.35249999165534973,0.060499999672174454,0.1615000069141388,0.8452000021934509
PNO1|Q9NRX1,Cytoplasm|Nucleus,Nuclear localization signal,Soluble,0.5253000259399414,0.8148999810218811,0.1720000058412552,0.04050000011920929,0.2371000051498413,0.0020000000949949026,0.12610000371932983,0.014399999752640724,0.06210000067949295,0.00039999998989515007,0.365200012922287,0.06159999966621399,0.14800000190734863,0.8098999857902527
PNPT1|Q8TCS8,Mitochondrion,Mitochondrial transit peptide,Peripheral|Soluble,0.0786999985575676,0.18889999389648438,0.0608999989926815,0.07819999754428864,0.8032000064849854,0.25450000166893005,0.042899999767541885,0.04410000145435333,0.056699998676776886,0.09570000320672989,0.6455000042915344,0.07829999923706055,0.0674000009894371,0.6607000231742859
POLA1|P09884,Cytoplasm|Nucleus,Nuclear localization signal,Soluble,0.48559999465942383,0.75,0.060100000351667404,0.0737999975681305,0.16249999403953552,0.03750000149011612,0.1589999943971634,0.1257999986410141,0.10029999911785126,0.017899999395012856,0.5241000056266785,0.066600002348423,0.18240000307559967,0.7850000262260437
POLD1|P28340,Nucleus,Nuclear localization signal,Soluble,0.31119999289512634,0.8629999756813049,0.11580000072717667,0.08150000125169754,0.37779998779296875,0.0007999999797903001,0.09229999780654907,0.1657000035047531,0.08590000122785568,0.01510000042617321,0.5626999735832214,0.09880000352859497,0.2378000020980835,0.7598000168800354
POLDIP3|Q9BY77,Nucleus,Nuclear localization signal|Nuclear export signal,Soluble,0.45899999141693115,0.7674000263214111,0.026000000536441803,0.040300000458955765,0.037300001829862595,0.0020000000949949026,0.04019999876618385,0.02590000070631504,0.04610000178217888,0.00430000014603138,0.42879998683929443,0.050200000405311584,0.21979999542236328,0.8046000003814697
POLE|Q07864,Nucleus,Nuclear localization signal,Soluble,0.36910000443458557,0.8683000206947327,0.1565999984741211,0.039400000125169754,0.27639999985694885,0.002899999963119626,0.10939999669790268,0.10300000011920929,0.1467999964952469,0.034299999475479126,0.5630999803543091,0.12200000137090683,0.09809999912977219,0.7150999903678894
POLQ|O75417,Nucleus,Nuclear localization signal,Soluble,0.26159998774528503,0.9239000082015991,0.04259999841451645,0.02280000038444996,0.24120000004768372,0.005499999970197678,0.10010000318288803,0.026599999517202377,0.014700000174343586,0.023000000044703484,0.3393999934196472,0.09790000319480896,0.1396999955177307,0.7993000149726868
POLR1A|O95602,Nucleus,Nuclear localization signal,Soluble,0.3531000018119812,0.7810999751091003,0.031199999153614044,0.038100000470876694,0.04769999906420708,0.011800000444054604,0.03400000184774399,0.06800000369548798,0.016599999740719795,0.007300000172108412,0.5651000142097473,0.08049999922513962,0.06989999860525131,0.727400004863739
POLR1B|Q9H9Y6,Nucleus,,Soluble,0.34599998593330383,0.6647999882698059,0.09629999846220016,0.048900000751018524,0.049800001084804535,0.02879999950528145,0.2703999876976013,0.06729999929666519,0.05040000006556511,0.0027000000700354576,0.5680000185966492,0.0868000015616417,0.08760000020265579,0.7074999809265137
POLR1C|O15160,Cytoplasm|Nucleus,,Soluble,0.47510001063346863,0.5717999935150146,0.03869999945163727,0.1396999955177307,0.24799999594688416,0.00570000009611249,0.2935999929904938,0.22280000150203705,0.07479999959468842,0.00139999995008111,0.5322999954223633,0.05009999871253967,0.1615000069141388,0.7347000241279602
POLR1G|O15446,Nucleus,Nuclear localization signal,Soluble,0.35519999265670776,0.9010000228881836,0.14869999885559082,0.1298000067472458,0.014499999582767487,0.003800000064074993,0.04270000010728836,0.04410000145435333,0.18279999494552612,0.002400000113993883,0.33079999685287476,0.03739999979734421,0.1467999964952469,0.9031999707221985
POLR2A|P24928,Nucleus,Nuclear localization signal,Soluble,0.44200000166893005,0.7389000058174133,0.05950000137090683,0.0820000022649765,0.06239999830722809,0.023800000548362732,0.0851999968290329,0.03290000185370445,0.050200000405311584,0.00039999998989515007,0.6037999987602234,0.055399999022483826,0.07590000331401825,0.739799976348877
POLR2B|P30876,Nucleus,Nuclear localization signal,Soluble,0.3158999979496002,0.6934000253677368,0.0617000013589859,0.04690000042319298,0.07199999690055847,0.029400000348687172,0.287200003862381,0.04430000111460686,0.05310000106692314,0.004399999976158142,0.6025999784469604,0.05420000106096268,0.13660000264644623,0.7293999791145325
POLR2C|P19387,Cytoplasm|Nucleus,,Soluble,0.5787000060081482,0.5893999934196472,0.029200000688433647,0.07419999688863754,0.1264999955892563,0.003599999938160181,0.37950000166893005,0.23119999468326569,0.06300000101327896,0.011099999770522118,0.4968999922275543,0.03519999980926514,0.1655000001192093,0.7491000294685364
POLR2E|P19388,Cytoplasm|Nucleus,Nuclear localization signal|Nuclear export signal,Soluble,0.5584999918937683,0.5321000218391418,0.027899999171495438,0.10480000078678131,0.24570000171661377,0.002300000051036477,0.06210000067949295,0.0494999997317791,0.018400000408291817,0.00039999998989515007,0.5676000118255615,0.022199999541044235,0.24009999632835388,0.8220999836921692
POLR2F|P61218,Cytoplasm,,Soluble,0.657800018787384,0.43389999866485596,0.016599999740719795,0.03819999843835831,0.415800005197525,0.019500000402331352,0.07829999923706055,0.01889999955892563,0.1388999968767166,0.0024999999441206455,0.28029999136924744,0.03200000151991844,0.08209999650716782,0.8715999722480774
POLR2G|P62487,Cytoplasm,,Soluble,0.453900009393692,0.4426000118255615,0.04490000009536743,0.022299999371170998,0.1817999929189682,0.12849999964237213,0.04410000145435333,0.07209999859333038,0.06650000065565109,0.06539999693632126,0.44920000433921814,0.10010000318288803,0.10019999742507935,0.6403999924659729
POLR2I|P36954,Cytoplasm|Nucleus,Nuclear localization signal|Nuclear export signal,Soluble,0.6209999918937683,0.6437000036239624,0.034299999475479126,0.26019999384880066,0.23600000143051147,0.006899999920278788,0.18860000371932983,0.3037000000476837,0.3246999979019165,0.0017000000225380063,0.5418000221252441,0.02239999920129776,0.19750000536441803,0.8331000208854675
POLR3A|O14802,Nucleus,,Soluble,0.4041000008583069,0.7376000285148621,0.025299999862909317,0.040800001472234726,0.07000000029802322,0.009999999776482582,0.05979999899864197,0.06769999861717224,0.027799999341368675,0.03799999877810478,0.5752999782562256,0.057999998331069946,0.1404999941587448,0.7502999901771545
POLR3B|Q9NW08,Nucleus,Nuclear localization signal,Peripheral|Soluble,0.3781999945640564,0.6564000248908997,0.09650000184774399,0.03220000118017197,0.06369999796152115,0.0348999984562397,0.2433999925851822,0.035599999129772186,0.07249999791383743,0.00419999985024333,0.645799994468689,0.06989999860525131,0.17309999465942383,0.6909999847412109
POLRMT|O00411,Mitochondrion,Mitochondrial transit peptide,Soluble,0.20890000462532043,0.18799999356269836,0.11699999868869781,0.10189999639987946,0.8991000056266785,0.005100000184029341,0.09049999713897705,0.11089999973773956,0.1647000014781952,0.034299999475479126,0.5728999972343445,0.1647000014781952,0.21480000019073486,0.6966999769210815
POP1|Q99575,Cytoplasm|Nucleus,Nuclear localization signal,Soluble,0.49709999561309814,0.8222000002861023,0.030300000682473183,0.019700000062584877,0.17000000178813934,0.002099999925121665,0.08370000123977661,0.014999999664723873,0.02319999970495701,0.000699999975040555,0.3944999873638153,0.15299999713897705,0.35269999504089355,0.7696999907493591
POP4|O95707,Cytoplasm,Nuclear localization signal,Soluble,0.6614999771118164,0.4586000144481659,0.039799999445676804,0.04450000077486038,0.35510000586509705,0.00419999985024333,0.17020000517368317,0.14720000326633453,0.033399999141693115,0.001500000013038516,0.36250001192092896,0.08460000157356262,0.09920000284910202,0.7875000238418579
POP7|O75817,Cytoplasm,Nuclear localization signal,Soluble,0.42640000581741333,0.4544000029563904,0.029500000178813934,0.06710000336170197,0.26429998874664307,0.013000000268220901,0.07029999792575836,0.3034000098705292,0.14329999685287476,0.0026000000070780516,0.4000999927520752,0.04919999837875366,0.15070000290870667,0.8201000094413757
PPAN|Q9NQ55,Nucleus,Nuclear localization signal,Soluble,0.2379000037908554,0.9387000203132629,0.05180000141263008,0.018699999898672104,0.1421000063419342,0.003800000064074993,0.03449999913573265,0.01899999938905239,0.014399999752640724,0.0017999999690800905,0.2727000117301941,0.06279999762773514,0.14880000054836273,0.8912000060081482
PPARGC1A|Q9UBK2,Cytoplasm|Nucleus,Nuclear localization signal,Soluble,0.576200008392334,0.8884000182151794,0.011900000274181366,0.06759999692440033,0.06350000202655792,0.0006000000284984708,0.08569999784231186,0.026900000870227814,0.011099999770522118,0.0027000000700354576,0.4341000020503998,0.11840000003576279,0.13850000500679016,0.7663999795913696
PPARGC1B|Q86YN6,Cytoplasm|Nucleus,Nuclear localization signal|Nuclear export signal,Soluble,0.6115999817848206,0.8690000176429749,0.045099999755620956,0.05480000004172325,0.06970000267028809,0.0005000000237487257,0.09880000352859497,0.02250000089406967,0.02319999970495701,0.00279999990016222,0.45239999890327454,0.18479999899864197,0.13539999723434448,0.7623000144958496
PPFIA2|O75334,Cytoplasm,Nuclear localization signal|Nuclear export signal,Peripheral|Soluble,0.704800009727478,0.35519999265670776,0.04280000180006027,0.46239998936653137,0.08219999819993973,0.0052999998442828655,0.11840000003576279,0.3375000059604645,0.326200008392334,0.003700000001117587,0.7551000118255615,0.05299999937415123,0.4065000116825104,0.6753000020980835
PPFIA3|O75145,Cytoplasm,Nuclear localization signal,Peripheral|Soluble,0.6934999823570251,0.28839999437332153,0.05339999869465828,0.4490000009536743,0.09539999812841415,0.004999999888241291,0.1290999948978424,0.2703000009059906,0.35409998893737793,0.0035000001080334187,0.7670999765396118,0.041099999099969864,0.4034999907016754,0.722100019454956
PPFIBP1|Q86W92,Cytoplasm|Cell membrane,Nuclear export signal,Peripheral|Soluble,0.7074000239372253,0.41609999537467957,0.02019999921321869,0.5242999792098999,0.08330000191926956,0.015399999916553497,0.2231999933719635,0.4007999897003174,0.28999999165534973,0.017400000244379044,0.7501999735832214,0.053599998354911804,0.3028999865055084,0.7089999914169312
PPFIBP2|Q8ND30,Cytoplasm,Nuclear export signal,Peripheral|Soluble,0.675000011920929,0.3441999852657318,0.02319999970495701,0.4749999940395355,0.08479999750852585,0.005200000014156103,0.24819999933242798,0.37869998812675476,0.3668999969959259,0.0142000000923872,0.7397000193595886,0.06870000064373016,0.3160000145435333,0.6978999972343445
PPHLN1|Q8NEY8,Nucleus,Nuclear localization signal,Soluble,0.3797999918460846,0.8806999921798706,0.04879999905824661,0.045899998396635056,0.09210000187158585,0.00279999990016222,0.08089999854564667,0.027499999850988388,0.02449999935925007,0.01590000092983246,0.4659999907016754,0.09210000187158585,0.14069999754428864,0.8223000168800354
PPIA|P62937,Cytoplasm,,Soluble,0.6067000031471252,0.391400009393692,0.46000000834465027,0.3815999925136566,0.25220000743865967,0.008899999782443047,0.3149000108242035,0.14069999754428864,0.041099999099969864,0.13230000436306,0.41609999537467957,0.043699998408555984,0.40549999475479126,0.79830002784729
PPIB|P23284,Extracellular|Endoplasmic reticulum,Signal peptide,Soluble,0.1793999969959259,0.07689999788999557,0.6578999757766724,0.16619999706745148,0.04360000044107437,0.1460999995470047,0.6452000141143799,0.3352999985218048,0.20090000331401825,0.023399999365210533,0.23989999294281006,0.05050000175833702,0.060499999672174454,0.8583999872207642
PPID|Q08752,Cytoplasm,Nuclear localization signal,Soluble,0.8287000060081482,0.49149999022483826,0.009100000374019146,0.2770000100135803,0.18770000338554382,0.016100000590085983,0.41749998927116394,0.05719999969005585,0.23549999296665192,0.06379999965429306,0.4616999924182892,0.012900000438094139,0.12330000102519989,0.8378000259399414
PPIE|Q9UNP9,Nucleus,Nuclear localization signal,Soluble,0.3935999870300293,0.8136000037193298,0.006300000008195639,0.030700000002980232,0.08540000021457672,0.010400000028312206,0.05180000141263008,0.014600000344216824,0.012199999764561653,0.0005000000237487257,0.4074999988079071,0.01549999974668026,0.15330000221729279,0.8759999871253967
PPIF|P30405,Mitochondrion,Mitochondrial transit peptide,Peripheral|Soluble,0.1251000016927719,0.16519999504089355,0.03700000047683716,0.09149999916553497,0.9645000100135803,0.0348999984562397,0.08730000257492065,0.08330000191926956,0.066600002348423,0.06610000133514404,0.6614000201225281,0.09989999979734421,0.08129999786615372,0.6352999806404114
PPIG|Q13427,Nucleus,Nuclear localization signal,Soluble,0.15080000460147858,0.9302999973297119,0.02800000086426735,0.0471000000834465,0.011599999852478504,0.005400000140070915,0.047200001776218414,0.028200000524520874,0.024800000712275505,0.00279999990016222,0.3181000053882599,0.04100000113248825,0.2061000019311905,0.8565000295639038
PPIH|O43447,Cytoplasm,Nuclear localization signal,Soluble,0.5618000030517578,0.45089998841285706,0.14020000398159027,0.23919999599456787,0.3400000035762787,0.06199999898672104,0.2808000147342682,0.24539999663829803,0.06440000236034393,0.022600000724196434,0.3847000002861023,0.023000000044703484,0.10100000351667404,0.839900016784668
PPIL1|Q9Y3C6,Cytoplasm,Nuclear localization signal,Soluble,0.4803999960422516,0.5149000287055969,0.10220000147819519,0.1120000034570694,0.47269999980926514,0.04670000076293945,0.27149999141693115,0.12080000340938568,0.042399998754262924,0.005100000184029341,0.37369999289512634,0.02590000070631504,0.07029999792575836,0.8281999826431274
PPIL4|Q8WUA2,Nucleus,Nuclear localization signal,Soluble,0.24279999732971191,0.9164999723434448,0.029200000688433647,0.07720000296831131,0.03240000084042549,0.0024999999441206455,0.11150000244379044,0.010499999858438969,0.017799999564886093,0.0010999999940395355,0.5209000110626221,0.028300000354647636,0.14710000157356262,0.8065999746322632
PPM1G|O15355,Nucleus,Nuclear localization signal,Peripheral|Soluble,0.4577000141143799,0.8165000081062317,0.053199999034404755,0.14390000700950623,0.11760000139474869,0.0019000000320374966,0.13099999725818634,0.04039999842643738,0.06909999996423721,0.0026000000070780516,0.6628000140190125,0.04490000009536743,0.6301000118255615,0.6015999913215637
PPP1R10|Q96QC0,Cytoplasm|Nucleus,Nuclear localization signal,Soluble,0.5058000087738037,0.896399974822998,0.020600000396370888,0.04639999940991402,0.06549999862909317,0.0007999999797903001,0.08739999681711197,0.027899999171495438,0.03099999949336052,0.0010999999940395355,0.5187000036239624,0.044599998742341995,0.1265999972820282,0.8191999793052673
PPP1R8|Q12972,Nucleus,Nuclear localization signal,Soluble,0.41940000653266907,0.828499972820282,0.014999999664723873,0.03220000118017197,0.07689999788999557,0.0024999999441206455,0.07680000364780426,0.040800001472234726,0.08590000122785568,0.004600000102072954,0.5580999851226807,0.066600002348423,0.1906999945640564,0.7312999963760376
PPP1R9A|Q9ULJ8,Cytoplasm,Nuclear localization signal,Peripheral|Soluble,0.7727000117301941,0.2669000029563904,0.037700001150369644,0.30480000376701355,0.09229999780654907,0.0010000000474974513,0.29499998688697815,0.19699999690055847,0.3368000090122223,0.003100000089034438,0.6909999847412109,0.03920000046491623,0.35850000381469727,0.8299000263214111
PPP2R1A|P30153,Cytoplasm,Peroxisomal targeting signal,Peripheral|Soluble,0.6985999941825867,0.382999986410141,0.012400000356137753,0.38659998774528503,0.22310000658035278,0.0034000000450760126,0.17509999871253967,0.1670999974012375,0.13199999928474426,0.6353999972343445,0.6284999847412109,0.05460000038146973,0.3000999987125397,0.7078999876976013
PPP2R2A|P63151,Cytoplasm,Nuclear localization signal,Peripheral|Soluble,0.6097000241279602,0.508400022983551,0.032499998807907104,0.23720000684261322,0.0203000009059906,0.000699999975040555,0.2037000060081482,0.4323999881744385,0.33570000529289246,0.002400000113993883,0.6958000063896179,0.07209999859333038,0.13920000195503235,0.6243000030517578
PPP5C|P53041,Cytoplasm|Nucleus,Nuclear localization signal|Nuclear export signal,Soluble,0.6776000261306763,0.6751000285148621,0.042100001126527786,0.3767000138759613,0.12809999287128448,0.02879999950528145,0.11289999634027481,0.10700000077486038,0.15690000355243683,0.020500000566244125,0.5304999947547913,0.02669999934732914,0.20329999923706055,0.8300999999046326
PPP6R3|Q5H9R7,Cytoplasm|Nucleus,Nuclear export signal,Soluble,0.8227999806404114,0.5730999708175659,0.023499999195337296,0.10249999910593033,0.10769999772310257,0.001500000013038516,0.1444000005722046,0.13779999315738678,0.289000004529953,0.001500000013038516,0.5824000239372253,0.06809999793767929,0.2484000027179718,0.7390000224113464
PPRC1|Q5VV67,Nucleus,Nuclear localization signal,Soluble,0.3869999945163727,0.890999972820282,0.04039999842643738,0.041999999433755875,0.07890000194311142,0.0006000000284984708,0.10249999910593033,0.008200000040233135,0.005799999926239252,0.003599999938160181,0.44769999384880066,0.08780000358819962,0.11400000005960464,0.8223000168800354
PPWD1|Q96BP3,Nucleus,Nuclear localization signal,Soluble,0.28290000557899475,0.9018999934196472,0.036400001496076584,0.029200000688433647,0.1234000027179718,0.0012000000569969416,0.09040000289678574,0.016300000250339508,0.035100001841783524,0.0035000001080334187,0.48890000581741333,0.03200000151991844,0.09189999848604202,0.8167999982833862
PQBP1|O60828,Nucleus,Nuclear localization signal,Soluble,0.24529999494552612,0.7894999980926514,0.09709999710321426,0.0731000006198883,0.044199999421834946,0.06599999964237213,0.1185000017285347,0.05050000175833702,0.024900000542402267,0.00019999999494757503,0.48260000348091125,0.021400000900030136,0.13130000233650208,0.8065999746322632
PRCC|Q92733,Nucleus,Nuclear localization signal,Soluble,0.23479999601840973,0.8720999956130981,0.03920000046491623,0.029899999499320984,0.03680000081658363,0.001500000013038516,0.03819999843835831,0.04610000178217888,0.03880000114440918,0.0006000000284984708,0.32350000739097595,0.06390000134706497,0.19850000739097595,0.8259999752044678
PRDX1|Q06830,Cytoplasm|Cell membrane,Peroxisomal targeting signal,Soluble,0.8144999742507935,0.3091000020503998,0.11190000176429749,0.6062999963760376,0.32510000467300415,0.004900000058114529,0.14350000023841858,0.1451999992132187,0.11590000241994858,0.3531999886035919,0.38769999146461487,0.02250000089406967,0.2572999894618988,0.8180000185966492
PRDX2|P32119,Cytoplasm,Peroxisomal targeting signal,Soluble,0.8544999957084656,0.3034999966621399,0.19769999384880066,0.508899986743927,0.22010000050067902,0.018300000578165054,0.14069999754428864,0.07109999656677246,0.11479999870061874,0.18569999933242798,0.4327000081539154,0.02449999935925007,0.3043000102043152,0.8023999929428101
PRDX4|Q13162,Cytoplasm,Signal peptide,Soluble,0.5195000171661377,0.20800000429153442,0.23970000445842743,0.30809998512268066,0.19030000269412994,0.016200000420212746,0.5992000102996826,0.298799991607666,0.36970001459121704,0.13510000705718994,0.5758000016212463,0.10679999738931656,0.12470000237226486,0.6942999958992004
PRDX6|P30041,Cytoplasm,,Soluble,0.8805999755859375,0.1662999987602234,0.17090000212192535,0.4122999906539917,0.25060001015663147,0.11219999939203262,0.10140000283718109,0.31369999051094055,0.22089999914169312,0.012299999594688416,0.6139000058174133,0.031199999153614044,0.181099995970726,0.7504000067710876
PRKAR2A|P13861,Cytoplasm|Cell membrane,,Peripheral|Soluble,0.5792999863624573,0.47380000352859497,0.03750000149011612,0.5781999826431274,0.10660000145435333,0.0020000000949949026,0.4323999881744385,0.4821000099182129,0.14300000667572021,0.019899999722838402,0.6577000021934509,0.03370000049471855,0.17159999907016754,0.7630000114440918
PRKDC|P78527,Nucleus,Nuclear localization signal|Nuclear export signal,Peripheral|Soluble,0.4650000035762787,0.5846999883651733,0.043800000101327896,0.23839999735355377,0.23890000581741333,0.01590000092983246,0.2928999960422516,0.3831999897956848,0.374099999666214,0.004399999976158142,0.72079998254776,0.052000001072883606,0.07199999690055847,0.6947000026702881
PRKRA|O75569,Cytoplasm,Nuclear localization signal,Soluble,0.6459000110626221,0.5077000260353088,0.09189999848604202,0.07530000060796738,0.13840000331401825,0.0026000000070780516,0.1712999939918518,0.0333000011742115,0.08799999952316284,0.013299999758601189,0.38510000705718994,0.06289999932050705,0.13189999759197235,0.8166999816894531
PRKRIP1|Q9H875,Nucleus,Nuclear localization signal,Soluble,0.3772999942302704,0.8784999847412109,0.07609999924898148,0.04490000009536743,0.1995999962091446,0.000699999975040555,0.04560000076889992,0.02850000001490116,0.025699999183416367,0.0012000000569969416,0.2606000006198883,0.05700000002980232,0.15199999511241913,0.9000999927520752
PRMT1|Q99873,Cytoplasm|Nucleus,Nuclear localization signal|Nuclear export signal,Soluble,0.6381000280380249,0.6675000190734863,0.039900001138448715,0.25699999928474426,0.20960000157356262,0.002099999925121665,0.037700001150369644,0.13169999420642853,0.22429999709129333,0.0044999998062849045,0.4431999921798706,0.06530000269412994,0.22579999268054962,0.7957000136375427
PRMT3|O60678,Cytoplasm|Nucleus,Nuclear localization signal|Nuclear export signal,Soluble,0.736299991607666,0.6589999794960022,0.02239999920129776,0.10660000145435333,0.1467999964952469,0.0027000000700354576,0.04659999907016754,0.1298999935388565,0.23430000245571136,0.002099999925121665,0.40689998865127563,0.06719999760389328,0.0957999974489212,0.8094000220298767
PRMT5|O14744,Cytoplasm|Nucleus,Nuclear localization signal|Nuclear export signal,Peripheral|Soluble,0.5295000076293945,0.7989000082015991,0.07970000058412552,0.12559999525547028,0.046300001442432404,0.0013000000035390258,0.05860000103712082,0.14090000092983246,0.46630001068115234,0.006099999882280827,0.635200023651123,0.05469999834895134,0.13230000436306,0.7479000091552734
PRMT8|Q9NR22,Cytoplasm|Nucleus,Nuclear localization signal|Nuclear export signal,Soluble,0.5867000222206116,0.6973000168800354,0.09009999781847,0.2734000086784363,0.2842000126838684,0.005400000140070915,0.07859999686479568,0.12880000472068787,0.22789999842643738,0.010099999606609344,0.46970000863075256,0.09709999710321426,0.3133000135421753,0.7364000082015991
PRORP|O15091,Mitochondrion,Mitochondrial transit peptide,Peripheral|Soluble,0.14869999885559082,0.17880000174045563,0.1005999967455864,0.10029999911785126,0.9196000099182129,0.05270000174641609,0.04349999874830246,0.06310000270605087,0.0966000035405159,0.0340999998152256,0.6868000030517578,0.1517000049352646,0.09189999848604202,0.5710999965667725
PRP4K|Q13523,Nucleus,Nuclear localization signal,Soluble,0.17110000550746918,0.9254999756813049,0.017999999225139618,0.12330000102519989,0.026599999517202377,0.002300000051036477,0.029200000688433647,0.007899999618530273,0.006200000178068876,0.0010999999940395355,0.42649999260902405,0.033399999141693115,0.15109999477863312,0.8392999768257141
PRPF18|Q99633,Cytoplasm,,Soluble,0.43540000915527344,0.4242999851703644,0.02250000089406967,0.0568000003695488,0.37709999084472656,0.00419999985024333,0.07580000162124634,0.18230000138282776,0.17599999904632568,0.00419999985024333,0.4957999885082245,0.042399998754262924,0.11169999837875366,0.755299985408783
PRPF19|Q9UMS4,Cytoplasm|Nucleus,Nuclear localization signal|Nuclear export signal,Soluble,0.5633999705314636,0.7128000259399414,0.010200000368058681,0.057999998331069946,0.14910000562667847,0.003800000064074993,0.20550000667572021,0.11100000143051147,0.07500000298023224,0.00419999985024333,0.6157000064849854,0.038100000470876694,0.11129999905824661,0.7652999758720398
PRPF3|O43395,Nucleus,Nuclear localization signal,Soluble,0.3147999942302704,0.8367999792098999,0.030400000512599945,0.02590000070631504,0.09510000050067902,0.01489999983459711,0.02070000022649765,0.018699999898672104,0.014100000262260437,0.0007999999797903001,0.4717999994754791,0.03229999914765358,0.23810000717639923,0.8039000034332275
PRPF31|Q8WWY3,Nucleus,Nuclear localization signal,Soluble,0.4381999969482422,0.7364000082015991,0.01080000028014183,0.03889999911189079,0.11209999769926071,0.00139999995008111,0.0575999990105629,0.031700000166893005,0.07620000094175339,0.0032999999821186066,0.5936999917030334,0.02969999983906746,0.2547999918460846,0.7894999980926514
PRPF38A|Q8NAV1,Nucleus,Nuclear localization signal,Soluble,0.1914999932050705,0.9627000093460083,0.031199999153614044,0.0697999969124794,0.04349999874830246,0.0015999999595806003,0.060100000351667404,0.01140000019222498,0.008899999782443047,0.0012000000569969416,0.34529998898506165,0.043299999088048935,0.10419999808073044,0.8094000220298767
PRPF38B|Q5VTL8,Nucleus,Nuclear localization signal,Soluble,0.23919999599456787,0.9110000133514404,0.007400000002235174,0.18860000371932983,0.057999998331069946,0.00139999995008111,0.03700000047683716,0.004999999888241291,0.009399999864399433,0.000699999975040555,0.4068000018596649,0.04619999974966049,0.07970000058412552,0.800599992275238
PRPF39|Q86UA1,Nucleus,Nuclear localization signal,Soluble,0.12950000166893005,0.945900022983551,0.0689999982714653,0.028200000524520874,0.07209999859333038,0.00019999999494757503,0.10130000114440918,0.07450000196695328,0.0406000018119812,0.00039999998989515007,0.5426999926567078,0.03669999912381172,0.1307000070810318,0.7980999946594238
PRPF4|O43172,Nucleus,Nuclear localization signal,Soluble,0.31850001215934753,0.746999979019165,0.008100000210106373,0.017000000923871994,0.12240000069141388,0.015599999576807022,0.07530000060796738,0.016100000590085983,0.0658000037074089,0.0027000000700354576,0.4749000072479248,0.03370000049471855,0.03700000047683716,0.7990999817848206
PRPF40A|O75400,Nucleus,Nuclear localization signal,Soluble,0.2775999903678894,0.9387000203132629,0.05900000035762787,0.12330000102519989,0.014600000344216824,0.0005000000237487257,0.11789999902248383,0.047600001096725464,0.11980000138282776,0.0010000000474974513,0.557699978351593,0.039400000125169754,0.3580999970436096,0.8398000001907349
PRPF40B|Q6NWY9,Nucleus,Nuclear localization signal,Soluble,0.3785000145435333,0.9009000062942505,0.039500001817941666,0.14749999344348907,0.020600000396370888,9.999999747378752e-05,0.09459999948740005,0.07289999723434448,0.0851999968290329,0.002099999925121665,0.5185999870300293,0.04360000044107437,0.3073999881744385,0.8675000071525574
PRPF6|O94906,Nucleus,,Soluble,0.42170000076293945,0.6769999861717224,0.009999999776482582,0.1363999992609024,0.08959999680519104,0.0005000000237487257,0.09960000216960907,0.19140000641345978,0.06870000064373016,0.01889999955892563,0.4796999990940094,0.04039999842643738,0.2362000048160553,0.8019000291824341
PRPF8|Q6P2Q9,Nucleus,Nuclear localization signal,Soluble,0.3790000081062317,0.6898999810218811,0.015799999237060547,0.19830000400543213,0.20200000703334808,0.06870000064373016,0.125,0.08529999852180481,0.034299999475479126,0.007799999788403511,0.44859999418258667,0.09939999878406525,0.033399999141693115,0.7513999938964844
PRR3|P79522,Cytoplasm|Nucleus,Nuclear localization signal,Soluble,0.567300021648407,0.7864999771118164,0.07670000195503235,0.07349999994039536,0.07519999891519547,0.006200000178068876,0.10180000215768814,0.02969999983906746,0.03500000014901161,0.00139999995008111,0.2992999851703644,0.04830000177025795,0.24500000476837158,0.8841000199317932
PRRC2A|P48634,Cytoplasm|Nucleus,Nuclear localization signal,Soluble,0.7139000296592712,0.6017000079154968,0.03590000048279762,0.08020000159740448,0.05380000174045563,0.0019000000320374966,0.14249999821186066,0.04520000144839287,0.11699999868869781,0.0038999998942017555,0.42250001430511475,0.055799998342990875,0.1265999972820282,0.890500009059906
PRRC2B|Q5JSZ5,Cytoplasm|Nucleus,Nuclear localization signal,Soluble,0.7250999808311462,0.5613999962806702,0.06340000033378601,0.10119999945163727,0.05180000141263008,0.007300000172108412,0.0997999981045723,0.04179999977350235,0.12530000507831573,0.024000000208616257,0.45910000801086426,0.0608999989926815,0.15780000388622284,0.8632000088691711
PRRC2C|Q9Y520,Cytoplasm|Nucleus,Nuclear localization signal,Soluble,0.6995000243186951,0.6284999847412109,0.04520000144839287,0.09049999713897705,0.04479999840259552,0.004100000020116568,0.08089999854564667,0.03750000149011612,0.11699999868869781,0.004600000102072954,0.4837000072002411,0.033399999141693115,0.2102999985218048,0.8934999704360962
PSIP1|O75475,Nucleus,Nuclear localization signal,Soluble,0.28060001134872437,0.9340999722480774,0.13920000195503235,0.04839999973773956,0.06629999727010727,0.006899999920278788,0.02590000070631504,0.007499999832361937,0.021700000390410423,0.0008999999845400453,0.4440000057220459,0.030500000342726707,0.22460000216960907,0.8720999956130981
PSMC1|P62191,Cytoplasm,,Lipid anchor|Soluble,0.5946000218391418,0.44429999589920044,0.015799999237060547,0.24969999492168427,0.11020000278949738,0.007499999832361937,0.29269999265670776,0.2614000141620636,0.05609999969601631,0.03819999843835831,0.5728999972343445,0.03909999877214432,0.7788000106811523,0.5992000102996826
PSMC2|P35998,Cytoplasm|Nucleus,Nuclear export signal,Peripheral|Soluble,0.5199000239372253,0.589900016784668,0.017500000074505806,0.06159999966621399,0.1485999971628189,0.016599999740719795,0.2003999948501587,0.16519999504089355,0.05169999971985817,0.03849999979138374,0.6287999749183655,0.04010000079870224,0.12150000035762787,0.7138000130653381
PSMD1|Q99460,Cytoplasm|Nucleus,Nuclear export signal,Peripheral|Soluble,0.7530999779701233,0.5307000279426575,0.03819999843835831,0.17569999396800995,0.16920000314712524,0.004000000189989805,0.07739999890327454,0.22519999742507935,0.2547999918460846,0.005799999926239252,0.6373999714851379,0.07580000162124634,0.24719999730587006,0.6675999760627747
PSMD2|Q13200,Cytoplasm,Nuclear export signal,Peripheral|Soluble,0.7791000008583069,0.4426000118255615,0.021800000220537186,0.1420000046491623,0.1396999955177307,0.00419999985024333,0.09759999811649323,0.2815999984741211,0.31200000643730164,0.006300000008195639,0.661300003528595,0.07349999994039536,0.193900004029274,0.6789000034332275
PSMD4|P55036,Cytoplasm|Nucleus,Nuclear export signal,Soluble,0.7009000182151794,0.6739000082015991,0.00989999994635582,0.1316000074148178,0.17659999430179596,0.016899999231100082,0.34279999136924744,0.2865999937057495,0.376800000667572,0.1509999930858612,0.5404999852180481,0.031199999153614044,0.2676999866962433,0.8183000087738037
PSPC1|Q8WXF1,Cytoplasm|Nucleus,Nuclear localization signal,Soluble,0.47429999709129333,0.8766000270843506,0.08889999985694885,0.04879999905824661,0.048900000751018524,0.0006000000284984708,0.04919999837875366,0.017400000244379044,0.010599999688565731,0.0003000000142492354,0.5098999738693237,0.038100000470876694,0.11159999668598175,0.8442999720573425
PTBP1|P26599,Nucleus,Nuclear localization signal,Soluble,0.4212000072002411,0.9020000100135803,0.12370000034570694,0.0414000004529953,0.02630000002682209,0.00039999998989515007,0.05350000038743019,0.027300000190734863,0.016499999910593033,0.00019999999494757503,0.5651999711990356,0.052799999713897705,0.23739999532699585,0.767799973487854
PTBP2|Q9UKA9,Nucleus,Nuclear localization signal,Soluble,0.41830000281333923,0.8901000022888184,0.11940000206232071,0.039900001138448715,0.027000000700354576,0.0006000000284984708,0.05139999836683273,0.019899999722838402,0.014499999582767487,9.999999747378752e-05,0.5440000295639038,0.04149999842047691,0.20149999856948853,0.7940000295639038
PTBP3|O95758,Nucleus,Nuclear localization signal,Soluble,0.414900004863739,0.8909000158309937,0.09589999914169312,0.03500000014901161,0.026399999856948853,0.00039999998989515007,0.061000000685453415,0.022600000724196434,0.01140000019222498,0.00019999999494757503,0.520799994468689,0.05739999935030937,0.20550000667572021,0.7832000255584717
PTCD1|O75127,Mitochondrion,Mitochondrial transit peptide,Peripheral|Soluble,0.1542000025510788,0.19179999828338623,0.06109999865293503,0.1103999987244606,0.9262999892234802,0.008100000210106373,0.07909999787807465,0.06310000270605087,0.0982000008225441,0.015799999237060547,0.6793000102043152,0.23070000112056732,0.09510000050067902,0.5516999959945679
PTCD2|Q8WV60,Mitochondrion,Mitochondrial transit peptide,Peripheral|Soluble,0.13510000705718994,0.1873999983072281,0.05090000107884407,0.0608999989926815,0.9135000109672546,0.02459999918937683,0.06369999796152115,0.05040000006556511,0.06719999760389328,0.016200000420212746,0.6802999973297119,0.18790000677108765,0.07079999893903732,0.5593000054359436
PTCD3|Q96EY7,Mitochondrion,Mitochondrial transit peptide,Peripheral|Soluble,0.1597999930381775,0.20309999585151672,0.0737999975681305,0.12189999967813492,0.8772000074386597,0.01590000092983246,0.07620000094175339,0.06620000302791595,0.13230000436306,0.012400000356137753,0.7001000046730042,0.14470000565052032,0.0617000013589859,0.5859000086784363
PTGES3|Q15185,Cytoplasm|Nucleus,,Soluble,0.7971000075340271,0.6980999708175659,0.012799999676644802,0.052000001072883606,0.08919999748468399,0.002199999988079071,0.4392000138759613,0.11550000309944153,0.1436000019311905,0.02630000002682209,0.2831000089645386,0.016899999231100082,0.10199999809265137,0.9078999757766724
PUF60|Q9UHX1,Cytoplasm|Nucleus,Nuclear localization signal,Soluble,0.5627999901771545,0.6894999742507935,0.03680000081658363,0.08269999921321869,0.054499998688697815,0.007400000002235174,0.08179999887943268,0.018400000408291817,0.030500000342726707,0.0003000000142492354,0.5403000116348267,0.04820000007748604,0.24210000038146973,0.8105999827384949
PUM1|Q14671,Cytoplasm,Nuclear export signal,Peripheral|Soluble,0.725600004196167,0.4756999909877777,0.059300001710653305,0.08330000191926956,0.07959999889135361,0.004000000189989805,0.10080000013113022,0.1526000052690506,0.120899997651577,0.018799999728798866,0.6316999793052673,0.10620000213384628,0.210099995136261,0.6711999773979187
PUM2|Q8TB72,Cytoplasm,Nuclear localization signal|Nuclear export signal,Peripheral|Soluble,0.7659000158309937,0.5059000253677368,0.0771000012755394,0.14749999344348907,0.04100000113248825,0.0010999999940395355,0.07760000228881836,0.13910000026226044,0.08789999783039093,0.004399999976158142,0.6412000060081482,0.05490000173449516,0.15219999849796295,0.7567999958992004
PUM3|Q15397,Nucleus,Nuclear localization signal,Soluble,0.2513999938964844,0.892300009727478,0.03610000014305115,0.017100000753998756,0.1387999951839447,0.0020000000949949026,0.04259999841451645,0.04639999940991402,0.028200000524520874,0.0027000000700354576,0.5088000297546387,0.032999999821186066,0.07649999856948853,0.8353000283241272
PURA|Q00577,Cytoplasm|Nucleus,Nuclear localization signal|Nuclear export signal,Peripheral|Soluble,0.5285999774932861,0.739300012588501,0.03370000049471855,0.12219999730587006,0.37959998846054077,0.00019999999494757503,0.1761000007390976,0.2775999903678894,0.08540000021457672,0.0026000000070780516,0.6480000019073486,0.050200000405311584,0.15070000290870667,0.7849000096321106
PURB|Q96QR8,Cytoplasm|Nucleus,Nuclear export signal,Soluble,0.5845000147819519,0.723800003528595,0.04450000077486038,0.06430000066757202,0.38929998874664307,0.0008999999845400453,0.3125,0.15469999611377716,0.09769999980926514,0.00860000029206276,0.5845999717712402,0.08100000023841858,0.0681999996304512,0.7577000260353088
PURG|Q9UJV8,Nucleus,Nuclear localization signal,Soluble,0.4462999999523163,0.8389000296592712,0.05130000039935112,0.0731000006198883,0.2362000048160553,0.0006000000284984708,0.13349999487400055,0.18400000035762787,0.0649000033736229,0.011699999682605267,0.5515999794006348,0.07259999960660934,0.11789999902248383,0.7893999814987183
PUS1|Q9Y606,Nucleus|Mitochondrion,Mitochondrial transit peptide,Soluble,0.23160000145435333,0.6692000031471252,0.15139999985694885,0.03709999844431877,0.7314000129699707,0.0010999999940395355,0.18320000171661377,0.07729999721050262,0.10729999840259552,0.0575999990105629,0.4368000030517578,0.18330000340938568,0.20190000534057617,0.7267000079154968
PUS3|Q9BZE2,Nucleus,Nuclear localization signal,Soluble,0.32989999651908875,0.8752999901771545,0.030799999833106995,0.05849999934434891,0.3889000117778778,0.0003000000142492354,0.06469999998807907,0.02979999966919422,0.06040000170469284,0.003599999938160181,0.36640000343322754,0.03629999980330467,0.2483000010251999,0.8507000207901001
PUS7|Q96PZ0,Nucleus,Nuclear localization signal,Soluble,0.27059999108314514,0.9160000085830688,0.11840000003576279,0.03480000048875809,0.2606000006198883,0.002400000113993883,0.08540000021457672,0.019999999552965164,0.04479999840259552,0.0012000000569969416,0.3808000087738037,0.0681999996304512,0.20900000631809235,0.8374000191688538
PUS7L|Q9H0K6,Nucleus,Nuclear localization signal,Soluble,0.22310000658035278,0.9214000105857849,0.04749999940395355,0.008500000461935997,0.3506999909877777,0.0020000000949949026,0.08590000122785568,0.007000000216066837,0.020899999886751175,0.00430000014603138,0.39719998836517334,0.1340000033378601,0.09910000115633011,0.732699990272522
PUSL1|Q8N0Z8,Cytoplasm|Nucleus|Mitochondrion,Mitochondrial transit peptide,Soluble,0.6977999806404114,0.5604000091552734,0.14350000023841858,0.24289999902248383,0.8202000260353088,0.003800000064074993,0.19339999556541443,0.13910000026226044,0.13750000298023224,0.04780000075697899,0.4083000123500824,0.15919999778270721,0.18320000171661377,0.7742000222206116
PWP1|Q13610,Cytoplasm|Nucleus,Nuclear localization signal,Soluble,0.47920000553131104,0.7785999774932861,0.00559999980032444,0.050999999046325684,0.09390000253915787,0.02410000003874302,0.32679998874664307,0.05299999937415123,0.2353000044822693,0.006000000052154064,0.5253000259399414,0.05090000107884407,0.10970000177621841,0.7746999859809875
PWP2|Q15269,Nucleus,,Soluble,0.39430001378059387,0.6927000284194946,0.02800000086426735,0.07699999958276749,0.06629999727010727,0.0007999999797903001,0.17479999363422394,0.17059999704360962,0.156700000166893,0.001500000013038516,0.6079000234603882,0.10130000114440918,0.13289999961853027,0.676800012588501
PYM1|Q9BRP8,Cytoplasm|Nucleus,Nuclear localization signal,Soluble,0.5475000143051147,0.5910999774932861,0.06239999830722809,0.13490000367164612,0.11400000005960464,0.00019999999494757503,0.16290000081062317,0.05640000104904175,0.04969999939203262,0.02630000002682209,0.43779999017715454,0.019700000062584877,0.17640000581741333,0.9047999978065491
QARS1|P47897,Cytoplasm|Nucleus,Nuclear localization signal,Soluble,0.7207000255584717,0.5353000164031982,0.07169999927282333,0.04809999838471413,0.12449999898672104,0.01769999973475933,0.0828000009059906,0.04450000077486038,0.15440000593662262,0.006099999882280827,0.4869000017642975,0.061799999326467514,0.14730000495910645,0.7912999987602234
QKI|Q96PU8,Cytoplasm|Nucleus,Nuclear localization signal,Soluble,0.48820000886917114,0.866100013256073,0.050200000405311584,0.045099999755620956,0.05389999970793724,0.0015999999595806003,0.026900000870227814,0.023600000888109207,0.003800000064074993,0.0010999999940395355,0.47920000553131104,0.02449999935925007,0.11270000040531158,0.8396999835968018
QTRT1|Q9BXR0,Cytoplasm,Peroxisomal targeting signal,Peripheral|Soluble,0.7893000245094299,0.3156000077724457,0.05079999938607216,0.1200999990105629,0.5631999969482422,0.29510000348091125,0.16979999840259552,0.043699998408555984,0.13979999721050262,0.07519999891519547,0.6455000042915344,0.026499999687075615,0.07999999821186066,0.7692999839782715
R3HDM1|Q15032,Cytoplasm|Nucleus,Nuclear localization signal|Nuclear export signal,Soluble,0.669700026512146,0.682699978351593,0.07800000160932541,0.15240000188350677,0.07100000232458115,0.00019999999494757503,0.06530000269412994,0.08709999918937683,0.062199998646974564,0.0003000000142492354,0.6083999872207642,0.05260000005364418,0.23420000076293945,0.8151000142097473
R3HDM2|Q9Y2K5,Cytoplasm|Nucleus,Nuclear localization signal,Peripheral|Soluble,0.6621999740600586,0.5964000225067139,0.07209999859333038,0.22010000050067902,0.06199999898672104,0.00019999999494757503,0.08100000023841858,0.11389999836683273,0.0892999991774559,0.00039999998989515007,0.6420000195503235,0.0544000007212162,0.2337999939918518,0.7990999817848206
RACK1|P63244,Cytoplasm|Nucleus,Nuclear localization signal|Nuclear export signal,Peripheral|Soluble,0.48330000042915344,0.5625,0.019700000062584877,0.4117000102996826,0.07320000231266022,0.005499999970197678,0.3068000078201294,0.30869999527931213,0.21330000460147858,0.04270000010728836,0.6263999938964844,0.10239999741315842,0.17299999296665192,0.6664999723434448
RAD50|Q92878,Cytoplasm|Nucleus,Nuclear localization signal|Nuclear export signal,Soluble,0.48649999499320984,0.8529999852180481,0.04190000146627426,0.11069999635219574,0.1597999930381775,0.0017000000225380063,0.13189999759197235,0.031099999323487282,0.05820000171661377,0.003599999938160181,0.507099986076355,0.03530000150203705,0.2782000005245209,0.7986000180244446
RAD54B|Q9Y620,Nucleus,Nuclear localization signal,Soluble,0.4009999930858612,0.9128000140190125,0.035999998450279236,0.03009999915957451,0.06759999692440033,0.003700000001117587,0.10419999808073044,0.06030000001192093,0.025599999353289604,0.014700000174343586,0.4226999878883362,0.09099999815225601,0.08389999717473984,0.789900004863739
RAD54L2|Q9Y4B4,Nucleus,Nuclear localization signal,Soluble,0.304500013589859,0.9573000073432922,0.00419999985024333,0.04859999939799309,0.031599998474121094,0.005499999970197678,0.13009999692440033,0.016499999910593033,0.03909999877214432,0.01080000028014183,0.39959999918937683,0.10649999976158142,0.07729999721050262,0.7965999841690063
RAE1|P78406,Nucleus,Nuclear localization signal,Peripheral|Soluble,0.450300008058548,0.7667999863624573,0.029200000688433647,0.18809999525547028,0.1647000014781952,0.0010000000474974513,0.18320000171661377,0.11869999766349792,0.10450000315904617,0.029100000858306885,0.6593000292778015,0.03929999843239784,0.08259999752044678,0.6764000058174133
RALY|Q9UKM9,Nucleus,Nuclear localization signal,Soluble,0.25760000944137573,0.9117000102996826,0.06120000034570694,0.027400000020861626,0.06539999693632126,0.003800000064074993,0.11299999803304672,0.01720000058412552,0.004800000227987766,9.999999747378752e-05,0.39410001039505005,0.05040000006556511,0.09809999912977219,0.8464000225067139
RALYL|Q86SE5,Nucleus,Nuclear localization signal,Soluble,0.30559998750686646,0.90420001745224,0.058800000697374344,0.03480000048875809,0.05299999937415123,0.003000000026077032,0.10509999841451645,0.019999999552965164,0.008299999870359898,0.0003000000142492354,0.43779999017715454,0.052799999713897705,0.18690000474452972,0.8201000094413757
RAMAC|Q9BTL3,Cytoplasm|Nucleus,Nuclear localization signal,Soluble,0.6051999926567078,0.7572000026702881,0.022199999541044235,0.0357000008225441,0.09929999709129333,0.0027000000700354576,0.1875,0.024299999698996544,0.007600000128149986,0.002300000051036477,0.2615000009536743,0.039000000804662704,0.017799999564886093,0.8823999762535095
RAN|P62826,Cytoplasm,Nuclear export signal,Soluble,0.6263999938964844,0.5058000087738037,0.0066999997943639755,0.3296999931335449,0.1534000039100647,0.0012000000569969416,0.44589999318122864,0.38449999690055847,0.3763999938964844,0.020600000396370888,0.5303999781608582,0.04650000110268593,0.1289999932050705,0.7412999868392944
RANBP1|P43487,Cytoplasm,,Soluble,0.6617000102996826,0.30329999327659607,0.08730000257492065,0.44850000739097595,0.32510000467300415,0.003800000064074993,0.04470000043511391,0.10719999670982361,0.1851000040769577,0.025100000202655792,0.5683000087738037,0.011300000362098217,0.14949999749660492,0.8317999839782715
RANBP2|P49792,Nucleus,Nuclear localization signal|Nuclear export signal,Soluble,0.4562999904155731,0.614300012588501,0.10109999775886536,0.12349999696016312,0.17329999804496765,0.07270000129938126,0.32429999113082886,0.30300000309944153,0.31779998540878296,0.1290999948978424,0.5288000106811523,0.07460000365972519,0.21639999747276306,0.777999997138977
RANBP6|O60518,Cytoplasm|Nucleus,Nuclear export signal,Soluble,0.6859999895095825,0.7233999967575073,0.013899999670684338,0.14740000665187836,0.061900001019239426,0.009200000204145908,0.12049999833106995,0.0729999989271164,0.1014999970793724,0.00989999994635582,0.583899974822998,0.03880000114440918,0.13300000131130219,0.7720000147819519
RANGAP1|P46060,Cytoplasm|Nucleus,Nuclear localization signal|Nuclear export signal,Peripheral|Soluble,0.7276999950408936,0.5619000196456909,0.015599999576807022,0.0966000035405159,0.1754000037908554,0.024700000882148743,0.15479999780654907,0.05310000106692314,0.13459999859333038,0.0024999999441206455,0.6205000281333923,0.03579999879002571,0.17010000348091125,0.7918000221252441
RARS1|P54136,Cytoplasm,Nuclear export signal,Soluble,0.7455999851226807,0.4323999881744385,0.2484000027179718,0.051100000739097595,0.32199999690055847,0.11550000309944153,0.041999999433755875,0.21619999408721924,0.1062999963760376,0.01679999940097332,0.4302000105381012,0.0812000036239624,0.2159000039100647,0.7501000165939331
RARS2|Q5T160,Cytoplasm,,Soluble,0.603600025177002,0.42829999327659607,0.22419999539852142,0.050700001418590546,0.4934999942779541,0.04170000180602074,0.04309999942779541,0.17949999868869781,0.038600001484155655,0.017899999395012856,0.4056999981403351,0.148499995470047,0.19020000100135803,0.7056000232696533
RAVER1|Q8IY67,Cytoplasm,Nuclear localization signal,Soluble,0.6051999926567078,0.5055999755859375,0.22100000083446503,0.05990000069141388,0.1315000057220459,0.003700000001117587,0.14239999651908875,0.02319999970495701,0.06560000032186508,0.00800000037997961,0.46380001306533813,0.13529999554157257,0.14820000529289246,0.8069000244140625
RAVER2|Q9HCJ3,Cytoplasm|Nucleus,Nuclear localization signal,Soluble,0.4948999881744385,0.9028000235557556,0.2053000032901764,0.0203000009059906,0.02410000003874302,0.00019999999494757503,0.059700001031160355,0.019200000911951065,0.01979999989271164,0.000699999975040555,0.4327000081539154,0.07400000095367432,0.11309999972581863,0.8503000140190125
RBBP4|Q09028,Cytoplasm|Nucleus,,Soluble,0.5472000241279602,0.7616999745368958,0.006500000134110451,0.024900000542402267,0.04639999940991402,0.03200000151991844,0.1526000052690506,0.06469999998807907,0.07569999992847443,0.015599999576807022,0.5623999834060669,0.03970000147819519,0.2029999941587448,0.7429999709129333
RBBP5|Q15291,Nucleus,Nuclear localization signal,Soluble,0.1678999960422516,0.920199990272522,0.04270000010728836,0.016100000590085983,0.0203000009059906,0.026599999517202377,0.07029999792575836,0.02800000086426735,0.04019999876618385,0.0013000000035390258,0.5965999960899353,0.051899999380111694,0.15719999372959137,0.7156000137329102
RBBP6|Q7Z6E9,Nucleus,Nuclear localization signal,Soluble,0.1876000016927719,0.9311000108718872,0.034299999475479126,0.16449999809265137,0.0038999998942017555,0.004600000102072954,0.05700000002980232,0.02199999988079071,0.03830000013113022,0.0003000000142492354,0.475600004196167,0.02410000003874302,0.3531999886035919,0.8294000029563904
RBBP7|Q16576,Cytoplasm|Nucleus,Nuclear localization signal,Soluble,0.6007999777793884,0.8169999718666077,0.004000000189989805,0.03150000050663948,0.04309999942779541,0.01269999984651804,0.14730000495910645,0.04520000144839287,0.07039999961853027,0.011099999770522118,0.5321999788284302,0.03970000147819519,0.20569999516010284,0.7605000138282776
RBFA|Q8N0V3,Mitochondrion,Mitochondrial transit peptide,Soluble,0.19670000672340393,0.23029999434947968,0.08619999885559082,0.14010000228881836,0.8586000204086304,0.0015999999595806003,0.0771000012755394,0.044199999421834946,0.06469999998807907,0.013000000268220901,0.5418999791145325,0.1899999976158142,0.08410000056028366,0.680899977684021
RBFOX1|Q9NWB1,Cytoplasm,Nuclear localization signal,Soluble,0.5979999899864197,0.49880000948905945,0.05660000070929527,0.11580000072717667,0.06970000267028809,0.0024999999441206455,0.12630000710487366,0.09390000253915787,0.05480000004172325,0.0007999999797903001,0.4970000088214874,0.11259999871253967,0.30169999599456787,0.723800003528595
RBFOX2|O43251,Cytoplasm,Nuclear localization signal,Soluble,0.5623000264167786,0.46129998564720154,0.04179999977350235,0.09650000184774399,0.09210000187158585,0.00419999985024333,0.10999999940395355,0.08429999649524689,0.0406000018119812,0.0010000000474974513,0.4666999876499176,0.08709999918937683,0.18359999358654022,0.767300009727478
RBFOX3|A6NFN3,Cytoplasm|Nucleus,Nuclear localization signal,Soluble,0.664900004863739,0.5612999796867371,0.04610000178217888,0.19169999659061432,0.08269999921321869,0.001500000013038516,0.12939999997615814,0.10530000180006027,0.0697999969124794,9.999999747378752e-05,0.44749999046325684,0.0706000030040741,0.35830000042915344,0.7864999771118164
RBM10|P98175,Cytoplasm|Nucleus,Nuclear localization signal,Soluble,0.48030000925064087,0.737500011920929,0.13519999384880066,0.09640000015497208,0.08429999649524689,0.000699999975040555,0.12600000202655792,0.045899998396635056,0.0908999964594841,0.0006000000284984708,0.5934000015258789,0.04280000180006027,0.25429999828338623,0.810699999332428
RBM11|P57052,Nucleus,Nuclear localization signal,Soluble,0.24379999935626984,0.9419000148773193,0.02850000001490116,0.03739999979734421,0.034699998795986176,0.007300000172108412,0.12269999831914902,0.019200000911951065,0.030799999833106995,0.007499999832361937,0.31839999556541443,0.05660000070929527,0.06260000169277191,0.8557999730110168
RBM12|Q9NTZ6,Cytoplasm|Nucleus,Nuclear localization signal,Soluble,0.5317999720573425,0.7815999984741211,0.15800000727176666,0.039400000125169754,0.047600001096725464,0.007199999876320362,0.07339999824762344,0.014700000174343586,0.015699999406933784,9.999999747378752e-05,0.609000027179718,0.04969999939203262,0.2565999925136566,0.7426999807357788
RBM12B|Q8IXT5,Nucleus,Nuclear localization signal,Soluble,0.30000001192092896,0.9174000024795532,0.11259999871253967,0.019999999552965164,0.03200000151991844,0.013700000010430813,0.04639999940991402,0.008500000461935997,0.005400000140070915,0.0007999999797903001,0.45339998602867126,0.05270000174641609,0.22059999406337738,0.7947999835014343
RBM14|Q96PK6,Nucleus,Nuclear localization signal,Soluble,0.3677000105381012,0.8464000225067139,0.025800000876188278,0.038600001484155655,0.04529999941587448,0.009800000116229057,0.03460000082850456,0.014999999664723873,0.0027000000700354576,0.00019999999494757503,0.46700000762939453,0.028699999675154686,0.11190000176429749,0.8428000211715698
RBM15|Q96T37,Nucleus,Nuclear localization signal,Peripheral|Soluble,0.3310000002384186,0.8914999961853027,0.05260000005364418,0.047200001776218414,0.05820000171661377,0.009700000286102295,0.05779999867081642,0.030500000342726707,0.013100000098347664,0.0015999999595806003,0.6219000220298767,0.09099999815225601,0.15700000524520874,0.7078999876976013
RBM15B|Q8NDT2,Nucleus,Nuclear localization signal,Soluble,0.39739999175071716,0.8913000226020813,0.1005999967455864,0.09319999814033508,0.08259999752044678,0.0010000000474974513,0.042100001126527786,0.020400000736117363,0.02070000022649765,0.0007999999797903001,0.5382999777793884,0.0658000037074089,0.09669999778270721,0.7964000105857849
RBM17|Q96I25,Nucleus,Nuclear localization signal,Soluble,0.39800000190734863,0.6158999800682068,0.02160000056028366,0.12300000339746475,0.03530000150203705,0.005100000184029341,0.02539999969303608,0.04280000180006027,0.031700000166893005,0.0005000000237487257,0.5090000033378601,0.050700001418590546,0.1412999927997589,0.7232000231742859
RBM18|Q96H35,Cytoplasm|Nucleus,Nuclear localization signal,Soluble,0.47609999775886536,0.82669997215271,0.0210999995470047,0.016100000590085983,0.05900000035762787,0.001500000013038516,0.07800000160932541,0.015599999576807022,0.0210999995470047,0.0007999999797903001,0.41449999809265137,0.03200000151991844,0.07689999788999557,0.8784000277519226
RBM19|Q9Y4C8,Nucleus,Nuclear localization signal,Soluble,0.29350000619888306,0.8557999730110168,0.00860000029206276,0.07829999923706055,0.07599999755620956,0.0017999999690800905,0.10360000282526016,0.013100000098347664,0.025800000876188278,0.000699999975040555,0.3257000148296356,0.061000000685453415,0.22450000047683716,0.8824999928474426
RBM20|Q5T481,Nucleus,Nuclear localization signal,Soluble,0.328000009059906,0.9164999723434448,0.051899999380111694,0.030400000512599945,0.05130000039935112,0.0015999999595806003,0.07940000295639038,0.016899999231100082,0.027899999171495438,0.0024999999441206455,0.41940000653266907,0.07320000231266022,0.20360000431537628,0.8529000282287598
RBM22|Q9NW64,Cytoplasm|Nucleus,Nuclear localization signal|Nuclear export signal,Soluble,0.5751000046730042,0.7688000202178955,0.03290000185370445,0.039799999445676804,0.09560000151395798,0.013199999928474426,0.05909999832510948,0.07519999891519547,0.14090000092983246,0.00019999999494757503,0.6018999814987183,0.025699999183416367,0.1031000018119812,0.8051000237464905
RBM23|Q86U06,Nucleus,Nuclear localization signal,Soluble,0.3450999855995178,0.9254000186920166,0.009100000374019146,0.03929999843239784,0.04439999908208847,0.009999999776482582,0.10750000178813934,0.009399999864399433,0.008899999782443047,0.0008999999845400453,0.33390000462532043,0.09929999709129333,0.1535000056028366,0.781000018119812
RBM24|Q9BX46,Cytoplasm|Nucleus,Nuclear localization signal,Soluble,0.602400004863739,0.6363000273704529,0.045899998396635056,0.07509999722242355,0.0406000018119812,0.0017000000225380063,0.13689999282360077,0.02160000056028366,0.03189999982714653,0.000699999975040555,0.5328999757766724,0.04919999837875366,0.22210000455379486,0.7682999968528748
RBM25|P49756,Cytoplasm|Nucleus,Nuclear localization signal,Soluble,0.5271999835968018,0.7641000151634216,0.04520000144839287,0.05490000173449516,0.035999998450279236,0.012400000356137753,0.04349999874830246,0.030500000342726707,0.027899999171495438,0.0005000000237487257,0.5713000297546387,0.03590000048279762,0.2574000060558319,0.7405999898910522
RBM26|Q5T8P6,Nucleus,Nuclear localization signal,Soluble,0.41819998621940613,0.9106000065803528,0.019099999219179153,0.022600000724196434,0.05649999901652336,0.0006000000284984708,0.07750000059604645,0.03700000047683716,0.012299999594688416,0.00039999998989515007,0.5440999865531921,0.02800000086426735,0.38029998540878296,0.8337000012397766
RBM27|Q9P2N5,Nucleus,Nuclear localization signal,Soluble,0.4203000068664551,0.9057999849319458,0.019999999552965164,0.028300000354647636,0.040800001472234726,0.00039999998989515007,0.09399999678134918,0.04050000011920929,0.013799999840557575,0.000699999975040555,0.5339000225067139,0.03999999910593033,0.31850001215934753,0.8230000138282776
RBM28|Q9NW13,Nucleus,Nuclear localization signal,Soluble,0.32019999623298645,0.8712000250816345,0.010499999858438969,0.03709999844431877,0.06629999727010727,0.0019000000320374966,0.10000000149011612,0.013500000350177288,0.01899999938905239,0.00039999998989515007,0.30079999566078186,0.055799998342990875,0.2671999931335449,0.8632000088691711
RBM3|P98179,Cytoplasm|Nucleus,Nuclear localization signal,Soluble,0.7168999910354614,0.781499981880188,0.02979999966919422,0.050700001418590546,0.09889999777078629,0.0044999998062849045,0.288100004196167,0.027499999850988388,0.00570000009611249,0.0017999999690800905,0.29989999532699585,0.021700000390410423,0.07029999792575836,0.8705000281333923
RBM33|Q96EV2,Cytoplasm|Nucleus,Nuclear localization signal|Nuclear export signal,Soluble,0.646399974822998,0.6686999797821045,0.09300000220537186,0.06120000034570694,0.066600002348423,0.00019999999494757503,0.0471000000834465,0.09149999916553497,0.051899999380111694,0.0015999999595806003,0.5297999978065491,0.07639999687671661,0.1251000016927719,0.8046000003814697
RBM34|P42696,Nucleus,Nuclear localization signal,Soluble,0.21529999375343323,0.9319999814033508,0.015300000086426735,0.012500000186264515,0.042399998754262924,0.0044999998062849045,0.06930000334978104,0.005400000140070915,0.013000000268220901,0.000699999975040555,0.23000000417232513,0.04019999876618385,0.11219999939203262,0.8898000121116638
RBM38|Q9H0Z9,Cytoplasm|Nucleus,Nuclear localization signal,Soluble,0.6403999924659729,0.5918999910354614,0.05689999833703041,0.09640000015497208,0.06520000100135803,0.0013000000035390258,0.15919999778270721,0.037700001150369644,0.048500001430511475,0.0010999999940395355,0.5565000176429749,0.07339999824762344,0.2524999976158142,0.7476999759674072
RBM39|Q14498,Nucleus,Nuclear localization signal,Soluble,0.3359000086784363,0.8434000015258789,0.03180000185966492,0.06279999762773514,0.02669999934732914,0.028599999845027924,0.061400000005960464,0.011099999770522118,0.02250000089406967,0.0010000000474974513,0.40950000286102295,0.042100001126527786,0.12520000338554382,0.8040000200271606
RBM4|Q9BWF3,Nucleus,Nuclear localization signal,Soluble,0.4634000062942505,0.6908000111579895,0.01860000006854534,0.05640000104904175,0.039500001817941666,0.0026000000070780516,0.10890000313520432,0.02329999953508377,0.00930000003427267,9.999999747378752e-05,0.4805999994277954,0.04650000110268593,0.06790000200271606,0.7875999808311462
RBM41|Q96IZ5,Cytoplasm|Nucleus,Nuclear localization signal,Soluble,0.49810001254081726,0.70660001039505,0.011300000362098217,0.07339999824762344,0.11940000206232071,0.0020000000949949026,0.0575999990105629,0.03440000116825104,0.0333000011742115,0.007499999832361937,0.3765000104904175,0.08940000087022781,0.1160999983549118,0.8489999771118164
RBM42|Q9BTD8,Cytoplasm|Nucleus,Nuclear localization signal,Soluble,0.727400004863739,0.7404999732971191,0.0723000019788742,0.051600001752376556,0.030300000682473183,0.020400000736117363,0.1469999998807907,0.011800000444054604,0.028699999675154686,0.027899999171495438,0.507099986076355,0.03680000081658363,0.11079999804496765,0.8277000188827515
RBM43|Q6ZSC3,Cytoplasm|Nucleus,Nuclear localization signal,Soluble,0.5393000245094299,0.6424999833106995,0.42730000615119934,0.12430000305175781,0.26089999079704285,0.003599999938160181,0.0471000000834465,0.1362999975681305,0.039900001138448715,0.05009999871253967,0.39399999380111694,0.1168999969959259,0.19269999861717224,0.7954999804496765
RBM44|Q6ZP01,Nucleus,Nuclear localization signal,Soluble,0.45899999141693115,0.6721000075340271,0.0494999997317791,0.0340999998152256,0.0658000037074089,0.007899999618530273,0.09650000184774399,0.030799999833106995,0.05959999933838844,0.04500000178813934,0.39989998936653137,0.1054999977350235,0.1386999934911728,0.8287000060081482
RBM45|Q8IUH3,Nucleus,Nuclear localization signal,Soluble,0.3671000003814697,0.9154000282287598,0.055399999022483826,0.020800000056624413,0.051899999380111694,0.0005000000237487257,0.16619999706745148,0.019600000232458115,0.039000000804662704,0.0003000000142492354,0.47760000824928284,0.05590000003576279,0.05380000174045563,0.7997999787330627
RBM46|Q8TBY0,Cytoplasm|Nucleus,Nuclear localization signal|Nuclear export signal,Soluble,0.6603999733924866,0.6486999988555908,0.031599998474121094,0.02199999988079071,0.1014999970793724,0.004900000058114529,0.12300000339746475,0.06729999929666519,0.08250000327825546,0.001500000013038516,0.4417000114917755,0.08529999852180481,0.0989999994635582,0.7924000024795532
RBM47|A0AV96,Cytoplasm|Nucleus,Nuclear localization signal,Soluble,0.6269999742507935,0.6958000063896179,0.024299999698996544,0.03700000047683716,0.05829999968409538,0.003700000001117587,0.13439999520778656,0.02250000089406967,0.031700000166893005,9.999999747378752e-05,0.3971000015735626,0.06199999898672104,0.11590000241994858,0.8072999715805054
RBM48|Q5RL73,Nucleus,Nuclear localization signal,Soluble,0.39250001311302185,0.9023000001907349,0.03420000150799751,0.04899999871850014,0.03739999979734421,0.000699999975040555,0.06750000268220901,0.00989999994635582,0.03889999911189079,0.0017999999690800905,0.36250001192092896,0.06700000166893005,0.10409999638795853,0.8320000171661377
RBM4B|Q9BQ04,Cytoplasm|Nucleus,Nuclear localization signal,Soluble,0.4968000054359436,0.6801999807357788,0.01730000041425228,0.06759999692440033,0.040800001472234726,0.002400000113993883,0.10509999841451645,0.025299999862909317,0.01140000019222498,0.00019999999494757503,0.4799000024795532,0.04690000042319298,0.06920000165700912,0.784600019454956
RBM5|P52756,Nucleus,Nuclear localization signal,Soluble,0.3783999979496002,0.8137000203132629,0.07859999686479568,0.07970000058412552,0.11020000278949738,0.00139999995008111,0.07859999686479568,0.03060000017285347,0.05469999834895134,0.0010000000474974513,0.5460000038146973,0.03929999843239784,0.20919999480247498,0.7990999817848206
RBM6|P78332,Nucleus,Nuclear localization signal,Soluble,0.4156999886035919,0.7809000015258789,0.10130000114440918,0.1315000057220459,0.10499999672174454,0.002099999925121665,0.10220000147819519,0.019999999552965164,0.04659999907016754,0.0005000000237487257,0.44850000739097595,0.04569999873638153,0.14489999413490295,0.8353000283241272
RBM7|Q9Y580,Nucleus,Nuclear localization signal,Soluble,0.447299987077713,0.9075000286102295,0.014100000262260437,0.03880000114440918,0.05270000174641609,0.0010999999940395355,0.0940999984741211,0.017899999395012856,0.007000000216066837,0.013199999928474426,0.5882999897003174,0.027899999171495438,0.08209999650716782,0.8321999907493591
RBM8A|Q9Y5S9,Nucleus,Nuclear localization signal,Soluble,0.2879999876022339,0.9593999981880188,0.05249999836087227,0.05620000138878822,0.03849999979138374,0.01850000023841858,0.13840000331401825,0.008799999952316284,0.002400000113993883,0.010300000198185444,0.28619998693466187,0.03920000046491623,0.04320000112056732,0.8664000034332275
RBMS1|P29558,Cytoplasm|Nucleus,Nuclear localization signal,Soluble,0.6965000033378601,0.6039999723434448,0.04450000077486038,0.10010000318288803,0.04100000113248825,0.0006000000284984708,0.06419999897480011,0.045899998396635056,0.033799998462200165,0.00019999999494757503,0.47589999437332153,0.05000000074505806,0.2207999974489212,0.8234000205993652
RBMS2|Q15434,Cytoplasm|Nucleus,Nuclear localization signal,Soluble,0.6614999771118164,0.5936999917030334,0.04969999939203262,0.0908999964594841,0.04910000041127205,0.0010000000474974513,0.06780000030994415,0.05920000001788139,0.04100000113248825,0.0010000000474974513,0.3718000054359436,0.1412999927997589,0.22259999811649323,0.7466999888420105
RBMS3|Q6XE24,Cytoplasm|Nucleus,Nuclear localization signal,Soluble,0.7044000029563904,0.6588000059127808,0.06369999796152115,0.10320000350475311,0.03819999843835831,0.0005000000237487257,0.06419999897480011,0.06199999898672104,0.04100000113248825,0.0003000000142492354,0.45329999923706055,0.0494999997317791,0.22139999270439148,0.8270000219345093
RBMX|P38159,Nucleus,Nuclear localization signal,Soluble,0.30480000376701355,0.941100001335144,0.010300000198185444,0.06300000101327896,0.06759999692440033,0.006800000090152025,0.03200000151991844,0.015200000256299973,0.0038999998942017555,0.00019999999494757503,0.3698999881744385,0.026900000870227814,0.18230000138282776,0.8578000068664551
RBMX2|Q9Y388,Nucleus,Nuclear localization signal,Soluble,0.17329999804496765,0.9473999738693237,0.04619999974966049,0.03750000149011612,0.02449999935925007,0.0026000000070780516,0.07660000026226044,0.012799999676644802,0.012900000438094139,0.0007999999797903001,0.3718999922275543,0.04650000110268593,0.19059999287128448,0.849399983882904
RBMXL1|Q96E39,Nucleus,Nuclear localization signal,Soluble,0.31779998540878296,0.9466999769210815,0.007799999788403511,0.04910000041127205,0.06159999966621399,0.007499999832361937,0.03180000185966492,0.015300000086426735,0.003100000089034438,0.00019999999494757503,0.37860000133514404,0.0284000001847744,0.16820000112056732,0.8551999926567078
RBMXL2|O75526,Nucleus,Nuclear localization signal,Soluble,0.3082999885082245,0.944100022315979,0.006500000134110451,0.06360000371932983,0.05979999899864197,0.013899999670684338,0.031199999153614044,0.01360000018030405,0.003000000026077032,0.00019999999494757503,0.35179999470710754,0.037300001829862595,0.17560000717639923,0.8597999811172485
RBMXL3|Q8N7X1,Cytoplasm|Nucleus,Nuclear localization signal,Soluble,0.508899986743927,0.867900013923645,0.02410000003874302,0.07540000230073929,0.05939999967813492,0.007300000172108412,0.08229999989271164,0.03920000046491623,0.009700000286102295,0.0017999999690800905,0.3221000134944916,0.04960000142455101,0.15160000324249268,0.8500000238418579
RBMY1A1|P0DJD3,Nucleus,Nuclear localization signal,Soluble,0.3319999873638153,0.9318000078201294,0.01510000042617321,0.03720000013709068,0.02630000002682209,0.009800000116229057,0.05490000173449516,0.014999999664723873,0.006300000008195639,0.00039999998989515007,0.2635999917984009,0.05299999937415123,0.1476999968290329,0.8626000285148621
RBMY1B|A6NDE4,Nucleus,Nuclear localization signal,Soluble,0.326200008392334,0.9287999868392944,0.015699999406933784,0.03660000115633011,0.026100000366568565,0.00989999994635582,0.05590000003576279,0.014299999922513962,0.006099999882280827,0.00039999998989515007,0.2718999981880188,0.05079999938607216,0.14499999582767487,0.86080002784729
RBMY1C|P0DJD4,Nucleus,Nuclear localization signal,Soluble,0.33640000224113464,0.932200014591217,0.014999999664723873,0.03590000048279762,0.02630000002682209,0.009499999694526196,0.055399999022483826,0.015200000256299973,0.006399999838322401,0.00039999998989515007,0.26660001277923584,0.05260000005364418,0.1421000063419342,0.8646000027656555
RBMY1D|P0C7P1,Nucleus,Nuclear localization signal,Soluble,0.33709999918937683,0.9297999739646912,0.015599999576807022,0.035999998450279236,0.02669999934732914,0.009999999776482582,0.0568000003695488,0.014600000344216824,0.006399999838322401,0.00039999998989515007,0.2632000148296356,0.053199999034404755,0.15080000460147858,0.8633000254631042
RBMY1E|A6NEQ0,Nucleus,Nuclear localization signal,Soluble,0.3377000093460083,0.9293000102043152,0.01600000075995922,0.035999998450279236,0.026900000870227814,0.009999999776482582,0.05649999901652336,0.014299999922513962,0.006399999838322401,0.00039999998989515007,0.26350000500679016,0.05380000174045563,0.14900000393390656,0.8626999855041504
RBMY1F|Q15415,Nucleus,Nuclear localization signal,Soluble,0.3249000012874603,0.926800012588501,0.014000000432133675,0.03799999877810478,0.02590000070631504,0.009499999694526196,0.055799998342990875,0.014299999922513962,0.005900000222027302,0.00039999998989515007,0.2791000008583069,0.051100000739097595,0.1347000002861023,0.8564000129699707
RBPMS|Q93062,Cytoplasm|Nucleus,Nuclear localization signal,Soluble,0.6092000007629395,0.5426999926567078,0.09380000084638596,0.12099999934434891,0.0608999989926815,0.0019000000320374966,0.17339999973773956,0.0754999965429306,0.09269999712705612,0.0012000000569969416,0.5590999722480774,0.08259999752044678,0.2948000133037567,0.761900007724762
RBPMS2|Q6ZRY4,Cytoplasm|Nucleus,Nuclear localization signal,Soluble,0.5228000283241272,0.6503999829292297,0.06889999657869339,0.08739999681711197,0.04670000076293945,0.0019000000320374966,0.094200000166893,0.03359999880194664,0.051500000059604645,0.0003000000142492354,0.5976999998092651,0.06939999759197235,0.2371000051498413,0.7461000084877014
RC3H1|Q5TC82,Cytoplasm,,Peripheral|Soluble,0.5724999904632568,0.47350001335144043,0.027000000700354576,0.04560000076889992,0.09640000015497208,0.0038999998942017555,0.11339999735355377,0.19189999997615814,0.06239999830722809,0.0008999999845400453,0.6740000247955322,0.03680000081658363,0.19009999930858612,0.8044000267982483
RC3H2|Q9HBD1,Cytoplasm,Nuclear export signal,Soluble,0.661899983882904,0.4413999915122986,0.03480000048875809,0.06849999725818634,0.11069999635219574,0.004900000058114529,0.1039000004529953,0.14869999885559082,0.10660000145435333,0.00139999995008111,0.6007999777793884,0.05249999836087227,0.1598999947309494,0.7874000072479248
RCC1|P18754,Nucleus,Nuclear localization signal,Soluble,0.26910001039505005,0.9132999777793884,0.031099999323487282,0.05270000174641609,0.2215999960899353,0.021900000050663948,0.06310000270605087,0.010200000368058681,0.05139999836683273,0.0024999999441206455,0.38040000200271606,0.058800000697374344,0.10980000346899033,0.7849000096321106
RCC1L|Q96I51,Mitochondrion,Mitochondrial transit peptide,Peripheral|Soluble,0.16220000386238098,0.17139999568462372,0.06560000032186508,0.13850000500679016,0.8995000123977661,0.006200000178068876,0.11699999868869781,0.07999999821186066,0.20829999446868896,0.053700000047683716,0.6796000003814697,0.2092999964952469,0.06530000269412994,0.5756999850273132
RCC2|Q9P258,Nucleus,Nuclear localization signal,Soluble,0.31310001015663147,0.8682000041007996,0.027300000190734863,0.14830000698566437,0.14000000059604645,0.0142000000923872,0.06689999997615814,0.024800000712275505,0.14270000159740448,0.0015999999595806003,0.36000001430511475,0.07000000029802322,0.0828000009059906,0.7889000177383423
RCL1|Q9Y2P8,Nucleus,Nuclear localization signal,Soluble,0.2639999985694885,0.8113999962806702,0.002300000051036477,0.3513000011444092,0.45980000495910645,0.0010000000474974513,0.04280000180006027,0.03579999879002571,0.04039999842643738,0.008899999782443047,0.5648999810218811,0.11909999698400497,0.14110000431537628,0.6417999863624573
RDM1|Q8NG50,Cytoplasm|Nucleus,Nuclear export signal,Soluble,0.6639999747276306,0.649399995803833,0.031099999323487282,0.09650000184774399,0.10289999842643738,0.0024999999441206455,0.09650000184774399,0.1444000005722046,0.14640000462532043,0.019899999722838402,0.37929999828338623,0.16500000655651093,0.163100004196167,0.7827000021934509
RDX|P35241,Cytoplasm|Cell membrane,Nuclear localization signal|Nuclear export signal,Peripheral|Soluble,0.7168999910354614,0.3140999972820282,0.07840000092983246,0.6083999872207642,0.14959999918937683,0.006300000008195639,0.08619999885559082,0.29440000653266907,0.26109999418258667,0.002199999988079071,0.7695000171661377,0.012400000356137753,0.27619999647140503,0.7605000138282776
RECQL|P46063,Nucleus,Nuclear localization signal,Soluble,0.37529999017715454,0.8550999760627747,0.0794999971985817,0.035599999129772186,0.0835999995470047,0.0020000000949949026,0.11649999767541885,0.019600000232458115,0.04560000076889992,0.010200000368058681,0.399399995803833,0.06199999898672104,0.18970000743865967,0.8033000230789185
RECQL4|O94761,Cytoplasm|Nucleus,Nuclear localization signal,Soluble,0.49889999628067017,0.7333999872207642,0.04500000178813934,0.06809999793767929,0.1120000034570694,0.00039999998989515007,0.11980000138282776,0.06669999659061432,0.06300000101327896,0.003800000064074993,0.41510000824928284,0.1956000030040741,0.2003999948501587,0.7940000295639038
RECQL5|O94762,Cytoplasm|Nucleus,Nuclear localization signal|Nuclear export signal,Soluble,0.4909999966621399,0.8629999756813049,0.03500000014901161,0.05829999968409538,0.10350000113248825,0.0017000000225380063,0.09610000252723694,0.02419999986886978,0.03739999979734421,0.0015999999595806003,0.4059999883174896,0.09390000253915787,0.16840000450611115,0.8349000215530396
REXO1|Q8N1G1,Cytoplasm|Nucleus,Nuclear localization signal,Soluble,0.4796999990940094,0.7649999856948853,0.052400000393390656,0.05249999836087227,0.22380000352859497,0.0010999999940395355,0.051899999380111694,0.03370000049471855,0.043299999088048935,0.009499999694526196,0.48669999837875366,0.08009999990463257,0.11949999630451202,0.8044999837875366
REXO2|Q9Y3B8,Mitochondrion,Mitochondrial transit peptide,Peripheral|Soluble,0.2637999951839447,0.37630000710487366,0.10050000250339508,0.05249999836087227,0.7267000079154968,0.01940000057220459,0.14650000631809235,0.09030000120401382,0.05570000037550926,0.14710000157356262,0.6809999942779541,0.09430000185966492,0.08460000157356262,0.6377999782562256
REXO4|Q9GZR2,Nucleus,Nuclear localization signal,Soluble,0.3409000039100647,0.8532999753952026,0.05079999938607216,0.0071000000461936,0.10869999974966049,0.003800000064074993,0.11810000240802765,0.006099999882280827,0.05770000070333481,0.003700000001117587,0.2800999879837036,0.08290000259876251,0.10409999638795853,0.8557000160217285
REXO5|Q96IC2,Nucleus,Nuclear localization signal,Soluble,0.39980000257492065,0.833899974822998,0.20170000195503235,0.049300000071525574,0.16449999809265137,0.000699999975040555,0.1193000003695488,0.017400000244379044,0.03310000151395798,0.0066999997943639755,0.328900009393692,0.16380000114440918,0.08250000327825546,0.8313999772071838
RFC1|P35251,Nucleus,Nuclear localization signal,Soluble,0.18490000069141388,0.9316999912261963,0.01119999960064888,0.049800001084804535,0.17479999363422394,0.017400000244379044,0.03709999844431877,0.035999998450279236,0.08669999986886978,0.023000000044703484,0.40059998631477356,0.026399999856948853,0.31459999084472656,0.8450000286102295
RIDA|P52758,Cytoplasm|Mitochondrion|Peroxisome,Peroxisomal targeting signal,Soluble,0.5133000016212463,0.17730000615119934,0.053599998354911804,0.16750000417232513,0.654699981212616,0.025599999353289604,0.05420000106096268,0.11829999834299088,0.02879999950528145,0.9503999948501587,0.40400001406669617,0.023000000044703484,0.08009999990463257,0.8521000146865845
RIF1|Q5UIP0,Nucleus,Nuclear localization signal,Soluble,0.40119999647140503,0.8828999996185303,0.02449999935925007,0.054999999701976776,0.04490000009536743,0.008200000040233135,0.04919999837875366,0.018799999728798866,0.0674000009894371,0.006599999964237213,0.5898000001907349,0.06289999932050705,0.06939999759197235,0.7487999796867371
RIGI|O95786,Cytoplasm|Nucleus,Nuclear localization signal,Soluble,0.707099974155426,0.6780999898910522,0.10610000044107437,0.10869999974966049,0.07840000092983246,0.0027000000700354576,0.08590000122785568,0.15860000252723694,0.04809999838471413,0.0010999999940395355,0.453900009393692,0.05719999969005585,0.054499998688697815,0.8303999900817871
RIOK1|Q9BRS2,Cytoplasm|Nucleus,Nuclear localization signal,Soluble,0.5593000054359436,0.7914999723434448,0.013299999758601189,0.10440000146627426,0.12759999930858612,0.0012000000569969416,0.22920000553131104,0.029100000858306885,0.15710000693798065,0.0010999999940395355,0.4884999990463257,0.0478999987244606,0.18240000307559967,0.7857000231742859
RIOK2|Q9BVS4,Cytoplasm|Nucleus,Nuclear localization signal|Nuclear export signal,Soluble,0.5633000135421753,0.7179999947547913,0.007199999876320362,0.09139999747276306,0.10980000346899033,0.007199999876320362,0.20270000398159027,0.06480000168085098,0.14509999752044678,0.004100000020116568,0.48179998993873596,0.03999999910593033,0.14509999752044678,0.7894999980926514
RIOK3|O14730,Cytoplasm|Nucleus,Nuclear localization signal|Nuclear export signal,Soluble,0.7067000269889832,0.7149999737739563,0.06549999862909317,0.12970000505447388,0.25540000200271606,0.00419999985024333,0.10530000180006027,0.271699994802475,0.23749999701976776,0.004800000227987766,0.5382000207901001,0.06610000133514404,0.14239999651908875,0.7857000231742859
RIOX2|Q8IUF8,Nucleus,Nuclear localization signal,Soluble,0.29440000653266907,0.9431999921798706,0.15729999542236328,0.02410000003874302,0.14419999718666077,0.003599999938160181,0.06069999933242798,0.03629999980330467,0.061900001019239426,0.000699999975040555,0.4316999912261963,0.09390000253915787,0.1737000048160553,0.7879999876022339
RMP64|Q6NW34,Nucleus,Nuclear localization signal|Nuclear export signal,Soluble,0.4065999984741211,0.7163000106811523,0.04910000041127205,0.17159999907016754,0.15629999339580536,0.004100000020116568,0.15160000324249268,0.16940000653266907,0.13189999759197235,0.15850000083446503,0.48190000653266907,0.19689999520778656,0.19679999351501465,0.7175999879837036
RNASEH1|O60930,Nucleus,Mitochondrial transit peptide,Soluble,0.22050000727176666,0.7095999717712402,0.265500009059906,0.031300000846385956,0.6337000131607056,0.0215000007301569,0.08349999785423279,0.061799999326467514,0.05719999969005585,0.039900001138448715,0.5414999723434448,0.1624000072479248,0.15109999477863312,0.644599974155426
RNASEH2A|O75792,Nucleus,,Soluble,0.42570000886917114,0.7515000104904175,0.1071000024676323,0.009999999776482582,0.33239999413490295,0.00279999990016222,0.12860000133514404,0.04839999973773956,0.03889999911189079,0.06780000030994415,0.49540001153945923,0.04580000042915344,0.23759999871253967,0.8104000091552734
RNASEH2B|Q5TBB1,Nucleus,Nuclear localization signal,Soluble,0.25940001010894775,0.9071000218391418,0.029500000178813934,0.024900000542402267,0.1071000024676323,0.007799999788403511,0.1151999980211258,0.02280000038444996,0.0357000008225441,0.007199999876320362,0.34850001335144043,0.041999999433755875,0.12610000371932983,0.845300018787384
RNF113A|O15541,Nucleus,Nuclear localization signal,Soluble,0.34209999442100525,0.9244999885559082,0.009600000455975533,0.026799999177455902,0.07280000299215317,0.00419999985024333,0.06120000034570694,0.0357000008225441,0.0414000004529953,0.0027000000700354576,0.3752000033855438,0.03290000185370445,0.08399999886751175,0.879800021648407
RNF113B|Q8IZP6,Nucleus,Nuclear localization signal,Soluble,0.3847000002861023,0.8715999722480774,0.010200000368058681,0.047200001776218414,0.11309999972581863,0.0017000000225380063,0.07599999755620956,0.03880000114440918,0.058800000697374344,0.003700000001117587,0.40860000252723694,0.03830000013113022,0.08529999852180481,0.8801000118255615
RNF17|Q9BXT8,Cytoplasm,Nuclear localization signal|Nuclear export signal,Soluble,0.7390999794006348,0.5,0.07840000092983246,0.04490000009536743,0.1395999938249588,0.006599999964237213,0.07569999992847443,0.16539999842643738,0.16769999265670776,0.003700000001117587,0.4943999946117401,0.04839999973773956,0.0835999995470047,0.824400007724762
RNF31|Q96EP0,Cytoplasm|Nucleus,Nuclear localization signal|Nuclear export signal,Soluble,0.6762999892234802,0.5927000045776367,0.05810000002384186,0.20469999313354492,0.2468000054359436,0.0019000000320374966,0.26600000262260437,0.24809999763965607,0.2093999981880188,0.008100000210106373,0.6139000058174133,0.0737999975681305,0.20170000195503235,0.7925999760627747
RNGTT|O60942,Cytoplasm|Nucleus,Nuclear localization signal|Nuclear export signal,Soluble,0.5246000289916992,0.7703999876976013,0.06880000233650208,0.05550000071525574,0.16130000352859497,0.0015999999595806003,0.27309998869895935,0.0617000013589859,0.09399999678134918,0.007899999618530273,0.4401000142097473,0.04399999976158142,0.10760000348091125,0.821399986743927
RNH1|P13489,Cytoplasm|Nucleus,Nuclear localization signal|Nuclear export signal,Soluble,0.6310999989509583,0.5885999798774719,0.08799999952316284,0.4140999913215637,0.49709999561309814,0.002300000051036477,0.13899999856948853,0.11789999902248383,0.15279999375343323,0.004000000189989805,0.6190000176429749,0.057500001043081284,0.24400000274181366,0.8238999843597412
RNMT|O43148,Nucleus,Nuclear localization signal,Soluble,0.2994999885559082,0.836899995803833,0.050599999725818634,0.03739999979734421,0.03959999978542328,0.004399999976158142,0.07559999823570251,0.058800000697374344,0.13079999387264252,0.003000000026077032,0.5803999900817871,0.0625,0.1421000063419342,0.6736999750137329
RNPC3|Q96LT9,Nucleus,Nuclear localization signal,Soluble,0.4334999918937683,0.8784000277519226,0.027799999341368675,0.02319999970495701,0.03759999945759773,0.0017000000225380063,0.09189999848604202,0.009600000455975533,0.006800000090152025,0.0017000000225380063,0.3774999976158142,0.10830000042915344,0.0812000036239624,0.8104000091552734
RNPS1|Q15287,Nucleus,Nuclear localization signal,Soluble,0.16609999537467957,0.8592000007629395,0.21480000019073486,0.11349999904632568,0.0414000004529953,0.01080000028014183,0.08900000154972076,0.004000000189989805,0.009600000455975533,0.000699999975040555,0.24819999933242798,0.06729999929666519,0.10080000013113022,0.8587999939918518
RO60|P10155,Cytoplasm|Nucleus,,Soluble,0.6952000260353088,0.5479000210762024,0.03869999945163727,0.17649999260902405,0.13349999487400055,0.017400000244379044,0.10289999842643738,0.07440000027418137,0.09059999883174896,0.03720000013709068,0.5654000043869019,0.03099999949336052,0.07880000025033951,0.8112000226974487
ROCK2|O75116,Cytoplasm,Nuclear export signal,Peripheral|Soluble,0.7501000165939331,0.289000004529953,0.028999999165534973,0.37950000166893005,0.09290000051259995,0.012600000016391277,0.24899999797344208,0.15690000355243683,0.2705000042915344,0.0007999999797903001,0.7599999904632568,0.05380000174045563,0.12290000170469284,0.7071999907493591
RPA1|P27694,Nucleus,Nuclear localization signal,Soluble,0.40630000829696655,0.7523000240325928,0.06279999762773514,0.043699998408555984,0.09809999912977219,0.0027000000700354576,0.14480000734329224,0.013899999670684338,0.03869999945163727,0.007000000216066837,0.5777000188827515,0.01860000006854534,0.15889999270439148,0.7425000071525574
RPAP3|Q9H6T3,Cytoplasm,Nuclear localization signal|Nuclear export signal,Soluble,0.853600025177002,0.42649999260902405,0.02850000001490116,0.08190000057220459,0.12330000102519989,0.007000000216066837,0.2930999994277954,0.20200000703334808,0.5113999843597412,0.028200000524520874,0.49880000948905945,0.03440000116825104,0.11020000278949738,0.8349999785423279
RPF1|Q9H9Y2,Nucleus,Nuclear localization signal,Soluble,0.30329999327659607,0.7876999974250793,0.06549999862909317,0.020500000566244125,0.0868000015616417,0.0024999999441206455,0.0925000011920929,0.034299999475479126,0.08009999990463257,9.999999747378752e-05,0.3400000035762787,0.044199999421834946,0.053199999034404755,0.8330000042915344
RPF2|Q9H7B2,Nucleus,Nuclear localization signal,Soluble,0.19779999554157257,0.9273999929428101,0.05559999868273735,0.0340999998152256,0.10679999738931656,0.002099999925121665,0.022199999541044235,0.011500000022351742,0.015699999406933784,0.009999999776482582,0.27149999141693115,0.03500000014901161,0.03420000150799751,0.8409000039100647
RPL10|P27635,Cytoplasm,,Soluble,0.5654000043869019,0.383899986743927,0.019999999552965164,0.027699999511241913,0.42089998722076416,0.012400000356137753,0.07850000262260437,0.010099999606609344,0.010200000368058681,0.0005000000237487257,0.3149000108242035,0.04670000076293945,0.20630000531673431,0.8515999913215637
RPL10A|P62906,Cytoplasm,Nuclear localization signal,Soluble,0.5656999945640564,0.376800000667572,0.12409999966621399,0.23149999976158142,0.29499998688697815,0.003700000001117587,0.05429999902844429,0.1898999959230423,0.05939999967813492,0.014100000262260437,0.3490999937057495,0.029500000178813934,0.25690001249313354,0.8547999858856201
RPL10L|Q96L21,Cytoplasm,,Soluble,0.576200008392334,0.3901999890804291,0.01140000019222498,0.020999999716877937,0.4189000129699707,0.015699999406933784,0.09939999878406525,0.010200000368058681,0.00800000037997961,0.0015999999595806003,0.29820001125335693,0.04500000178813934,0.2070000022649765,0.8616999983787537
RPL11|P62913,Cytoplasm,,Soluble,0.5113000273704529,0.36410000920295715,0.03139999881386757,0.11789999902248383,0.3237999975681305,0.044599998742341995,0.12809999287128448,0.02160000056028366,0.03200000151991844,0.0035000001080334187,0.4235000014305115,0.016200000420212746,0.15139999985694885,0.887499988079071
RPL12|P30050,Cytoplasm,,Soluble,0.6693999767303467,0.4474000036716461,0.0210999995470047,0.23999999463558197,0.5092999935150146,0.01269999984651804,0.08560000360012054,0.06780000030994415,0.023099999874830246,0.2451999932527542,0.36719998717308044,0.019700000062584877,0.3919999897480011,0.8515999913215637
RPL13|P26373,Cytoplasm,Nuclear localization signal,Soluble,0.42080000042915344,0.4666999876499176,0.05050000175833702,0.044199999421834946,0.40700000524520874,0.041600000113248825,0.05490000173449516,0.017000000923871994,0.004800000227987766,0.0010000000474974513,0.23770000040531158,0.0340999998152256,0.18690000474452972,0.870199978351593
RPL13A|P40429,Cytoplasm,,Soluble,0.6819000244140625,0.21899999678134918,0.02630000002682209,0.02759999968111515,0.5857999920845032,0.060100000351667404,0.29750001430511475,0.09179999679327011,0.02590000070631504,0.0034000000450760126,0.4374000132083893,0.03720000013709068,0.27559998631477356,0.8449000120162964
RPL14|P50914,Cytoplasm,Nuclear localization signal,Soluble,0.6074000000953674,0.3149000108242035,0.07540000230073929,0.04800000041723251,0.44359999895095825,0.04919999837875366,0.21889999508857727,0.029600000008940697,0.08169999718666077,0.0010999999940395355,0.32420000433921814,0.014800000004470348,0.30790001153945923,0.9151999950408936
RPL15|P61313,Cytoplasm,,Soluble,0.6523000001907349,0.265500009059906,0.0215000007301569,0.028300000354647636,0.30630001425743103,0.022600000724196434,0.08399999886751175,0.017100000753998756,0.0026000000070780516,0.00570000009611249,0.5073999762535095,0.028599999845027924,0.2502000033855438,0.8112999796867371
RPL17|P18621,Mitochondrion,Mitochondrial transit peptide,Soluble,0.3815000057220459,0.3743000030517578,0.05990000069141388,0.032499998807907104,0.8192999958992004,0.0071000000461936,0.1657000035047531,0.025200000032782555,0.008700000122189522,0.008500000461935997,0.3012999892234802,0.029600000008940697,0.2648000121116638,0.876800000667572
RPL18|Q07020,Cytoplasm,Nuclear localization signal,Soluble,0.48240000009536743,0.4657000005245209,0.11490000039339066,0.08020000159740448,0.12139999866485596,0.0071000000461936,0.07580000162124634,0.025200000032782555,0.008200000040233135,0.002099999925121665,0.26499998569488525,0.05040000006556511,0.26089999079704285,0.8172000050544739
RPL18A|Q02543,Nucleus,Nuclear localization signal,Soluble,0.41909998655319214,0.5128999948501587,0.01860000006854534,0.2287999987602234,0.20090000331401825,0.008100000210106373,0.0640999972820282,0.14059999585151672,0.009999999776482582,0.0010999999940395355,0.46219998598098755,0.05700000002980232,0.1370999962091446,0.8162000179290771
RPL19|P84098,Cytoplasm,,Soluble,0.6218000054359436,0.38429999351501465,0.007499999832361937,0.07569999992847443,0.3449999988079071,0.013700000010430813,0.05490000173449516,0.07440000027418137,0.02250000089406967,0.0031999999191612005,0.3343000113964081,0.04410000145435333,0.3203999996185303,0.8131999969482422
RPL21|P46778,Cytoplasm,,Soluble,0.7226999998092651,0.5016000270843506,0.0364999994635582,0.10130000114440918,0.4343000054359436,0.02410000003874302,0.27709999680519104,0.08129999786615372,0.01360000018030405,0.0013000000035390258,0.29120001196861267,0.04270000010728836,0.2994999885559082,0.8385999798774719
RPL22|P35268,Cytoplasm,Nuclear localization signal,Soluble,0.6069999933242798,0.5081999897956848,0.03290000185370445,0.20900000631809235,0.3312999904155731,0.007899999618530273,0.10949999839067459,0.13379999995231628,0.07410000264644623,0.00139999995008111,0.35530000925064087,0.01860000006854534,0.21140000224113464,0.8720999956130981
RPL22L1|Q6P5R6,Cytoplasm,Nuclear localization signal,Soluble,0.5852000117301941,0.4830999970436096,0.03889999911189079,0.18569999933242798,0.28870001435279846,0.0071000000461936,0.08560000360012054,0.10520000010728836,0.07590000331401825,0.0008999999845400453,0.3508000075817108,0.015399999916553497,0.15369999408721924,0.8802000284194946
RPL23|P62829,Cytoplasm,,Soluble,0.4765999913215637,0.2736999988555908,0.09690000116825104,0.02979999966919422,0.41659998893737793,0.07209999859333038,0.1137000024318695,0.13779999315738678,0.005799999926239252,0.0024999999441206455,0.34549999237060547,0.027699999511241913,0.1509000062942505,0.8702999949455261
RPL23A|P62750,Cytoplasm,Nuclear localization signal,Soluble,0.5478000044822693,0.39640000462532043,0.007699999958276749,0.2037000060081482,0.32120001316070557,0.019500000402331352,0.2337999939918518,0.026200000196695328,0.01640000008046627,0.00419999985024333,0.31779998540878296,0.024000000208616257,0.6276999711990356,0.8610000014305115
RPL24|P83731,Cytoplasm|Mitochondrion,,Soluble,0.5246999859809875,0.382099986076355,0.03920000046491623,0.1265999972820282,0.696399986743927,0.12150000035762787,0.14249999821186066,0.01590000092983246,0.029200000688433647,0.0020000000949949026,0.3555999994277954,0.01979999989271164,0.05810000002384186,0.8551999926567078
RPL26|P61254,Cytoplasm,,Soluble,0.642799973487854,0.28929999470710754,0.02669999934732914,0.10490000247955322,0.3544999957084656,0.09099999815225601,0.3418999910354614,0.10970000177621841,0.016699999570846558,0.002400000113993883,0.42480000853538513,0.0142000000923872,0.2029000073671341,0.8755000233650208
RPL26L1|Q9UNX3,Cytoplasm,,Soluble,0.6035000085830688,0.25459998846054077,0.03579999879002571,0.09600000083446503,0.39089998602867126,0.1128000020980835,0.3190999925136566,0.13660000264644623,0.012400000356137753,0.002899999963119626,0.4074999988079071,0.01510000042617321,0.20360000431537628,0.8744000196456909
RPL27|P61353,Cytoplasm,,Soluble,0.6930999755859375,0.41100001335144043,0.047600001096725464,0.012900000438094139,0.4706000089645386,0.010900000110268593,0.1965000033378601,0.03440000116825104,0.008999999612569809,0.0066999997943639755,0.3785000145435333,0.02850000001490116,0.38359999656677246,0.8378000259399414
RPL27A|P46776,Cytoplasm,,Soluble,0.574400007724762,0.3797000050544739,0.04399999976158142,0.1054999977350235,0.15279999375343323,0.0722000002861023,0.05570000037550926,0.023099999874830246,0.0024999999441206455,0.027799999341368675,0.27459999918937683,0.05380000174045563,0.16130000352859497,0.840499997138977
RPL28|P46779,Mitochondrion,Mitochondrial transit peptide,Soluble,0.22599999606609344,0.24770000576972961,0.04129999876022339,0.03799999877810478,0.9053999781608582,0.21539999544620514,0.03610000014305115,0.018799999728798866,0.007400000002235174,0.007899999618530273,0.567300021648407,0.08460000157356262,0.04699999839067459,0.6452000141143799
RPL29|P47914,Cytoplasm,,Soluble,0.5285000205039978,0.4970000088214874,0.03319999948143959,0.07280000299215317,0.28929999470710754,0.07699999958276749,0.24410000443458557,0.00989999994635582,0.00279999990016222,0.002199999988079071,0.21160000562667847,0.02889999933540821,0.2572999894618988,0.9009000062942505
RPL3|P39023,Cytoplasm,,Soluble,0.3878999948501587,0.39259999990463257,0.3603000044822693,0.07930000126361847,0.2320999950170517,0.014700000174343586,0.23350000381469727,0.010999999940395355,0.0071000000461936,0.008500000461935997,0.37689998745918274,0.033900000154972076,0.35659998655319214,0.8687999844551086
RPL30|P62888,Cytoplasm,,Soluble,0.4406000077724457,0.41749998927116394,0.009999999776482582,0.10679999738931656,0.23829999566078186,0.0608999989926815,0.08959999680519104,0.11840000003576279,0.0203000009059906,0.00139999995008111,0.3921000063419342,0.01549999974668026,0.2671000063419342,0.8901000022888184
RPL31|P62899,Nucleus,Nuclear localization signal,Soluble,0.4645000100135803,0.659600019454956,0.05139999836683273,0.21379999816417694,0.6136000156402588,0.060100000351667404,0.1809999942779541,0.1273999959230423,0.03240000084042549,0.001500000013038516,0.39149999618530273,0.028300000354647636,0.27459999918937683,0.848800003528595
RPL32|P62910,Cytoplasm,,Soluble,0.5002999901771545,0.23019999265670776,0.003700000001117587,0.0471000000834465,0.45879998803138733,0.0357000008225441,0.09570000320672989,0.028699999675154686,0.005100000184029341,0.002400000113993883,0.3319000005722046,0.01810000091791153,0.2630999982357025,0.9039000272750854
RPL34|P49207,Cytoplasm,,Soluble,0.5299000144004822,0.4075999855995178,0.008700000122189522,0.11469999700784683,0.43380001187324524,0.029999999329447746,0.20960000157356262,0.07079999893903732,0.016300000250339508,0.001500000013038516,0.2612000107765198,0.02239999920129776,0.10540000349283218,0.8858000040054321
RPL35|P42766,Cytoplasm,,Soluble,0.5008999705314636,0.21449999511241913,0.006800000090152025,0.133200004696846,0.4372999966144562,0.003100000089034438,0.10480000078678131,0.08169999718666077,0.004600000102072954,0.002199999988079071,0.22120000422000885,0.024299999698996544,0.249099999666214,0.9147999882698059
RPL35A|P18077,Cytoplasm,,Soluble,0.5159000158309937,0.32739999890327454,0.030400000512599945,0.026000000536441803,0.3610000014305115,0.11129999905824661,0.12680000066757202,0.10159999877214432,0.011699999682605267,0.008100000210106373,0.27399998903274536,0.044599998742341995,0.2214999943971634,0.8270000219345093
RPL36|Q9Y3U8,Cytoplasm,,Soluble,0.5842999815940857,0.36309999227523804,0.01940000057220459,0.056299999356269836,0.49970000982284546,0.045499999076128006,0.08720000088214874,0.026499999687075615,0.007499999832361937,0.00139999995008111,0.2500999867916107,0.03290000185370445,0.19140000641345978,0.8766000270843506
RPL36A|P83881,Cytoplasm|Nucleus,Nuclear localization signal,Soluble,0.5715000033378601,0.580299973487854,0.010300000198185444,0.2720000147819519,0.29910001158714294,0.013799999840557575,0.2912999987602234,0.0771000012755394,0.026200000196695328,0.004600000102072954,0.3580000102519989,0.029400000348687172,0.39149999618530273,0.8497999906539917
RPL37|P61927,Cytoplasm,,Soluble,0.5268999934196472,0.43459999561309814,0.051500000059604645,0.07029999792575836,0.48260000348091125,0.06949999928474426,0.1800999939441681,0.06129999831318855,0.005900000222027302,0.011300000362098217,0.13590000569820404,0.03660000115633011,0.2410999983549118,0.8841000199317932
RPL37A|P61513,Cytoplasm,,Soluble,0.5157999992370605,0.45660001039505005,0.022299999371170998,0.04600000008940697,0.23160000145435333,0.0031999999191612005,0.42149999737739563,0.19509999454021454,0.07180000096559525,0.0017999999690800905,0.3393000066280365,0.03500000014901161,0.415800005197525,0.8341000080108643
RPL38|P63173,Cytoplasm,Nuclear localization signal,Soluble,0.6753000020980835,0.4546000063419342,0.2791000008583069,0.1875,0.39570000767707825,0.03269999846816063,0.061900001019239426,0.03460000082850456,0.01640000008046627,0.0017999999690800905,0.3783999979496002,0.024800000712275505,0.11540000140666962,0.8251000046730042
RPL39|P62891,Cytoplasm,Nuclear localization signal,Soluble,0.48989999294281006,0.42010000348091125,0.009200000204145908,0.11550000309944153,0.4478999972343445,0.002400000113993883,0.1914999932050705,0.00839999970048666,0.004900000058114529,0.010700000450015068,0.19949999451637268,0.049400001764297485,0.24969999492168427,0.8759999871253967
RPL39L|Q96EH5,Cytoplasm,,Soluble,0.4458000063896179,0.42250001430511475,0.010499999858438969,0.08089999854564667,0.3765000104904175,0.0026000000070780516,0.21230000257492065,0.005799999926239252,0.003100000089034438,0.0071000000461936,0.15129999816417694,0.05220000073313713,0.14749999344348907,0.8888000249862671
RPL3L|Q92901,Nucleus,,Soluble,0.32659998536109924,0.4359999895095825,0.2709999978542328,0.07020000368356705,0.17499999701976776,0.03759999945759773,0.1745000034570694,0.01080000028014183,0.003100000089034438,0.011500000022351742,0.27970001101493835,0.035999998450279236,0.2110999971628189,0.8906999826431274
RPL4|P36578,Cytoplasm,Nuclear localization signal,Soluble,0.4853000044822693,0.3840000033378601,0.13249999284744263,0.1251000016927719,0.21389999985694885,0.032600000500679016,0.07169999927282333,0.0071000000461936,0.013000000268220901,0.0013000000035390258,0.36480000615119934,0.03629999980330467,0.43549999594688416,0.8596000075340271
RPL41|P62945,Nucleus,Nuclear localization signal,Soluble,0.23350000381469727,0.625,0.12890000641345978,0.06870000064373016,0.10300000011920929,0.031700000166893005,0.2685999870300293,0.04430000111460686,0.08619999885559082,0.00930000003427267,0.3813000023365021,0.1023000031709671,0.5139999985694885,0.8036999702453613
RPL5|P46777,Cytoplasm|Nucleus,Nuclear localization signal,Soluble,0.8001999855041504,0.7192999720573425,0.024000000208616257,0.08100000023841858,0.3619999885559082,0.024000000208616257,0.03790000081062317,0.01769999973475933,0.02459999918937683,0.0010000000474974513,0.490200012922287,0.030899999663233757,0.17239999771118164,0.8030999898910522
RPL6|Q02878,Cytoplasm,Nuclear localization signal,Soluble,0.6291000247001648,0.3921000063419342,0.013799999840557575,0.10530000180006027,0.3546000123023987,0.021800000220537186,0.38510000705718994,0.14640000462532043,0.02590000070631504,0.0024999999441206455,0.30399999022483826,0.04309999942779541,0.2732999920845032,0.8446000218391418
RPL7|P18124,Nucleus,Nuclear localization signal,Soluble,0.46700000762939453,0.5559999942779541,0.030500000342726707,0.02669999934732914,0.18359999358654022,0.011300000362098217,0.08829999715089798,0.05429999902844429,0.065700002014637,0.0003000000142492354,0.3206999897956848,0.023800000548362732,0.13519999384880066,0.8881000280380249
RPL7A|P62424,Cytoplasm,,Soluble,0.6324999928474426,0.2272000014781952,0.12309999763965607,0.09130000323057175,0.272599995136261,0.005499999970197678,0.21490000188350677,0.03660000115633011,0.029200000688433647,0.014000000432133675,0.43860000371932983,0.03139999881386757,0.31700000166893005,0.8460000157356262
RPL7L1|Q6DKI1,Cytoplasm,Nuclear localization signal,Soluble,0.5249000191688538,0.5242999792098999,0.02290000021457672,0.03020000085234642,0.27480000257492065,0.023600000888109207,0.09220000356435776,0.05739999935030937,0.03689999878406525,0.0005000000237487257,0.38589999079704285,0.057500001043081284,0.19750000536441803,0.8047999739646912
RPL8|P62917,Cytoplasm,,Soluble,0.5527999997138977,0.44859999418258667,0.10350000113248825,0.025599999353289604,0.28360000252723694,0.12849999964237213,0.18140000104904175,0.01510000042617321,0.003000000026077032,0.01590000092983246,0.3190999925136566,0.023000000044703484,0.21950000524520874,0.8555999994277954
RPL9|P32969,Cytoplasm|Nucleus,Nuclear localization signal,Soluble,0.7067999839782715,0.6396999955177307,0.04149999842047691,0.2443999946117401,0.6067000031471252,0.003700000001117587,0.26510000228881836,0.26989999413490295,0.031700000166893005,0.015799999237060547,0.46639999747276306,0.06199999898672104,0.6080999970436096,0.7753999829292297
RPLP0|P05388,Cytoplasm,Nuclear export signal,Soluble,0.6219000220298767,0.4074999988079071,0.03620000183582306,0.13379999995231628,0.20360000431537628,0.004100000020116568,0.10090000182390213,0.49939998984336853,0.35409998893737793,0.039000000804662704,0.49900001287460327,0.032999999821186066,0.48500001430511475,0.7687000036239624
RPLP1|P05386,Cytoplasm,Nuclear export signal,Soluble,0.5683000087738037,0.41909998655319214,0.024299999698996544,0.12489999830722809,0.08969999849796295,0.0044999998062849045,0.07190000265836716,0.3871999979019165,0.3068000078201294,0.017000000923871994,0.46889999508857727,0.014700000174343586,0.18289999663829803,0.8199999928474426
RPLP2|P05387,Cytoplasm,Nuclear export signal,Soluble,0.5990999937057495,0.30799999833106995,0.04320000112056732,0.08789999783039093,0.14159999787807465,0.004600000102072954,0.14810000360012054,0.4986000061035156,0.42890000343322754,0.04529999941587448,0.5454000234603882,0.012900000438094139,0.21130000054836273,0.7878999710083008
RPN1|P04843,Endoplasmic reticulum,Signal peptide|Transmembrane domain,Transmembrane,0.29739999771118164,0.13529999554157257,0.0835999995470047,0.3165000081062317,0.04820000007748604,0.003000000026077032,0.8176000118255615,0.5110999941825867,0.390500009059906,0.006399999838322401,0.23090000450611115,0.9902999997138977,0.29280000925064087,0.0560000017285347
RPP21|Q9H633,Cytoplasm|Nucleus,,Soluble,0.5350000262260437,0.7653999924659729,0.02239999920129776,0.10090000182390213,0.4510999917984009,0.002899999963119626,0.1858000010251999,0.19840000569820404,0.055399999022483826,0.029899999499320984,0.272599995136261,0.07919999957084656,0.1981000006198883,0.8736000061035156
RPP25|Q9BUL9,Nucleus,Nuclear localization signal,Soluble,0.4302000105381012,0.8708999752998352,0.03869999945163727,0.03849999979138374,0.20489999651908875,0.0003000000142492354,0.05490000173449516,0.03999999910593033,0.04129999876022339,0.0008999999845400453,0.39100000262260437,0.02710000053048134,0.18310000002384186,0.8691999912261963
RPP25L|Q8N5L8,Cytoplasm|Nucleus,,Soluble,0.5185999870300293,0.5300999879837036,0.012799999676644802,0.10700000077486038,0.4431000053882599,0.0019000000320374966,0.09719999879598618,0.2361000031232834,0.1234000027179718,0.037300001829862595,0.37130001187324524,0.029100000858306885,0.15060000121593475,0.858299970626831
RPP30|P78346,Nucleus,Nuclear localization signal,Soluble,0.2459000051021576,0.9449999928474426,0.05270000174641609,0.020500000566244125,0.24860000610351562,0.002300000051036477,0.07289999723434448,0.006599999964237213,0.01360000018030405,0.0005000000237487257,0.21709999442100525,0.0414000004529953,0.08799999952316284,0.8808000087738037
RPP38|P78345,Nucleus,Nuclear localization signal,Soluble,0.39430001378059387,0.8288000226020813,0.05119999870657921,0.023600000888109207,0.09510000050067902,0.0026000000070780516,0.2328999936580658,0.010599999688565731,0.06340000033378601,0.0007999999797903001,0.3781999945640564,0.051100000739097595,0.08299999684095383,0.8525999784469604
RPP40|O75818,Mitochondrion,Mitochondrial transit peptide,Soluble,0.43619999289512634,0.32519999146461487,0.08730000257492065,0.16850000619888306,0.620199978351593,0.042500000447034836,0.12240000069141388,0.14730000495910645,0.17170000076293945,0.2838999927043915,0.5425999760627747,0.1923999935388565,0.10760000348091125,0.6754000186920166
RPRD1A|Q96P16,Cytoplasm|Nucleus,Nuclear localization signal|Nuclear export signal,Soluble,0.5853999853134155,0.6398000121116638,0.014100000262260437,0.15240000188350677,0.023000000044703484,0.00559999980032444,0.06800000369548798,0.32919999957084656,0.2547000050544739,0.0005000000237487257,0.4413999915122986,0.03590000048279762,0.11079999804496765,0.85589998960495
RPRD1B|Q9NQG5,Cytoplasm|Nucleus,Nuclear localization signal|Nuclear export signal,Soluble,0.478300005197525,0.7541999816894531,0.045499999076128006,0.08229999989271164,0.021800000220537186,0.0017000000225380063,0.043699998408555984,0.2800999879837036,0.17810000479221344,0.00039999998989515007,0.4909000098705292,0.042399998754262924,0.1565999984741211,0.8434000015258789
RPRD2|Q5VT52,Nucleus,Nuclear localization signal,Soluble,0.3587999939918518,0.9545000195503235,0.015599999576807022,0.06909999996423721,0.03290000185370445,0.00279999990016222,0.03310000151395798,0.011699999682605267,0.006200000178068876,0.0006000000284984708,0.5550000071525574,0.027699999511241913,0.1168999969959259,0.8334000110626221
RPS10|P46783,Cytoplasm|Nucleus,Nuclear localization signal,Soluble,0.5149000287055969,0.6157000064849854,0.13750000298023224,0.13670000433921814,0.12300000339746475,0.006599999964237213,0.15070000290870667,0.03750000149011612,0.06830000132322311,0.0003000000142492354,0.573199987411499,0.05380000174045563,0.19140000641345978,0.718999981880188
RPS11|P62280,Mitochondrion,,Soluble,0.2955000102519989,0.31769999861717224,0.01360000018030405,0.023000000044703484,0.6628000140190125,0.05469999834895134,0.19670000672340393,0.1378999948501587,0.020099999383091927,0.022199999541044235,0.42340001463890076,0.024399999529123306,0.1670999974012375,0.8378000259399414
RPS12|P25398,Cytoplasm,Nuclear localization signal,Soluble,0.7443000078201294,0.39259999990463257,0.02889999933540821,0.17520000040531158,0.06949999928474426,0.02329999953508377,0.10689999908208847,0.09809999912977219,0.094200000166893,0.0003000000142492354,0.4458000063896179,0.014800000004470348,0.421999990940094,0.8647000193595886
RPS13|P62277,Nucleus,Nuclear localization signal,Soluble,0.2176000028848648,0.7229999899864197,0.004600000102072954,0.04430000111460686,0.21209999918937683,0.07800000160932541,0.054499998688697815,0.022299999371170998,0.017100000753998756,0.00559999980032444,0.39500001072883606,0.07670000195503235,0.20630000531673431,0.7717999815940857
RPS14|P62263,Cytoplasm,Nuclear localization signal,Soluble,0.5329999923706055,0.5022000074386597,0.030700000002980232,0.04639999940991402,0.2912999987602234,0.005900000222027302,0.07039999961853027,0.04490000009536743,0.04659999907016754,0.025499999523162842,0.43880000710487366,0.05169999971985817,0.5134000182151794,0.7965999841690063
RPS15|P62841,Cytoplasm,Nuclear localization signal,Soluble,0.5138999819755554,0.4814000129699707,0.014499999582767487,0.07590000331401825,0.20399999618530273,0.0052999998442828655,0.08550000190734863,0.03620000183582306,0.013100000098347664,0.026100000366568565,0.3993000090122223,0.015799999237060547,0.2425999939441681,0.8794999718666077
RPS15A|P62244,Cytoplasm,,Soluble,0.5034000277519226,0.3239000141620636,0.05900000035762787,0.06669999659061432,0.28220000863075256,0.0026000000070780516,0.1623000055551529,0.2662999927997589,0.057999998331069946,0.004800000227987766,0.37450000643730164,0.05180000141263008,0.4133000075817108,0.7828999757766724
RPS16|P62249,Cytoplasm|Nucleus,Nuclear localization signal,Soluble,0.6819000244140625,0.6545000076293945,0.05849999934434891,0.03500000014901161,0.4115000069141388,0.031700000166893005,0.08919999748468399,0.034699998795986176,0.0333000011742115,0.002199999988079071,0.40380001068115234,0.05660000070929527,0.2800000011920929,0.7802000045776367
RPS17|P08708,Cytoplasm,,Soluble,0.3937999904155731,0.4438999891281128,0.009100000374019146,0.04019999876618385,0.37869998812675476,0.032499998807907104,0.06430000066757202,0.024700000882148743,0.022199999541044235,0.0007999999797903001,0.40610000491142273,0.03669999912381172,0.2538999915122986,0.8235999941825867
RPS18|P62269,Cytoplasm,,Soluble,0.6287999749183655,0.2533000111579895,0.056299999356269836,0.03880000114440918,0.5224000215530396,0.029999999329447746,0.14000000059604645,0.006500000134110451,0.021299999207258224,0.006500000134110451,0.42399999499320984,0.019600000232458115,0.30320000648498535,0.8427000045776367
RPS19|P39019,Nucleus,,Soluble,0.4643999934196472,0.567300021648407,0.10119999945163727,0.09480000287294388,0.4189000129699707,0.094200000166893,0.0794999971985817,0.04600000008940697,0.036400001496076584,0.05959999933838844,0.2897999882698059,0.060100000351667404,0.11140000075101852,0.830299973487854
RPS19BP1|Q86WX3,Nucleus,Nuclear localization signal,Soluble,0.4494999945163727,0.763700008392334,0.023600000888109207,0.07169999927282333,0.12970000505447388,0.00139999995008111,0.11540000140666962,0.03269999846816063,0.039400000125169754,0.012400000356137753,0.41269999742507935,0.07900000363588333,0.1437000036239624,0.8331999778747559
RPS2|P15880,Cytoplasm,Nuclear localization signal,Soluble,0.7182999849319458,0.367000013589859,0.08839999884366989,0.0860000029206276,0.2775999903678894,0.0272000003606081,0.0689999982714653,0.02810000069439411,0.03240000084042549,0.00139999995008111,0.4120999872684479,0.042399998754262924,0.2084999978542328,0.8202999830245972
RPS20|P60866,Mitochondrion,Mitochondrial transit peptide,Soluble,0.4648999869823456,0.3610000014305115,0.041999999433755875,0.17399999499320984,0.7526000142097473,0.22759999334812164,0.06300000101327896,0.14300000667572021,0.024700000882148743,0.00139999995008111,0.4052000045776367,0.020099999383091927,0.23919999599456787,0.873199999332428
RPS21|P63220,Cytoplasm,,Soluble,0.6223999857902527,0.5181999802589417,0.10239999741315842,0.061500001698732376,0.27320000529289246,0.04230000078678131,0.10540000349283218,0.048900000751018524,0.07680000364780426,0.012500000186264515,0.4535999894142151,0.08669999986886978,0.024900000542402267,0.7976999878883362
RPS23|P62266,Cytoplasm,,Soluble,0.6358000040054321,0.4912000000476837,0.06199999898672104,0.026399999856948853,0.33070001006126404,0.011800000444054604,0.34769999980926514,0.015799999237060547,0.022299999371170998,0.004600000102072954,0.2888999879360199,0.04780000075697899,0.28299999237060547,0.8331000208854675
RPS24|P62847,Cytoplasm,,Soluble,0.7264999747276306,0.40939998626708984,0.061500001698732376,0.12219999730587006,0.4693000018596649,0.026100000366568565,0.33730000257492065,0.009800000116229057,0.012199999764561653,0.0502999983727932,0.31709998846054077,0.035100001841783524,0.3504999876022339,0.858299970626831
RPS25|P62851,Cytoplasm,Nuclear localization signal,Soluble,0.5037000179290771,0.5227000117301941,0.030300000682473183,0.2799000144004822,0.11620000004768372,0.014299999922513962,0.14839999377727509,0.07989999651908875,0.3301999866962433,0.0006000000284984708,0.3521000146865845,0.024000000208616257,0.19040000438690186,0.8597000241279602
RPS26|P62854,Cytoplasm,Nuclear localization signal,Soluble,0.7552000284194946,0.414000004529953,0.00930000003427267,0.10570000112056732,0.20329999923706055,0.013899999670684338,0.3422999978065491,0.06310000270605087,0.029899999499320984,0.002099999925121665,0.43070000410079956,0.037700001150369644,0.15760000050067902,0.8424000144004822
RPS27|P42677,Cytoplasm|Nucleus,Nuclear localization signal,Soluble,0.582099974155426,0.5738000273704529,0.05900000035762787,0.11150000244379044,0.16830000281333923,0.002899999963119626,0.10639999806880951,0.2955000102519989,0.1388999968767166,0.0013000000035390258,0.5727999806404114,0.029600000008940697,0.16300000250339508,0.7448999881744385
RPS27A|P62979,Cytoplasm|Nucleus,Nuclear localization signal,Soluble,0.6053000092506409,0.756600022315979,0.18529999256134033,0.25450000166893005,0.09870000183582306,0.0012000000569969416,0.2840000092983246,0.10040000081062317,0.033900000154972076,0.0017000000225380063,0.32359999418258667,0.031300000846385956,0.3978999853134155,0.8069000244140625
RPS27L|Q71UM5,Cytoplasm|Nucleus,Nuclear localization signal,Soluble,0.5446000099182129,0.5565999746322632,0.05400000140070915,0.09160000085830688,0.16279999911785126,0.00279999990016222,0.1168999969959259,0.31529998779296875,0.13740000128746033,0.0008999999845400453,0.5728999972343445,0.02879999950528145,0.1340000033378601,0.7520999908447266
RPS28|P62857,Cytoplasm|Nucleus,Nuclear localization signal,Soluble,0.5303000211715698,0.6891000270843506,0.037300001829862595,0.02590000070631504,0.40149998664855957,0.007199999876320362,0.12269999831914902,0.08780000358819962,0.07190000265836716,0.006099999882280827,0.4372999966144562,0.035999998450279236,0.23899999260902405,0.8083000183105469
RPS29|P62273,Cytoplasm|Nucleus,Nuclear export signal,Soluble,0.5400000214576721,0.5791000127792358,0.007899999618530273,0.09539999812841415,0.5533999800682068,0.002300000051036477,0.31859999895095825,0.06459999829530716,0.09759999811649323,0.01640000008046627,0.3231000006198883,0.05260000005364418,0.1378999948501587,0.8174999952316284
RPS3|P23396,Cytoplasm|Nucleus,Nuclear localization signal,Soluble,0.5810999870300293,0.65420001745224,0.06300000101327896,0.10130000114440918,0.53329998254776,0.005200000014156103,0.13940000534057617,0.06129999831318855,0.05700000002980232,0.0019000000320374966,0.5120000243186951,0.03590000048279762,0.37549999356269836,0.7551000118255615
RPS3A|P61247,Nucleus,Nuclear localization signal,Soluble,0.45660001039505005,0.5235000252723694,0.05009999871253967,0.06629999727010727,0.2827000021934509,0.0203000009059906,0.09399999678134918,0.04340000078082085,0.06319999694824219,0.004399999976158142,0.27230000495910645,0.037700001150369644,0.17790000140666962,0.8748999834060669
RPS4X|P62701,Cytoplasm,Nuclear localization signal,Soluble,0.5557000041007996,0.5094000101089478,0.039500001817941666,0.08089999854564667,0.2784999907016754,0.006099999882280827,0.21170000731945038,0.04100000113248825,0.017000000923871994,0.006099999882280827,0.40540000796318054,0.033900000154972076,0.2434999942779541,0.8077999949455261
RPS4Y1|P22090,Cytoplasm,Nuclear localization signal,Soluble,0.5217000246047974,0.5060999989509583,0.025200000032782555,0.06679999828338623,0.2567000091075897,0.00860000029206276,0.1818999946117401,0.04699999839067459,0.01590000092983246,0.008200000040233135,0.37560001015663147,0.03099999949336052,0.21690000593662262,0.8252000212669373
RPS4Y2|Q8TD47,Cytoplasm,Nuclear localization signal,Soluble,0.6104999780654907,0.4871000051498413,0.02930000051856041,0.07970000058412552,0.20200000703334808,0.007199999876320362,0.20469999313354492,0.052400000393390656,0.016300000250339508,0.007300000172108412,0.35350000858306885,0.0430000014603138,0.27239999175071716,0.8251000046730042
RPS5|P46782,Cytoplasm|Mitochondrion,,Soluble,0.7396000027656555,0.1850000023841858,0.024800000712275505,0.06700000166893005,0.6809999942779541,0.09920000284910202,0.08980000019073486,0.046300001442432404,0.01269999984651804,0.0015999999595806003,0.4837000072002411,0.030400000512599945,0.11540000140666962,0.8113999962806702
RPS6|P62753,Cytoplasm,,Soluble,0.5558000206947327,0.44359999895095825,0.27250000834465027,0.039400000125169754,0.24729999899864197,0.009100000374019146,0.16539999842643738,0.006000000052154064,0.005400000140070915,0.0019000000320374966,0.33730000257492065,0.01679999940097332,0.33149999380111694,0.9027000069618225
RPS7|P62081,Cytoplasm,Nuclear localization signal,Soluble,0.6258000135421753,0.4666000008583069,0.04969999939203262,0.03909999877214432,0.2337999939918518,0.04490000009536743,0.05079999938607216,0.08560000360012054,0.05299999937415123,0.0035000001080334187,0.4729999899864197,0.02969999983906746,0.12389999628067017,0.7990999817848206
RPS8|P62241,Cytoplasm,Nuclear localization signal,Soluble,0.5303000211715698,0.27880001068115234,0.17440000176429749,0.06669999659061432,0.21330000460147858,0.00139999995008111,0.20579999685287476,0.017799999564886093,0.039400000125169754,0.0005000000237487257,0.3935000002384186,0.027699999511241913,0.3873000144958496,0.8352000117301941
RPS9|P46781,Cytoplasm,,Soluble,0.5616999864578247,0.3723999857902527,0.050700001418590546,0.09179999679327011,0.25130000710487366,0.014499999582767487,0.14509999752044678,0.03830000013113022,0.052299998700618744,0.004000000189989805,0.383899986743927,0.05909999832510948,0.12080000340938568,0.7768999934196472
RPSA|P08865,Cytoplasm,Nuclear localization signal|Nuclear export signal,Soluble,0.805400013923645,0.4700999855995178,0.09929999709129333,0.27410000562667847,0.1492999941110611,0.02630000002682209,0.18369999527931213,0.02630000002682209,0.12229999899864197,0.000699999975040555,0.5974000096321106,0.020800000056624413,0.3287000060081482,0.8180000185966492
RPTOR|Q8N122,Cytoplasm|Nucleus,Nuclear export signal,Peripheral|Soluble,0.7473000288009644,0.5419999957084656,0.026000000536441803,0.1242000013589859,0.19439999759197235,0.010499999858438969,0.20090000331401825,0.30300000309944153,0.43860000371932983,0.0015999999595806003,0.7301999926567078,0.09769999980926514,0.15060000121593475,0.6462000012397766
RPUSD2|Q8IZ73,Nucleus,Mitochondrial transit peptide,Soluble,0.29809999465942383,0.5981000065803528,0.0406000018119812,0.04100000113248825,0.525600016117096,0.00860000029206276,0.13169999420642853,0.039900001138448715,0.1088000014424324,0.019099999219179153,0.6096000075340271,0.06239999830722809,0.1777999997138977,0.7727000117301941
RPUSD3|Q6P087,Mitochondrion,Mitochondrial transit peptide,Peripheral|Soluble,0.24580000340938568,0.32839998602867126,0.10570000112056732,0.07699999958276749,0.8574000000953674,0.00139999995008111,0.10930000245571136,0.0771000012755394,0.10970000177621841,0.049400001764297485,0.6668999791145325,0.21719999611377716,0.08320000022649765,0.6227999925613403
RPUSD4|Q96CM3,Mitochondrion,Mitochondrial transit peptide,Peripheral|Soluble,0.1793999969959259,0.21879999339580536,0.08900000154972076,0.08579999953508377,0.8942999839782715,0.016599999740719795,0.08980000019073486,0.05130000039935112,0.10350000113248825,0.051899999380111694,0.6937999725341797,0.17980000376701355,0.10580000281333923,0.5916000008583069
RRBP1|Q9P2E9,Endoplasmic reticulum,Signal peptide|Transmembrane domain,Transmembrane,0.24330000579357147,0.13899999856948853,0.10779999941587448,0.520799994468689,0.09709999710321426,0.01489999983459711,0.814300000667572,0.35339999198913574,0.6403999924659729,0.025699999183416367,0.2786000072956085,0.970300018787384,0.43529999256134033,0.12280000001192093
RRP1|P56182,Nucleus,Nuclear localization signal,Soluble,0.42340001463890076,0.8356999754905701,0.2117999941110611,0.06700000166893005,0.06040000170469284,0.0005000000237487257,0.19460000097751617,0.039000000804662704,0.04050000011920929,0.003599999938160181,0.3693999946117401,0.09449999779462814,0.32330000400543213,0.8305000066757202
RRP12|Q5JTH9,Nucleus,Nuclear localization signal,Soluble,0.3467000126838684,0.8871999979019165,0.02889999933540821,0.0625,0.039400000125169754,0.0017999999690800905,0.11069999635219574,0.027300000190734863,0.05999999865889549,0.0003000000142492354,0.421999990940094,0.16050000488758087,0.17319999635219574,0.78329998254776
RRP15|Q9Y3B9,Nucleus,Nuclear localization signal,Soluble,0.18359999358654022,0.8691999912261963,0.02590000070631504,0.0203000009059906,0.10270000249147415,0.03530000150203705,0.02459999918937683,0.01979999989271164,0.056699998676776886,0.0031999999191612005,0.24150000512599945,0.04019999876618385,0.1160999983549118,0.9124000072479248
RRP1B|Q14684,Nucleus,Nuclear localization signal,Soluble,0.40790000557899475,0.9070000052452087,0.03790000081062317,0.03150000050663948,0.02199999988079071,0.0007999999797903001,0.11869999766349792,0.029500000178813934,0.059300001710653305,0.0010999999940395355,0.36820000410079956,0.0851999968290329,0.34709998965263367,0.8190000057220459
RRP36|Q96EU6,Nucleus,Nuclear localization signal,Soluble,0.2892000079154968,0.7432000041007996,0.02329999953508377,0.042399998754262924,0.12720000743865967,0.0005000000237487257,0.06859999895095825,0.017799999564886093,0.004999999888241291,0.0017000000225380063,0.3723999857902527,0.07169999927282333,0.12189999967813492,0.8687999844551086
RRP7A|Q9Y3A4,Cytoplasm|Nucleus,Nuclear localization signal,Soluble,0.5256999731063843,0.7218999862670898,0.046300001442432404,0.09350000321865082,0.21250000596046448,0.002199999988079071,0.05310000106692314,0.03240000084042549,0.03620000183582306,0.0007999999797903001,0.3617999851703644,0.05900000035762787,0.20999999344348907,0.8633999824523926
RRP8|O43159,Cytoplasm|Nucleus,Nuclear localization signal,Soluble,0.5209000110626221,0.6431000232696533,0.15970000624656677,0.06780000030994415,0.15620000660419464,0.0010999999940395355,0.11720000207424164,0.01590000092983246,0.12060000002384186,0.0052999998442828655,0.38040000200271606,0.0820000022649765,0.2011999934911728,0.8141999840736389
RRP9|O43818,Nucleus,Nuclear localization signal,Soluble,0.25690001249313354,0.8938999772071838,0.05310000106692314,0.0430000014603138,0.15279999375343323,0.0006000000284984708,0.09929999709129333,0.02250000089406967,0.09950000047683716,0.001500000013038516,0.4268999993801117,0.06340000033378601,0.1362999975681305,0.8198000192642212
RRS1|Q15050,Nucleus,Nuclear localization signal,Soluble,0.31299999356269836,0.8751000165939331,0.030799999833106995,0.02239999920129776,0.09120000153779984,0.004100000020116568,0.035999998450279236,0.007199999876320362,0.015200000256299973,0.0013000000035390258,0.357699990272522,0.023000000044703484,0.1467999964952469,0.8938000202178955
RSL1D1|O76021,Nucleus,Nuclear localization signal,Soluble,0.32269999384880066,0.8616999983787537,0.20280000567436218,0.05950000137090683,0.11010000109672546,0.010599999688565731,0.06069999933242798,0.010999999940395355,0.04100000113248825,0.0007999999797903001,0.2888999879360199,0.062199998646974564,0.12530000507831573,0.8694000244140625
RSL24D1|Q9UHA3,Cytoplasm|Nucleus|Mitochondrion,Nuclear localization signal,Soluble,0.4934999942779541,0.6033999919891357,0.004000000189989805,0.09279999881982803,0.6843000054359436,0.029400000348687172,0.08020000159740448,0.022299999371170998,0.021700000390410423,0.0006000000284984708,0.3783999979496002,0.019700000062584877,0.1420000046491623,0.83160001039505
RSRC1|Q96IZ7,Nucleus,Nuclear localization signal,Soluble,0.20280000567436218,0.9487000107765198,0.040699999779462814,0.04670000076293945,0.049300000071525574,0.0027000000700354576,0.07500000298023224,0.02319999970495701,0.04360000044107437,0.0015999999595806003,0.364300012588501,0.03590000048279762,0.17970000207424164,0.8830999732017517
RSRC2|Q7L4I2,Nucleus,Nuclear localization signal,Soluble,0.17299999296665192,0.9204000234603882,0.012500000186264515,0.1565999984741211,0.11079999804496765,0.004100000020116568,0.06620000302791595,0.01549999974668026,0.020400000736117363,0.0005000000237487257,0.32659998536109924,0.03519999980926514,0.10849999636411667,0.8741999864578247
RTCA|O00442,Cytoplasm,,Soluble,0.4952999949455261,0.5022000074386597,0.09769999980926514,0.1371999979019165,0.42329999804496765,0.008799999952316284,0.038100000470876694,0.09619999676942825,0.05979999899864197,0.05339999869465828,0.4602999985218048,0.09149999916553497,0.2583000063896179,0.7268000245094299
RTCB|Q9Y3I0,Cytoplasm,,Soluble,0.8474000096321106,0.5224999785423279,0.1842000037431717,0.03669999912381172,0.46320000290870667,0.006300000008195639,0.299699991941452,0.05420000106096268,0.24979999661445618,0.02319999970495701,0.47450000047683716,0.03610000014305115,0.164000004529953,0.8173999786376953
RTEL1|Q9NZ71,Nucleus,Nuclear localization signal,Soluble,0.44369998574256897,0.8399999737739563,0.10270000249147415,0.13910000026226044,0.14319999516010284,0.000699999975040555,0.09690000116825104,0.05790000036358833,0.05779999867081642,0.011599999852478504,0.5819000005722046,0.08370000123977661,0.18160000443458557,0.7907000184059143
RTF1|Q92541,Nucleus,Nuclear localization signal,Soluble,0.1867000013589859,0.944100022315979,0.1256999969482422,0.014600000344216824,0.07010000199079514,0.0035000001080334187,0.020500000566244125,0.03999999910593033,0.03720000013709068,0.001500000013038516,0.41749998927116394,0.03229999914765358,0.22910000383853912,0.8712999820709229
RTRAF|Q9Y224,Cytoplasm,,Soluble,0.5717999935150146,0.5109000205993652,0.12530000507831573,0.06210000067949295,0.17419999837875366,0.01899999938905239,0.1274999976158142,0.05920000001788139,0.06069999933242798,0.04769999906420708,0.3889000117778778,0.057999998331069946,0.04800000041723251,0.8349999785423279
RUVBL1|Q9Y265,Nucleus,Nuclear localization signal,Soluble,0.46070000529289246,0.6513000130653381,0.012199999764561653,0.09189999848604202,0.07500000298023224,0.007499999832361937,0.1800999939441681,0.023800000548362732,0.04560000076889992,0.005100000184029341,0.5213000178337097,0.017999999225139618,0.1965000033378601,0.8481000065803528
RUVBL2|Q9Y230,Cytoplasm|Nucleus,Nuclear localization signal|Nuclear export signal,Soluble,0.5151000022888184,0.8101999759674072,0.006200000178068876,0.08730000257492065,0.09889999777078629,0.012000000104308128,0.12620000541210175,0.02449999935925007,0.041600000113248825,0.0032999999821186066,0.46959999203681946,0.020600000396370888,0.19670000672340393,0.8346999883651733
S100A9|P06702,Cytoplasm,,Soluble,0.7450000047683716,0.3221000134944916,0.36719998717308044,0.3991999924182892,0.14149999618530273,0.007199999876320362,0.2150000035762787,0.22470000386238098,0.17949999868869781,0.002899999963119626,0.5461000204086304,0.04560000076889992,0.24619999527931213,0.7544999718666077
SAFB|Q15424,Nucleus,Nuclear localization signal,Soluble,0.29840001463890076,0.9545999765396118,0.031300000846385956,0.05310000106692314,0.029600000008940697,0.00039999998989515007,0.031300000846385956,0.017899999395012856,0.01269999984651804,0.00019999999494757503,0.46709999442100525,0.023900000378489494,0.17409999668598175,0.8953999876976013
SAFB2|Q14151,Nucleus,Nuclear localization signal,Soluble,0.3237000107765198,0.9514999985694885,0.02539999969303608,0.0560000017285347,0.035599999129772186,0.00039999998989515007,0.03460000082850456,0.016699999570846558,0.007600000128149986,0.00019999999494757503,0.47530001401901245,0.026399999856948853,0.17219999432563782,0.8978999853134155
SAMD10|Q9BYL1,Cytoplasm,,Peripheral|Soluble,0.6230000257492065,0.36970001459121704,0.147599995136261,0.29120001196861267,0.2694000005722046,0.002400000113993883,0.18629999458789825,0.24150000512599945,0.2678999900817871,0.032600000500679016,0.7441999912261963,0.11959999799728394,0.376800000667572,0.6743000149726868
SAMD11|Q96NU1,Nucleus,Nuclear localization signal,Soluble,0.3790000081062317,0.9253000020980835,0.09080000221729279,0.027300000190734863,0.021800000220537186,0.0012000000569969416,0.040300000458955765,0.02410000003874302,0.013500000350177288,0.0013000000035390258,0.618399977684021,0.0738999992609024,0.25949999690055847,0.805400013923645
SAMD12|Q8N8I0,Cytoplasm,Nuclear export signal,Peripheral|Soluble,0.5848000049591064,0.37049999833106995,0.16110000014305115,0.1738000065088272,0.23549999296665192,0.010999999940395355,0.11389999836683273,0.20589999854564667,0.24570000171661377,0.09880000352859497,0.6547999978065491,0.11029999703168869,0.3675000071525574,0.7181000113487244
SAMD14|Q8IZD0,Cytoplasm|Cell membrane,Nuclear localization signal,Peripheral|Soluble,0.692799985408783,0.2797999978065491,0.043299999088048935,0.5274999737739563,0.1607999950647354,0.010400000028312206,0.2223999947309494,0.22869999706745148,0.19140000641345978,0.010300000198185444,0.732699990272522,0.07249999791383743,0.18449999392032623,0.766700029373169
SAMD15|Q9P1V8,Cytoplasm,,Peripheral|Soluble,0.5989000201225281,0.2985000014305115,0.1598999947309494,0.23559999465942383,0.05979999899864197,0.03700000047683716,0.26930001378059387,0.16179999709129333,0.33649998903274536,0.007400000002235174,0.6818000078201294,0.044199999421834946,0.2849999964237213,0.7875000238418579
SAMD3|Q8N6K7,Cytoplasm|Nucleus,Nuclear localization signal|Nuclear export signal,Soluble,0.4977000057697296,0.8029999732971191,0.038600001484155655,0.060100000351667404,0.11590000241994858,0.002400000113993883,0.039500001817941666,0.11010000109672546,0.08370000123977661,0.015399999916553497,0.37940001487731934,0.14419999718666077,0.1429000049829483,0.7645000219345093
SAMD4A|Q9UPU9,Cytoplasm,Nuclear export signal,Peripheral|Soluble,0.7177000045776367,0.49799999594688416,0.03720000013709068,0.181099995970726,0.1517000049352646,0.00139999995008111,0.15870000422000885,0.2533999979496002,0.2101999968290329,0.00279999990016222,0.6546000242233276,0.08370000123977661,0.1421000063419342,0.7124999761581421
SAMD4B|Q5PRF9,Cytoplasm,Nuclear export signal,Peripheral|Soluble,0.7261000275611877,0.45669999718666077,0.034699998795986176,0.12520000338554382,0.15520000457763672,0.0015999999595806003,0.17090000212192535,0.21150000393390656,0.23800000548362732,0.0019000000320374966,0.6399999856948853,0.07989999651908875,0.14820000529289246,0.7396000027656555
SAMD5|Q5TGI4,Cytoplasm,Nuclear localization signal|Nuclear export signal,Soluble,0.6875,0.36579999327659607,0.05640000104904175,0.15219999849796295,0.08619999885559082,0.0017999999690800905,0.04309999942779541,0.03370000049471855,0.12319999933242798,0.004800000227987766,0.5889999866485596,0.07739999890327454,0.3386000096797943,0.7304999828338623
SAMD7|Q7Z3H4,Nucleus,Nuclear localization signal,Soluble,0.4429999887943268,0.779699981212616,0.03269999846816063,0.024000000208616257,0.03099999949336052,0.005200000014156103,0.07959999889135361,0.030799999833106995,0.06849999725818634,0.002199999988079071,0.5067999958992004,0.06480000168085098,0.16760000586509705,0.8069000244140625
SAMD8|Q96LT4,Endoplasmic reticulum|Golgi apparatus,Signal peptide|Transmembrane domain,Transmembrane,0.08560000360012054,0.11630000174045563,0.01489999983459711,0.4368000030517578,0.04170000180602074,0.00139999995008111,0.7910000085830688,0.3522000014781952,0.8058000206947327,0.051899999380111694,0.1071000024676323,0.9918000102043152,0.0421999990940094,0.10429999977350235
SAMD9|Q5K651,Cytoplasm,Nuclear localization signal,Soluble,0.6585000157356262,0.47450000047683716,0.1647000014781952,0.15610000491142273,0.13840000331401825,0.017899999395012856,0.12370000034570694,0.1324000060558319,0.1185000017285347,0.010599999688565731,0.5281000137329102,0.050599999725818634,0.08429999649524689,0.7764999866485596
SAMD9L|Q8IVG5,Cytoplasm|Nucleus,Nuclear localization signal|Nuclear export signal,Soluble,0.6123999953269958,0.5953999757766724,0.11420000344514847,0.19059999287128448,0.14970000088214874,0.015200000256299973,0.11729999631643295,0.27129998803138733,0.193900004029274,0.020500000566244125,0.4607999920845032,0.10209999978542328,0.0731000006198883,0.7669000029563904
SAMHD1|Q9Y3Z3,Nucleus,Nuclear localization signal,Soluble,0.41530001163482666,0.807699978351593,0.09369999915361404,0.0908999964594841,0.11800000071525574,0.0017000000225380063,0.051899999380111694,0.0568000003695488,0.10189999639987946,0.00279999990016222,0.5110999941825867,0.04809999838471413,0.11540000140666962,0.7971000075340271
SAMSN1|Q9NSI8,Cytoplasm,Nuclear localization signal,Peripheral|Soluble,0.7124000191688538,0.2808000147342682,0.08479999750852585,0.46959999203681946,0.09440000355243683,0.006300000008195639,0.2630999982357025,0.22050000727176666,0.3312999904155731,0.002199999988079071,0.7148000001907349,0.05689999833703041,0.12290000170469284,0.7354000210762024
SAP18|O00422,Nucleus,Nuclear localization signal,Soluble,0.4255000054836273,0.7271999716758728,0.1793999969959259,0.15809999406337738,0.08070000261068344,0.0015999999595806003,0.28119999170303345,0.18060000240802765,0.13770000636577606,0.0020000000949949026,0.5192000269889832,0.03519999980926514,0.4189999997615814,0.7922999858856201
SARM1|Q6SZW1,Cytoplasm,Nuclear localization signal|Nuclear export signal,Peripheral,0.6635000109672546,0.34860000014305115,0.13349999487400055,0.37290000915527344,0.47589999437332153,0.009700000286102295,0.3075000047683716,0.5455999970436096,0.5813999772071838,0.03579999879002571,0.6992999911308289,0.32910001277923584,0.30169999599456787,0.42399999499320984
SARNP|P82979,Cytoplasm|Nucleus,Nuclear localization signal,Soluble,0.6229000091552734,0.5662000179290771,0.05429999902844429,0.08479999750852585,0.1582999974489212,0.005100000184029341,0.031700000166893005,0.02800000086426735,0.37130001187324524,0.0010000000474974513,0.38350000977516174,0.021400000900030136,0.3982999920845032,0.894599974155426
SARS1|P49591,Cytoplasm,Nuclear localization signal,Soluble,0.6833999752998352,0.47760000824928284,0.0406000018119812,0.08560000360012054,0.4366999864578247,0.03610000014305115,0.34619998931884766,0.029999999329447746,0.0877000018954277,0.014399999752640724,0.43639999628067017,0.05009999871253967,0.2003999948501587,0.7807000279426575
SARS2|Q9NP81,Mitochondrion,Mitochondrial transit peptide,Soluble,0.23280000686645508,0.18230000138282776,0.07609999924898148,0.11779999732971191,0.9423999786376953,0.00430000014603138,0.05869999900460243,0.060600001364946365,0.07900000363588333,0.040300000458955765,0.5745000243186951,0.14630000293254852,0.12250000238418579,0.676800012588501
SART1|O43290,Nucleus,Nuclear localization signal,Soluble,0.22030000388622284,0.9614999890327454,0.08659999817609787,0.026100000366568565,0.03189999982714653,0.000699999975040555,0.023800000548362732,0.02329999953508377,0.021199999377131462,0.00139999995008111,0.35920000076293945,0.04610000178217888,0.18549999594688416,0.8658999800682068
SART3|Q15020,Nucleus,Nuclear localization signal,Soluble,0.25209999084472656,0.8841999769210815,0.014399999752640724,0.03920000046491623,0.05909999832510948,0.0008999999845400453,0.13850000500679016,0.0215000007301569,0.04500000178813934,0.0020000000949949026,0.45719999074935913,0.04349999874830246,0.24660000205039978,0.8391000032424927
SASH1|O94885,Cytoplasm|Cell membrane,Nuclear localization signal,Peripheral|Soluble,0.7501999735832214,0.3244999945163727,0.04450000077486038,0.5874000191688538,0.12549999356269836,0.014299999922513962,0.25529998540878296,0.29429998993873596,0.18940000236034393,0.016100000590085983,0.685699999332428,0.06750000268220901,0.14219999313354492,0.7876999974250793
SASH3|O75995,Cytoplasm,Nuclear localization signal,Peripheral|Soluble,0.7426999807357788,0.25589999556541443,0.0568000003695488,0.414000004529953,0.10540000349283218,0.004800000227987766,0.21739999949932098,0.22750000655651093,0.2825999855995178,0.0032999999821186066,0.8046000003814697,0.03929999843239784,0.1454000025987625,0.7645999789237976
SBDS|Q9Y3A5,Cytoplasm,,Soluble,0.5171999931335449,0.3767000138759613,0.01769999973475933,0.09610000252723694,0.27619999647140503,0.01860000006854534,0.12380000203847885,0.5049999952316284,0.22849999368190765,0.004100000020116568,0.4846000075340271,0.027799999341368675,0.17630000412464142,0.8223999738693237
SCAF1|Q9H7N4,Nucleus,Nuclear localization signal,Soluble,0.4616999924182892,0.8662999868392944,0.10040000081062317,0.14229999482631683,0.1005999967455864,0.010900000110268593,0.08889999985694885,0.051100000739097595,0.07240000367164612,0.016899999231100082,0.5407000184059143,0.10620000213384628,0.1597999930381775,0.8353999853134155
SCAF11|Q99590,Nucleus,Nuclear localization signal,Soluble,0.4244999885559082,0.9329000115394592,0.012799999676644802,0.032999999821186066,0.07580000162124634,0.019099999219179153,0.08190000057220459,0.00860000029206276,0.06719999760389328,0.004600000102072954,0.4018000066280365,0.06400000303983688,0.1281999945640564,0.8454999923706055
SCAF4|O95104,Nucleus,Nuclear localization signal,Soluble,0.3000999987125397,0.9765999913215637,0.023600000888109207,0.035999998450279236,0.014499999582767487,0.0012000000569969416,0.08460000157356262,0.007699999958276749,0.01860000006854534,9.999999747378752e-05,0.48579999804496765,0.030700000002980232,0.23340000212192535,0.863099992275238
SCAF8|Q9UPN6,Nucleus,Nuclear localization signal,Soluble,0.24580000340938568,0.9648000001907349,0.006000000052154064,0.032099999487400055,0.016100000590085983,0.0008999999845400453,0.15289999544620514,0.016599999740719795,0.032999999821186066,0.00019999999494757503,0.44350001215934753,0.03180000185966492,0.17180000245571136,0.8830000162124634
SCMH1|Q96GD3,Nucleus,Nuclear localization signal,Soluble,0.41269999742507935,0.7796000242233276,0.0820000022649765,0.03689999878406525,0.06310000270605087,0.004399999976158142,0.08179999887943268,0.06159999966621399,0.09080000221729279,0.008299999870359898,0.6108999848365784,0.12700000405311584,0.3346000015735626,0.660099983215332
SCML1|Q9UN30,Cytoplasm|Nucleus,Nuclear localization signal,Soluble,0.4982999861240387,0.5878999829292297,0.1005999967455864,0.047200001776218414,0.08889999985694885,0.005900000222027302,0.14730000495910645,0.1745000034570694,0.10610000044107437,0.004399999976158142,0.5555999875068665,0.03819999843835831,0.23489999771118164,0.7789000272750854
SCML2|Q9UQR0,Nucleus,Nuclear localization signal,Soluble,0.4156000018119812,0.8306000232696533,0.025599999353289604,0.03779999911785126,0.03610000014305115,0.005200000014156103,0.08820000290870667,0.03269999846816063,0.06700000166893005,0.002899999963119626,0.5317999720573425,0.053700000047683716,0.2953000068664551,0.7738000154495239
SCML4|Q8N228,Nucleus,Nuclear localization signal,Peripheral|Soluble,0.36480000615119934,0.8086000084877014,0.1436000019311905,0.060499999672174454,0.06379999965429306,0.0015999999595806003,0.04800000041723251,0.07890000194311142,0.054999999701976776,0.002300000051036477,0.6306999921798706,0.0560000017285347,0.3601999878883362,0.775600016117096
SDAD1|Q9NVU7,Nucleus,Nuclear localization signal,Soluble,0.21310000121593475,0.8878999948501587,0.0551999993622303,0.04360000044107437,0.05810000002384186,0.0012000000569969416,0.039000000804662704,0.010900000110268593,0.024000000208616257,0.00039999998989515007,0.32359999418258667,0.05209999904036522,0.13429999351501465,0.8371000289916992
SEC22B|O75396,Golgi apparatus,Signal peptide|Transmembrane domain,Transmembrane,0.09759999811649323,0.08630000054836273,0.030300000682473183,0.2321999967098236,0.28380000591278076,0.01759999990463257,0.5002999901771545,0.5188000202178955,0.6929000020027161,0.0737999975681305,0.18209999799728394,0.977400004863739,0.08429999649524689,0.11479999870061874
SEC23A|Q15436,Cytoplasm|Endoplasmic reticulum,,Peripheral|Soluble,0.621399998664856,0.39259999990463257,0.11469999700784683,0.16920000314712524,0.18199999630451202,0.0003000000142492354,0.8198000192642212,0.29789999127388,0.4480000138282776,0.006599999964237213,0.8011999726295471,0.050599999725818634,0.2110999971628189,0.6632000207901001
SEC23B|Q15437,Cytoplasm|Endoplasmic reticulum,,Peripheral|Soluble,0.6466000080108643,0.3817000091075897,0.08630000054836273,0.13009999692440033,0.18080000579357147,0.0005000000237487257,0.8647000193595886,0.27459999918937683,0.4505999982357025,0.005200000014156103,0.7864999771118164,0.043299999088048935,0.20389999449253082,0.6862999796867371
SEC23IP|Q9Y6Y8,Cytoplasm|Lysosome/Vacuole,Nuclear export signal,Peripheral|Soluble,0.680899977684021,0.32120001316070557,0.05339999869465828,0.14589999616146088,0.20020000636577606,0.01940000057220459,0.4009999930858612,0.7239999771118164,0.5130000114440918,0.012600000016391277,0.7444999814033508,0.05220000073313713,0.17489999532699585,0.6690000295639038
SEC24B|O95487,Cytoplasm|Endoplasmic reticulum,,Peripheral|Soluble,0.6671000123023987,0.2946000099182129,0.05620000138878822,0.0908999964594841,0.1363999992609024,0.00279999990016222,0.8446999788284302,0.16859999299049377,0.38040000200271606,0.011500000022351742,0.7303000092506409,0.061900001019239426,0.14949999749660492,0.65829998254776
SEC24C|P53992,Cytoplasm|Endoplasmic reticulum,Signal peptide,Peripheral|Soluble,0.642799973487854,0.26840001344680786,0.10589999705553055,0.09719999879598618,0.1395999938249588,0.0017999999690800905,0.8259000182151794,0.1712999939918518,0.4424000084400177,0.004800000227987766,0.7645000219345093,0.040300000458955765,0.10440000146627426,0.7017999887466431
SEC31A|O94979,Cytoplasm|Nucleus,Nuclear localization signal,Peripheral|Soluble,0.6177999973297119,0.5791000127792358,0.01600000075995922,0.17730000615119934,0.0502999983727932,0.004399999976158142,0.39410001039505005,0.21459999680519104,0.20469999313354492,0.003100000089034438,0.8112000226974487,0.031199999153614044,0.17319999635219574,0.660099983215332
SEC61A1|P61619,Cell membrane|Endoplasmic reticulum,Signal peptide|Transmembrane domain,Transmembrane,0.11309999972581863,0.09709999710321426,0.03359999880194664,0.6000000238418579,0.1534000039100647,0.010700000450015068,0.7364000082015991,0.5169000029563904,0.4869000017642975,0.013799999840557575,0.2442999929189682,0.9710999727249146,0.1761000007390976,0.13940000534057617
SEC61B|P60468,Endoplasmic reticulum,Signal peptide|Transmembrane domain,Transmembrane,0.07360000163316727,0.10840000212192535,0.03060000017285347,0.42899999022483826,0.181099995970726,0.012900000438094139,0.7330999970436096,0.39250001311302185,0.3905999958515167,0.03590000048279762,0.20069999992847443,0.9768000245094299,0.2515999972820282,0.1088000014424324
SEC63|Q9UGP8,Endoplasmic reticulum,Signal peptide|Transmembrane domain,Transmembrane,0.23399999737739563,0.11779999732971191,0.005200000014156103,0.23270000517368317,0.11079999804496765,0.015599999576807022,0.8799999952316284,0.383899986743927,0.5968000292778015,0.031199999153614044,0.15209999680519104,0.989300012588501,0.12540000677108765,0.08560000360012054
SECISBP2|Q96T21,Cytoplasm|Nucleus,Nuclear localization signal|Nuclear export signal,Soluble,0.7189000248908997,0.6100000143051147,0.05959999933838844,0.1006999984383583,0.1339000016450882,0.00039999998989515007,0.1509000062942505,0.13279999792575836,0.09139999747276306,0.01860000006854534,0.5325000286102295,0.05130000039935112,0.29820001125335693,0.8007000088691711
SECISBP2L|Q93073,Cytoplasm,Nuclear localization signal,Soluble,0.7979000210762024,0.5148000121116638,0.06920000165700912,0.2069000005722046,0.11110000312328339,0.0008999999845400453,0.16110000014305115,0.06589999794960022,0.16419999301433563,0.0032999999821186066,0.526199996471405,0.05950000137090683,0.2240999937057495,0.833899974822998
SEH1L|Q96EE3,Cytoplasm|Nucleus,Nuclear localization signal,Soluble,0.5343000292778015,0.6148999929428101,0.03849999979138374,0.21529999375343323,0.04899999871850014,0.00989999994635582,0.33980000019073486,0.4043000042438507,0.249099999666214,0.09220000356435776,0.5756999850273132,0.10159999877214432,0.13950000703334808,0.682699978351593
SENP3|Q9H4L4,Nucleus,Nuclear localization signal,Soluble,0.39340001344680786,0.6919000148773193,0.1354999989271164,0.16910000145435333,0.2606000006198883,0.008500000461935997,0.328000009059906,0.2029999941587448,0.09889999777078629,0.16419999301433563,0.5745999813079834,0.2249000072479248,0.19429999589920044,0.6852999925613403
SERBP1|Q8NC51,Cytoplasm,Nuclear localization signal,Soluble,0.7208999991416931,0.3978999853134155,0.07039999961853027,0.16949999332427979,0.050599999725818634,0.0013000000035390258,0.08839999884366989,0.05810000002384186,0.1225999966263771,0.003100000089034438,0.4230000078678131,0.04309999942779541,0.3652999997138977,0.7997000217437744
SET|Q01105,Cytoplasm|Nucleus,Nuclear localization signal,Soluble,0.5259000062942505,0.7763000130653381,0.226500004529953,0.22939999401569366,0.14920000731945038,0.005799999926239252,0.20499999821186066,0.10679999738931656,0.06199999898672104,0.0052999998442828655,0.3167000114917755,0.04089999943971634,0.3662000000476837,0.8529999852180481
SETD1A|O15047,Nucleus,Nuclear localization signal,Soluble,0.23149999976158142,0.939300000667572,0.0142000000923872,0.06679999828338623,0.07479999959468842,0.0012000000569969416,0.061900001019239426,0.023099999874830246,0.022600000724196434,0.00279999990016222,0.48669999837875366,0.06780000030994415,0.10769999772310257,0.8105000257492065
SETD1B|Q9UPS6,Nucleus,Nuclear localization signal,Soluble,0.2815000116825104,0.9491999745368958,0.01889999955892563,0.03539999946951866,0.04280000180006027,0.004600000102072954,0.03750000149011612,0.022600000724196434,0.017999999225139618,0.0007999999797903001,0.5192000269889832,0.0658000037074089,0.12099999934434891,0.800000011920929
SETD2|Q9BYW2,Nucleus,Nuclear localization signal,Soluble,0.23499999940395355,0.9503999948501587,0.017899999395012856,0.053199999034404755,0.03370000049471855,0.007600000128149986,0.05660000070929527,0.0333000011742115,0.009600000455975533,0.0003000000142492354,0.4966999888420105,0.03220000118017197,0.1177000030875206,0.8794000148773193
SETX|Q7Z333,Nucleus,Nuclear localization signal,Soluble,0.38179999589920044,0.8623999953269958,0.12970000505447388,0.04780000075697899,0.16979999840259552,0.0017000000225380063,0.1143999993801117,0.033900000154972076,0.02759999968111515,0.01899999938905239,0.4837999939918518,0.13040000200271606,0.13510000705718994,0.7389000058174133
SF1|Q15637,Cytoplasm|Nucleus,Nuclear localization signal,Soluble,0.5327000021934509,0.9132000207901001,0.020899999886751175,0.023499999195337296,0.08429999649524689,0.0020000000949949026,0.05959999933838844,0.07680000364780426,0.05130000039935112,0.002300000051036477,0.5565000176429749,0.020800000056624413,0.1234000027179718,0.8241999745368958
SF3A1|Q15459,Nucleus,Nuclear localization signal,Soluble,0.2513999938964844,0.9194999933242798,0.1071000024676323,0.0575999990105629,0.040699999779462814,0.0006000000284984708,0.1111999973654747,0.0406000018119812,0.028300000354647636,0.0003000000142492354,0.5105000138282776,0.017000000923871994,0.4648999869823456,0.8460999727249146
SF3A2|Q15428,Nucleus,Nuclear localization signal|Nuclear export signal,Soluble,0.4542999863624573,0.767799973487854,0.09669999778270721,0.021299999207258224,0.09910000115633011,0.0007999999797903001,0.19089999794960022,0.093299999833107,0.3109000027179718,0.000699999975040555,0.5911999940872192,0.050999999046325684,0.10339999943971634,0.7437999844551086
SF3A3|Q12874,Cytoplasm|Nucleus,Nuclear localization signal|Nuclear export signal,Soluble,0.6085000038146973,0.6326000094413757,0.021199999377131462,0.066600002348423,0.10869999974966049,0.002199999988079071,0.2809000015258789,0.08910000324249268,0.10909999907016754,0.005400000140070915,0.42399999499320984,0.023099999874830246,0.08460000157356262,0.8476999998092651
SF3B1|O75533,Cytoplasm,Nuclear localization signal,Peripheral|Soluble,0.6043999791145325,0.4641000032424927,0.019500000402331352,0.2354000061750412,0.11240000277757645,0.006399999838322401,0.06199999898672104,0.17059999704360962,0.1906999945640564,0.002099999925121665,0.7278000116348267,0.051100000739097595,0.17000000178813934,0.690500020980835
SF3B2|Q13435,Nucleus,Nuclear localization signal,Soluble,0.32600000500679016,0.9083999991416931,0.024700000882148743,0.08900000154972076,0.02370000071823597,0.0005000000237487257,0.12399999797344208,0.039500001817941666,0.02969999983906746,0.0013000000035390258,0.40799999237060547,0.02930000051856041,0.2143000066280365,0.8474000096321106
SF3B3|Q15393,Cytoplasm|Nucleus,Nuclear export signal,Peripheral|Soluble,0.5486000180244446,0.5415999889373779,0.016599999740719795,0.2669999897480011,0.1324000060558319,0.006300000008195639,0.21819999814033508,0.3862999975681305,0.41839998960494995,0.002199999988079071,0.7398999929428101,0.08299999684095383,0.1745000034570694,0.5587999820709229
SF3B4|Q15427,Nucleus,Nuclear localization signal,Soluble,0.45419999957084656,0.7953000068664551,0.004699999932199717,0.11959999799728394,0.05260000005364418,0.0032999999821186066,0.1363999992609024,0.03189999982714653,0.0272000003606081,9.999999747378752e-05,0.6159999966621399,0.027799999341368675,0.13689999282360077,0.7939000129699707
SF3B5|Q9BWJ5,Cytoplasm,,Soluble,0.6869999766349792,0.5051000118255615,0.10890000313520432,0.12160000205039978,0.2822999954223633,0.008200000040233135,0.16130000352859497,0.16249999403953552,0.16300000250339508,0.0038999998942017555,0.447299987077713,0.09160000085830688,0.04919999837875366,0.7774999737739563
SF3B6|Q9Y3B4,Cytoplasm|Nucleus,Nuclear localization signal,Soluble,0.49410000443458557,0.5787000060081482,0.015699999406933784,0.01769999973475933,0.07590000331401825,0.017899999395012856,0.09860000014305115,0.008200000040233135,0.028300000354647636,0.0005000000237487257,0.5907999873161316,0.024299999698996544,0.08089999854564667,0.7746999859809875
SFMBT1|Q9UHJ3,Nucleus,Nuclear localization signal,Soluble,0.19979999959468842,0.8889999985694885,0.0414000004529953,0.02810000069439411,0.05130000039935112,0.002300000051036477,0.031700000166893005,0.02250000089406967,0.03350000083446503,0.0006000000284984708,0.5121999979019165,0.0697999969124794,0.34450000524520874,0.7674999833106995
SFMBT2|Q5VUG0,Nucleus,Nuclear localization signal,Soluble,0.18619999289512634,0.9491999745368958,0.014700000174343586,0.02669999934732914,0.06939999759197235,0.003000000026077032,0.05480000004172325,0.014100000262260437,0.07180000096559525,0.0010000000474974513,0.5224999785423279,0.0738999992609024,0.328000009059906,0.7652000188827515
SFPQ|P23246,Cytoplasm|Nucleus,Nuclear localization signal,Soluble,0.4779999852180481,0.9114000201225281,0.05180000141263008,0.04259999841451645,0.048500001430511475,0.0007999999797903001,0.0737999975681305,0.021700000390410423,0.009999999776482582,9.999999747378752e-05,0.44589999318122864,0.03849999979138374,0.05480000004172325,0.8586999773979187
SFSWAP|Q12872,Nucleus,Nuclear localization signal,Soluble,0.359499990940094,0.9273999929428101,0.03310000151395798,0.06310000270605087,0.0340999998152256,0.001500000013038516,0.09759999811649323,0.02810000069439411,0.040800001472234726,0.0003000000142492354,0.6146000027656555,0.04659999907016754,0.15080000460147858,0.8140000104904175
SGMS1|Q86VZ5,Cell membrane|Endoplasmic reticulum|Golgi apparatus,Signal peptide|Transmembrane domain,Transmembrane,0.061000000685453415,0.09070000052452087,0.01209999993443489,0.5356000065803528,0.03579999879002571,0.00279999990016222,0.8184000253677368,0.40689998865127563,0.7317000031471252,0.05689999833703041,0.08309999853372574,0.9904999732971191,0.023099999874830246,0.11919999867677689
SHANK1|Q9Y566,Cytoplasm,Nuclear localization signal,Peripheral|Soluble,0.7369999885559082,0.4156999886035919,0.059300001710653305,0.27799999713897705,0.07919999957084656,0.001500000013038516,0.2721000015735626,0.24420000612735748,0.22630000114440918,0.001500000013038516,0.7402999997138977,0.047600001096725464,0.2298000007867813,0.734499990940094
SHANK2|Q9UPX8,Cytoplasm,Nuclear localization signal,Peripheral|Soluble,0.7439000010490417,0.3488999903202057,0.05469999834895134,0.41519999504089355,0.066600002348423,0.0015999999595806003,0.21690000593662262,0.24629999697208405,0.1931000053882599,0.0017000000225380063,0.6933000087738037,0.040300000458955765,0.24719999730587006,0.7689999938011169
SHANK3|Q9BYB0,Cytoplasm,Nuclear localization signal,Peripheral|Soluble,0.7390999794006348,0.36059999465942383,0.0851999968290329,0.39719998836517334,0.11389999836683273,0.0006000000284984708,0.21480000019073486,0.19339999556541443,0.22419999539852142,0.003700000001117587,0.7325999736785889,0.05460000038146973,0.26030001044273376,0.7429999709129333
SHFL|Q9NUL5,Cytoplasm|Nucleus,Nuclear localization signal|Nuclear export signal,Soluble,0.5527999997138977,0.6972000002861023,0.023900000378489494,0.08060000091791153,0.2761000096797943,0.007400000002235174,0.07649999856948853,0.14730000495910645,0.0851999968290329,0.046300001442432404,0.39570000767707825,0.057500001043081284,0.0731000006198883,0.8666999936103821
SHMT2|P34897,Mitochondrion,Mitochondrial transit peptide,Peripheral|Soluble,0.26100000739097595,0.14959999918937683,0.0820000022649765,0.14499999582767487,0.9501000046730042,0.04439999908208847,0.0421999990940094,0.06270000338554382,0.08510000258684158,0.06700000166893005,0.6549000144004822,0.11630000174045563,0.11640000343322754,0.6139000058174133
SHPRH|Q149N8,Nucleus,Nuclear localization signal,Soluble,0.36739999055862427,0.8557000160217285,0.052299998700618744,0.07779999822378159,0.059700001031160355,0.026900000870227814,0.05700000002980232,0.093299999833107,0.06159999966621399,0.00279999990016222,0.44029998779296875,0.06109999865293503,0.11429999768733978,0.8087000250816345
SHQ1|Q6PI26,Cytoplasm|Nucleus,Nuclear export signal,Soluble,0.7366999983787537,0.8080000281333923,0.00860000029206276,0.050200000405311584,0.01850000023841858,0.0010999999940395355,0.15970000624656677,0.1835000067949295,0.10109999775886536,0.003800000064074993,0.3440999984741211,0.17329999804496765,0.09679999947547913,0.7817000150680542
SKIC2|Q15477,Cytoplasm,,Soluble,0.4690000116825104,0.3864000141620636,0.06289999932050705,0.2694000005722046,0.3287000060081482,0.0071000000461936,0.11079999804496765,0.04039999842643738,0.026599999517202377,0.004600000102072954,0.37290000915527344,0.12759999930858612,0.1500999927520752,0.794700026512146
SKIC3|Q6PGP7,Cytoplasm|Nucleus,Nuclear localization signal,Soluble,0.7303000092506409,0.5882999897003174,0.052799999713897705,0.2694000005722046,0.1843000054359436,0.01510000042617321,0.47200000286102295,0.17329999804496765,0.21690000593662262,0.004600000102072954,0.5575000047683716,0.04740000143647194,0.12460000067949295,0.8134999871253967
SKIC8|Q9GZS3,Cytoplasm|Nucleus,Nuclear localization signal,Soluble,0.6736000180244446,0.6502000093460083,0.0284000001847744,0.10040000081062317,0.053599998354911804,0.002400000113993883,0.09669999778270721,0.05220000073313713,0.048900000751018524,0.09009999781847,0.4115999937057495,0.034299999475479126,0.06260000169277191,0.8206999897956848
SLBP|Q14493,Nucleus,Nuclear localization signal,Soluble,0.4036000072956085,0.8118000030517578,0.01600000075995922,0.07289999723434448,0.35030001401901245,0.0008999999845400453,0.08449999988079071,0.04270000010728836,0.04399999976158142,0.010599999688565731,0.4106000065803528,0.10029999911785126,0.093299999833107,0.8040000200271606
SLC25A11|Q02978,Mitochondrion,Transmembrane domain,Transmembrane,0.13689999282360077,0.1200999990105629,0.009399999864399433,0.271699994802475,0.7817000150680542,0.058400001376867294,0.31779998540878296,0.15080000460147858,0.10040000081062317,0.04089999943971634,0.23729999363422394,0.9483000040054321,0.01889999955892563,0.17759999632835388
SLC25A3|Q00325,Mitochondrion,Mitochondrial transit peptide,Transmembrane,0.15320000052452087,0.08269999921321869,0.028200000524520874,0.1096000000834465,0.7378000020980835,0.21220000088214874,0.4325999915599823,0.12430000305175781,0.11640000343322754,0.1688999980688095,0.19329999387264252,0.963699996471405,0.033799998462200165,0.15919999778270721
SLC25A5|P05141,Mitochondrion,Transmembrane domain,Transmembrane,0.11330000311136246,0.04690000042319298,0.0754999965429306,0.3197999894618988,0.9104999899864197,0.1462000012397766,0.23090000450611115,0.17030000686645508,0.18019999563694,0.24050000309944153,0.2939999997615814,0.9287999868392944,0.06069999933242798,0.1517000049352646
SLC3A2|P08195,Cell membrane,Signal peptide|Transmembrane domain,Transmembrane,0.18320000171661377,0.10639999806880951,0.05700000002980232,0.515999972820282,0.06300000101327896,0.00139999995008111,0.5382000207901001,0.5113999843597412,0.40619999170303345,0.012600000016391277,0.1386999934911728,0.9650999903678894,0.15960000455379486,0.21490000188350677
SLC4A1AP|Q9BWU0,Cytoplasm|Nucleus,Nuclear localization signal|Nuclear export signal,Soluble,0.7023000121116638,0.7573999762535095,0.023099999874830246,0.0333000011742115,0.06849999725818634,0.0034000000450760126,0.24449999630451202,0.0357000008225441,0.07739999890327454,0.003700000001117587,0.5095999836921692,0.04659999907016754,0.2085999995470047,0.8025000095367432
SLIRP|Q9GZT3,Mitochondrion,Mitochondrial transit peptide,Peripheral|Soluble,0.15309999883174896,0.12839999794960022,0.029600000008940697,0.06679999828338623,0.9258000254631042,0.11580000072717667,0.02250000089406967,0.02239999920129776,0.03180000185966492,0.008899999782443047,0.7946000099182129,0.08980000019073486,0.06469999998807907,0.5336999893188477
SLTM|Q9NWH9,Nucleus,Nuclear localization signal,Soluble,0.30799999833106995,0.9394999742507935,0.023900000378489494,0.06400000303983688,0.027799999341368675,0.001500000013038516,0.030300000682473183,0.019600000232458115,0.010599999688565731,0.00039999998989515007,0.4875999987125397,0.021400000900030136,0.24140000343322754,0.8808000087738037
SLU7|O95391,Nucleus,Nuclear localization signal,Soluble,0.2500999867916107,0.9182999730110168,0.04360000044107437,0.1509999930858612,0.009800000116229057,0.002899999963119626,0.08619999885559082,0.08799999952316284,0.05660000070929527,0.0007999999797903001,0.37560001015663147,0.028999999165534973,0.12639999389648438,0.8644999861717224
SLX9|Q9NSI2,Cytoplasm|Nucleus,Nuclear localization signal,Soluble,0.5271000266075134,0.6793000102043152,0.0502999983727932,0.05469999834895134,0.2273000031709671,0.0010000000474974513,0.07509999722242355,0.03790000081062317,0.037700001150369644,0.013399999588727951,0.3702000081539154,0.07850000262260437,0.1607999950647354,0.8352000117301941
SMARCA1|P28370,Nucleus,Nuclear localization signal,Soluble,0.33739998936653137,0.7718999981880188,0.005100000184029341,0.07620000094175339,0.07029999792575836,0.00279999990016222,0.08940000087022781,0.026100000366568565,0.05609999969601631,0.002300000051036477,0.5342000126838684,0.046300001442432404,0.11299999803304672,0.7824000120162964
SMARCA2|P51531,Nucleus,Nuclear localization signal,Soluble,0.16030000150203705,0.9495000243186951,0.015200000256299973,0.08709999918937683,0.013799999840557575,0.007000000216066837,0.08569999784231186,0.12600000202655792,0.034699998795986176,0.002099999925121665,0.5726000070571899,0.03709999844431877,0.2904999852180481,0.8133999705314636
SMARCA4|P51532,Nucleus,Nuclear localization signal,Soluble,0.1582999974489212,0.9563999772071838,0.022199999541044235,0.1395999938249588,0.02419999986886978,0.007000000216066837,0.04360000044107437,0.0851999968290329,0.027799999341368675,0.0032999999821186066,0.5491999983787537,0.040699999779462814,0.27970001101493835,0.8154000043869019
SMARCA5|O60264,Nucleus,Nuclear localization signal,Soluble,0.24480000138282776,0.8902999758720398,0.017400000244379044,0.057500001043081284,0.07509999722242355,0.007899999618530273,0.07970000058412552,0.010499999858438969,0.02370000071823597,0.003100000089034438,0.5370000004768372,0.053700000047683716,0.10899999737739563,0.7598000168800354
SMARCAD1|Q9H4L7,Nucleus,Nuclear localization signal,Soluble,0.322299987077713,0.9315999746322632,0.009700000286102295,0.01759999990463257,0.08449999988079071,0.0026000000070780516,0.05400000140070915,0.02449999935925007,0.024800000712275505,0.002199999988079071,0.5264999866485596,0.04699999839067459,0.1225999966263771,0.777400016784668
SMARCAL1|Q9NZC9,Nucleus,Nuclear localization signal,Soluble,0.36719998717308044,0.9065999984741211,0.027000000700354576,0.05609999969601631,0.1242000013589859,0.0026000000070780516,0.07259999960660934,0.10429999977350235,0.022099999710917473,0.003599999938160181,0.3605000078678131,0.05649999901652336,0.1867000013589859,0.8651999831199646
SMARCC1|Q92922,Nucleus,Nuclear localization signal,Soluble,0.34790000319480896,0.9532999992370605,0.01769999973475933,0.07699999958276749,0.03579999879002571,0.0017999999690800905,0.0729999989271164,0.010900000110268593,0.015399999916553497,0.0010000000474974513,0.6090999841690063,0.051500000059604645,0.13609999418258667,0.7688999772071838
SMC1A|Q14683,Nucleus,Nuclear localization signal,Peripheral|Soluble,0.36059999465942383,0.8034999966621399,0.03400000184774399,0.3050999939441681,0.14329999685287476,0.00139999995008111,0.24160000681877136,0.11320000141859055,0.0560000017285347,0.0017999999690800905,0.6373000144958496,0.026799999177455902,0.3312000036239624,0.7950999736785889
SMC2|O95347,Nucleus,Nuclear localization signal,Soluble,0.3837999999523163,0.819599986076355,0.04740000143647194,0.26829999685287476,0.18960000574588776,0.002099999925121665,0.2736999988555908,0.10329999774694443,0.05920000001788139,0.0044999998062849045,0.5577999949455261,0.026499999687075615,0.32510000467300415,0.8012999892234802
SMC4|Q9NTJ3,Cytoplasm|Nucleus,Nuclear localization signal,Soluble,0.48249998688697815,0.7723000049591064,0.03869999945163727,0.22200000286102295,0.08219999819993973,0.001500000013038516,0.16580000519752502,0.12309999763965607,0.11980000138282776,0.000699999975040555,0.48750001192092896,0.0272000003606081,0.25589999556541443,0.8144000172615051
SMCHD1|A6NHR9,Nucleus,Nuclear localization signal,Soluble,0.36399999260902405,0.739799976348877,0.05480000004172325,0.1168999969959259,0.1412000060081482,0.022199999541044235,0.093299999833107,0.06909999996423721,0.03530000150203705,0.006099999882280827,0.5551000237464905,0.09019999951124191,0.08630000054836273,0.7674999833106995
SMG1|Q96Q15,Cytoplasm|Nucleus,Nuclear localization signal,Soluble,0.5338000059127808,0.7511000037193298,0.035100001841783524,0.04100000113248825,0.13230000436306,0.007199999876320362,0.08240000158548355,0.10429999977350235,0.15549999475479126,0.003700000001117587,0.5580000281333923,0.055399999022483826,0.07859999686479568,0.788100004196167
SMG5|Q9UPR3,Cytoplasm|Nucleus,Nuclear localization signal,Peripheral|Soluble,0.49779999256134033,0.612500011920929,0.015799999237060547,0.09489999711513519,0.17970000207424164,0.0007999999797903001,0.23340000212192535,0.06620000302791595,0.09210000187158585,0.026599999517202377,0.6219000220298767,0.28029999136924744,0.19769999384880066,0.6129999756813049
SMG6|Q86US8,Nucleus,Nuclear localization signal,Peripheral|Soluble,0.44510000944137573,0.7408000230789185,0.0828000009059906,0.094200000166893,0.07590000331401825,0.004699999932199717,0.07410000264644623,0.02539999969303608,0.08250000327825546,0.0012000000569969416,0.6347000002861023,0.11110000312328339,0.11309999972581863,0.7368999719619751
SMG7|Q92540,Cytoplasm|Nucleus,Nuclear export signal,Soluble,0.48089998960494995,0.6798999905586243,0.023099999874830246,0.10840000212192535,0.04259999841451645,0.0006000000284984708,0.06769999861717224,0.20600000023841858,0.14390000700950623,0.035100001841783524,0.52920001745224,0.14409999549388885,0.13910000026226044,0.7542999982833862
SMG8|Q8ND04,Cytoplasm|Nucleus,Nuclear localization signal|Nuclear export signal,Soluble,0.5648999810218811,0.6552000045776367,0.045099999755620956,0.18639999628067017,0.12110000103712082,0.004699999932199717,0.2556000053882599,0.33340001106262207,0.29840001463890076,0.005100000184029341,0.5978999733924866,0.1340000033378601,0.08950000256299973,0.6969000101089478
SMN1|Q16637,Cytoplasm|Nucleus,Nuclear localization signal|Nuclear export signal,Soluble,0.6832000017166138,0.7738999724388123,0.04470000043511391,0.06880000233650208,0.14640000462532043,0.0038999998942017555,0.19499999284744263,0.16920000314712524,0.1225999966263771,0.0020000000949949026,0.4392000138759613,0.08969999849796295,0.14090000092983246,0.7700999975204468
SMNDC1|O75940,Cytoplasm|Nucleus,Nuclear localization signal|Nuclear export signal,Soluble,0.5557000041007996,0.6305000185966492,0.009600000455975533,0.047600001096725464,0.0478999987244606,0.009200000204145908,0.1103999987244606,0.07249999791383743,0.07540000230073929,0.00039999998989515007,0.460999995470047,0.01080000028014183,0.25450000166893005,0.883400022983551
SMU1|Q2TAY7,Cytoplasm|Nucleus,Nuclear localization signal,Soluble,0.545199990272522,0.5414000153541565,0.07259999960660934,0.2321999967098236,0.08749999850988388,0.002199999988079071,0.07180000096559525,0.22020000219345093,0.2046000063419342,0.006000000052154064,0.6197999715805054,0.04809999838471413,0.11209999769926071,0.7279999852180481
SND1|Q7KZF4,Cytoplasm|Nucleus,Nuclear localization signal,Soluble,0.8026000261306763,0.6565999984741211,0.027300000190734863,0.023600000888109207,0.11580000072717667,0.0026000000070780516,0.30239999294281006,0.06030000001192093,0.07620000094175339,0.0032999999821186066,0.4302999973297119,0.016599999740719795,0.09619999676942825,0.8765000104904175
SNIP1|Q8TAD8,Nucleus,Nuclear localization signal,Soluble,0.18799999356269836,0.9807999730110168,0.02449999935925007,0.041200000792741776,0.023099999874830246,0.002300000051036477,0.01140000019222498,0.007300000172108412,0.003599999938160181,0.0020000000949949026,0.33719998598098755,0.03790000081062317,0.09560000151395798,0.8392999768257141
SNRNP200|O75643,Nucleus,Nuclear localization signal,Soluble,0.28110000491142273,0.7573999762535095,0.11140000075101852,0.07959999889135361,0.06870000064373016,0.004399999976158142,0.1598999947309494,0.005799999926239252,0.026900000870227814,0.0026000000070780516,0.39430001378059387,0.1460999995470047,0.133200004696846,0.732200026512146
SNRNP27|Q8WVK2,Nucleus,Nuclear localization signal,Soluble,0.1624000072479248,0.9351999759674072,0.03220000118017197,0.0568000003695488,0.13510000705718994,0.0026000000070780516,0.050700001418590546,0.006599999964237213,0.00570000009611249,0.0005000000237487257,0.274399995803833,0.023000000044703484,0.06750000268220901,0.8830000162124634
SNRNP35|Q16560,Nucleus,Nuclear localization signal,Soluble,0.2587999999523163,0.9072999954223633,0.010900000110268593,0.05400000140070915,0.07930000126361847,0.021900000050663948,0.06430000066757202,0.01510000042617321,0.0044999998062849045,0.0005000000237487257,0.31929999589920044,0.061799999326467514,0.10369999706745148,0.8118000030517578
SNRNP40|Q96DI7,Nucleus,Nuclear localization signal,Soluble,0.2508000135421753,0.9034000039100647,0.009800000116229057,0.06080000102519989,0.036400001496076584,0.0005000000237487257,0.04050000011920929,0.015300000086426735,0.014399999752640724,0.0019000000320374966,0.4860999882221222,0.05090000107884407,0.07599999755620956,0.7788000106811523
SNRNP48|Q6IEG0,Nucleus,Nuclear localization signal,Soluble,0.17749999463558197,0.9575999975204468,0.06390000134706497,0.03830000013113022,0.03519999980926514,0.0015999999595806003,0.07720000296831131,0.0071000000461936,0.00930000003427267,0.004000000189989805,0.3873000144958496,0.05590000003576279,0.06840000301599503,0.847000002861023
SNRNP70|P08621,Nucleus,Nuclear localization signal,Soluble,0.3310999870300293,0.9090999960899353,0.019899999722838402,0.09049999713897705,0.05429999902844429,0.0038999998942017555,0.06920000165700912,0.017500000074505806,0.01119999960064888,0.00019999999494757503,0.4203000068664551,0.04610000178217888,0.22179999947547913,0.7476999759674072
SNRPA|P09012,Cytoplasm|Nucleus,Nuclear localization signal,Soluble,0.511900007724762,0.897599995136261,0.019700000062584877,0.03840000182390213,0.0203000009059906,0.00139999995008111,0.10859999805688858,0.01140000019222498,0.013500000350177288,9.999999747378752e-05,0.5157999992370605,0.019700000062584877,0.08190000057220459,0.8282999992370605
SNRPA1|P09661,Cytoplasm|Nucleus,Nuclear localization signal|Nuclear export signal,Soluble,0.6549000144004822,0.6317999958992004,0.019899999722838402,0.20020000636577606,0.07829999923706055,0.00570000009611249,0.18559999763965607,0.10670000314712524,0.06989999860525131,0.005799999926239252,0.49149999022483826,0.026799999177455902,0.12860000133514404,0.828000009059906
SNRPB|P14678,Cytoplasm|Nucleus,Nuclear localization signal,Peripheral|Soluble,0.5830000042915344,0.7706999778747559,0.01730000041425228,0.08940000087022781,0.19349999725818634,0.00139999995008111,0.06549999862909317,0.03280000016093254,0.015599999576807022,9.999999747378752e-05,0.6366000175476074,0.025299999862909317,0.1298000067472458,0.7702000141143799
SNRPB2|P08579,Cytoplasm|Nucleus,Nuclear localization signal,Soluble,0.6622999906539917,0.7123000025749207,0.05040000006556511,0.06549999862909317,0.04190000146627426,0.010300000198185444,0.15330000221729279,0.015699999406933784,0.05119999870657921,0.0003000000142492354,0.4952999949455261,0.01899999938905239,0.09880000352859497,0.835099995136261
SNRPC|P09234,Nucleus,Nuclear localization signal,Soluble,0.4043999910354614,0.8945000171661377,0.012299999594688416,0.04610000178217888,0.05730000138282776,0.0044999998062849045,0.0551999993622303,0.02239999920129776,0.03669999912381172,0.00019999999494757503,0.390500009059906,0.01860000006854534,0.24570000171661377,0.8507000207901001
SNRPD1|P62314,Cytoplasm|Nucleus,Nuclear localization signal,Soluble,0.5026000142097473,0.6297000050544739,0.3321000039577484,0.048900000751018524,0.2085999995470047,0.002300000051036477,0.044599998742341995,0.03819999843835831,0.048900000751018524,0.00279999990016222,0.4618000090122223,0.03440000116825104,0.2554999887943268,0.7498999834060669
SNRPD2|P62316,Cytoplasm|Nucleus,Nuclear localization signal,Soluble,0.5892000198364258,0.5432000160217285,0.010499999858438969,0.07559999823570251,0.1720999926328659,0.0026000000070780516,0.14630000293254852,0.17309999465942383,0.09239999949932098,0.016100000590085983,0.3711000084877014,0.05270000174641609,0.11670000106096268,0.7613999843597412
SNRPD3|P62318,Cytoplasm|Nucleus,Nuclear localization signal,Soluble,0.5893999934196472,0.7253999710083008,0.37209999561309814,0.025599999353289604,0.13459999859333038,0.001500000013038516,0.034699998795986176,0.027899999171495438,0.02500000037252903,0.006099999882280827,0.41749998927116394,0.041999999433755875,0.290800005197525,0.7206000089645386
SNRPE|P62304,Cytoplasm|Nucleus,Nuclear export signal,Soluble,0.6503000259399414,0.6509000062942505,0.012199999764561653,0.14579999446868896,0.16670000553131104,0.0010999999940395355,0.07500000298023224,0.15520000457763672,0.08240000158548355,0.0066999997943639755,0.5238999724388123,0.055799998342990875,0.1598999947309494,0.7513999938964844
SNRPF|P62306,Cytoplasm|Nucleus,Nuclear localization signal,Soluble,0.6291999816894531,0.9182999730110168,0.04749999940395355,0.0625,0.1647000014781952,0.002300000051036477,0.16099999845027924,0.032600000500679016,0.02590000070631504,0.03180000185966492,0.33480000495910645,0.020800000056624413,0.21690000593662262,0.8361999988555908
SNRPG|P62308,Cytoplasm|Nucleus,Nuclear export signal,Soluble,0.6047999858856201,0.7286999821662903,0.0430000014603138,0.11259999871253967,0.17649999260902405,0.000699999975040555,0.07919999957084656,0.18410000205039978,0.08959999680519104,0.014499999582767487,0.5392000079154968,0.03889999911189079,0.4104999899864197,0.7343000173568726
SNRPGP15|A8MWD9,Cytoplasm|Nucleus,Nuclear localization signal|Nuclear export signal,Soluble,0.583299994468689,0.6951000094413757,0.05490000173449516,0.11299999803304672,0.18209999799728394,0.0008999999845400453,0.07670000195503235,0.14219999313354492,0.07800000160932541,0.0052999998442828655,0.4668999910354614,0.02850000001490116,0.31439998745918274,0.7803999781608582
SNRPN|P63162,Cytoplasm|Nucleus,Nuclear localization signal,Peripheral|Soluble,0.5741999745368958,0.7328000068664551,0.017899999395012856,0.09160000085830688,0.1573999971151352,0.0013000000035390258,0.07609999924898148,0.0364999994635582,0.014600000344216824,0.0003000000142492354,0.6474999785423279,0.02459999918937683,0.13030000030994415,0.7699999809265137
SNU13|P55769,Cytoplasm,Nuclear export signal,Soluble,0.5694000124931335,0.31790000200271606,0.005400000140070915,0.07940000295639038,0.08089999854564667,0.003000000026077032,0.13109999895095825,0.17509999871253967,0.05350000038743019,0.004600000102072954,0.5231000185012817,0.041200000792741776,0.39800000190734863,0.7935000061988831
SNUPN|O95149,Cytoplasm|Nucleus,Nuclear localization signal|Nuclear export signal,Soluble,0.6322000026702881,0.7815999984741211,0.034299999475479126,0.02199999988079071,0.15289999544620514,0.0027000000700354576,0.05009999871253967,0.06520000100135803,0.05689999833703041,0.0017999999690800905,0.4284999966621399,0.045899998396635056,0.11050000041723251,0.8432000279426575
SNW1|Q13573,Nucleus,Nuclear localization signal,Soluble,0.24529999494552612,0.9243999719619751,0.06629999727010727,0.033900000154972076,0.0575999990105629,0.0015999999595806003,0.021700000390410423,0.03500000014901161,0.004399999976158142,0.0017999999690800905,0.39010000228881836,0.04019999876618385,0.10980000346899033,0.8238000273704529
SON|P18583,Nucleus,Nuclear localization signal,Soluble,0.17419999837875366,0.9409999847412109,0.040300000458955765,0.055399999022483826,0.02810000069439411,0.008200000040233135,0.03550000116229057,0.02070000022649765,0.008500000461935997,0.0012000000569969416,0.3614000082015991,0.07400000095367432,0.14880000054836273,0.8167999982833862
SPATS2|Q86XZ4,Cytoplasm,Nuclear localization signal,Soluble,0.760699987411499,0.45590001344680786,0.0568000003695488,0.12229999899864197,0.06599999964237213,0.0006000000284984708,0.18119999766349792,0.1581999957561493,0.21449999511241913,0.0034000000450760126,0.5778999924659729,0.02800000086426735,0.2669999897480011,0.8427000045776367
SPATS2L|Q9NUQ6,Cytoplasm|Nucleus,Nuclear localization signal,Soluble,0.7372999787330627,0.5842999815940857,0.09709999710321426,0.12630000710487366,0.05900000035762787,0.00039999998989515007,0.1881999969482422,0.0617000013589859,0.11670000106096268,0.005499999970197678,0.4625999927520752,0.08229999989271164,0.27810001373291016,0.8274999856948853
SPEN|Q96T58,Cytoplasm|Nucleus,Nuclear localization signal,Soluble,0.5273000001907349,0.7989000082015991,0.08370000123977661,0.051600001752376556,0.04749999940395355,0.002099999925121665,0.1046999990940094,0.03139999881386757,0.03590000048279762,0.00039999998989515007,0.5799000263214111,0.07199999690055847,0.10040000081062317,0.7792999744415283
SPOUT1|Q5T280,Nucleus,Nuclear localization signal,Soluble,0.3734000027179718,0.7813000082969666,0.04349999874830246,0.10289999842643738,0.22300000488758087,0.0005000000237487257,0.07150000333786011,0.07029999792575836,0.05590000003576279,0.0012000000569969416,0.43309998512268066,0.06560000032186508,0.28110000491142273,0.8163999915122986
SPTAN1|Q13813,Cytoplasm,Nuclear localization signal|Nuclear export signal,Peripheral|Soluble,0.7897999882698059,0.3476000130176544,0.14390000700950623,0.3091999888420105,0.04450000077486038,0.008899999782443047,0.11630000174045563,0.349700003862381,0.4219000041484833,0.00419999985024333,0.8105000257492065,0.024299999698996544,0.2680000066757202,0.7477999925613403
SPTBN1|Q01082,Cytoplasm|Cell membrane,Nuclear localization signal,Peripheral|Soluble,0.7440999746322632,0.30809998512268066,0.10740000009536743,0.5480999946594238,0.12939999997615814,0.010499999858438969,0.20630000531673431,0.3594000041484833,0.4172999858856201,0.03480000048875809,0.8169999718666077,0.0272000003606081,0.3158000111579895,0.6804999709129333
SPTBN2|O15020,Cytoplasm,Nuclear localization signal|Nuclear export signal,Peripheral|Soluble,0.7900000214576721,0.33799999952316284,0.06809999793767929,0.4634000062942505,0.13539999723434448,0.01080000028014183,0.20479999482631683,0.3644999861717224,0.34700000286102295,0.022299999371170998,0.7964000105857849,0.033399999141693115,0.2257000058889389,0.7019000053405762
SPTBN5|Q9NRC6,Cytoplasm,Nuclear localization signal,Peripheral|Soluble,0.792900025844574,0.27900001406669617,0.12070000171661377,0.3896999955177307,0.19110000133514404,0.0017000000225380063,0.13130000233650208,0.3727000057697296,0.46129998564720154,0.012199999764561653,0.7742000222206116,0.04529999941587448,0.3174999952316284,0.7383000254631042
SRBD1|Q8N5C6,Nucleus,Nuclear localization signal,Soluble,0.2603999972343445,0.9531999826431274,0.03440000116825104,0.019099999219179153,0.13580000400543213,0.011699999682605267,0.042100001126527786,0.015799999237060547,0.08060000091791153,0.0020000000949949026,0.365200012922287,0.06040000170469284,0.2694999873638153,0.8288000226020813
SRCAP|Q6ZRS2,Nucleus,Nuclear localization signal,Soluble,0.20569999516010284,0.9477999806404114,0.03629999980330467,0.06109999865293503,0.0786999985575676,0.01889999955892563,0.03420000150799751,0.023900000378489494,0.03189999982714653,0.004600000102072954,0.3968000113964081,0.051500000059604645,0.27970001101493835,0.8902000188827515
SREK1|Q8WXA9,Nucleus,Nuclear localization signal,Soluble,0.2831999957561493,0.9383999705314636,0.03629999980330467,0.10300000011920929,0.026000000536441803,0.005400000140070915,0.08429999649524689,0.0038999998942017555,0.01730000041425228,0.00019999999494757503,0.35190001130104065,0.031099999323487282,0.1770000010728836,0.8884000182151794
SRFBP1|Q8NEF9,Nucleus,Nuclear localization signal,Soluble,0.26260000467300415,0.77920001745224,0.018300000578165054,0.03959999978542328,0.07609999924898148,0.00139999995008111,0.07980000227689743,0.05590000003576279,0.06750000268220901,0.0007999999797903001,0.31679999828338623,0.03720000013709068,0.41519999504089355,0.8471999764442444
SRP14|P37108,Cytoplasm|Nucleus,Nuclear localization signal,Soluble,0.5956000089645386,0.5835000276565552,0.06340000033378601,0.19169999659061432,0.20190000534057617,0.021199999377131462,0.2020999938249588,0.049800001084804535,0.12210000306367874,0.0012000000569969416,0.40849998593330383,0.026900000870227814,0.10019999742507935,0.8501999974250793
SRP19|P09132,Cytoplasm|Nucleus,Nuclear localization signal,Soluble,0.5540000200271606,0.6797000169754028,0.08349999785423279,0.11230000108480453,0.08529999852180481,0.005200000014156103,0.1632000058889389,0.032600000500679016,0.31779998540878296,0.008899999782443047,0.4230000078678131,0.0333000011742115,0.24009999632835388,0.8493000268936157
SRP54|P61011,Cytoplasm,,Peripheral|Soluble,0.4999000132083893,0.3160000145435333,0.05429999902844429,0.24400000274181366,0.33239999413490295,0.007400000002235174,0.5706999897956848,0.24699999392032623,0.20669999718666077,0.035100001841783524,0.774399995803833,0.03139999881386757,0.476500004529953,0.6265000104904175
SRP68|Q9UHB9,Cytoplasm|Lysosome/Vacuole,Nuclear export signal,Peripheral|Lipid anchor,0.5482000112533569,0.3443000018596649,0.1931000053882599,0.3140999972820282,0.14390000700950623,0.004699999932199717,0.19179999828338623,0.6313999891281128,0.545799970626831,0.025200000032782555,0.8794000148773193,0.0843999981880188,0.7146999835968018,0.37790000438690186
SRP72|O76094,Cytoplasm|Nucleus,Nuclear localization signal,Soluble,0.6207000017166138,0.6007000207901001,0.005400000140070915,0.10570000112056732,0.08969999849796295,0.0020000000949949026,0.4068000018596649,0.05860000103712082,0.2768999934196472,0.0017000000225380063,0.39899998903274536,0.054499998688697815,0.3898000121116638,0.8044999837875366
SRP9|P49458,Nucleus,Nuclear localization signal,Soluble,0.40700000524520874,0.7936000227928162,0.16329999268054962,0.06750000268220901,0.07970000058412552,0.010900000110268593,0.03290000185370445,0.2824999988079071,0.06970000267028809,0.006000000052154064,0.5486999750137329,0.03370000049471855,0.3199000060558319,0.8378999829292297
SRPK1|Q96SB4,Cytoplasm|Nucleus,Nuclear localization signal,Soluble,0.5843999981880188,0.6366999745368958,0.06599999964237213,0.17910000681877136,0.10199999809265137,0.00039999998989515007,0.181099995970726,0.02019999921321869,0.1046999990940094,0.00559999980032444,0.47769999504089355,0.03550000116229057,0.32749998569488525,0.8310999870300293
SRPK2|P78362,Cytoplasm|Nucleus,Nuclear localization signal,Soluble,0.5358999967575073,0.6208000183105469,0.02419999986886978,0.20980000495910645,0.07020000368356705,0.000699999975040555,0.1932000070810318,0.029200000688433647,0.12099999934434891,0.004600000102072954,0.38370001316070557,0.050999999046325684,0.24169999361038208,0.8238000273704529
SRPK3|Q9UPE1,Cytoplasm|Nucleus,Nuclear localization signal,Soluble,0.6187999844551086,0.6071000099182129,0.1404000073671341,0.1379999965429306,0.10480000078678131,0.00019999999494757503,0.20020000636577606,0.02850000001490116,0.14800000190734863,0.01489999983459711,0.45239999890327454,0.058400001376867294,0.2736999988555908,0.8202999830245972
SRPRA|P08240,Cytoplasm,Nuclear localization signal,Peripheral|Soluble,0.6122999787330627,0.35690000653266907,0.010400000028312206,0.11699999868869781,0.09889999777078629,0.031700000166893005,0.2824999988079071,0.27399998903274536,0.4458000063896179,0.009600000455975533,0.7440000176429749,0.0421999990940094,0.14219999313354492,0.6629999876022339
SRPRB|Q9Y5M8,Endoplasmic reticulum,Signal peptide,Transmembrane,0.21809999644756317,0.11190000176429749,0.1720000058412552,0.07039999961853027,0.11890000104904175,0.01810000091791153,0.7846999764442444,0.28040000796318054,0.48410001397132874,0.035599999129772186,0.516700029373169,0.9103999733924866,0.11969999969005585,0.1307000070810318
SRRM1|Q8IYB3,Nucleus,Nuclear localization signal,Soluble,0.18240000307559967,0.9243999719619751,0.03709999844431877,0.10719999670982361,0.03519999980926514,0.002099999925121665,0.026100000366568565,0.009999999776482582,0.007000000216066837,0.00019999999494757503,0.5547999739646912,0.014700000174343586,0.29660001397132874,0.843999981880188
SRRM2|Q9UQ35,Nucleus,Nuclear localization signal,Soluble,0.20309999585151672,0.9416000247001648,0.05310000106692314,0.10080000013113022,0.01850000023841858,0.0008999999845400453,0.0625,0.031099999323487282,0.01489999983459711,0.0005000000237487257,0.3781999945640564,0.046300001442432404,0.21359999477863312,0.8366000056266785
SRRM3|A6NNA2,Nucleus,Nuclear localization signal,Soluble,0.25440001487731934,0.8964999914169312,0.06289999932050705,0.2071000039577484,0.030799999833106995,9.999999747378752e-05,0.12470000237226486,0.04729999974370003,0.06689999997615814,0.0008999999845400453,0.4650999903678894,0.08869999647140503,0.25040000677108765,0.8446000218391418
SRRM4|A7MD48,Nucleus,Nuclear localization signal,Soluble,0.17579999566078186,0.913100004196167,0.03519999980926514,0.10790000110864639,0.032600000500679016,0.00039999998989515007,0.07769999653100967,0.01590000092983246,0.025100000202655792,0.0008999999845400453,0.18690000474452972,0.1956000030040741,0.14380000531673431,0.8755000233650208
SRRT|Q9BXP5,Nucleus,Nuclear localization signal,Soluble,0.35179999470710754,0.9503999948501587,0.024700000882148743,0.026000000536441803,0.03060000017285347,0.0006000000284984708,0.04769999906420708,0.048500001430511475,0.013899999670684338,0.0005000000237487257,0.37549999356269836,0.036400001496076584,0.10480000078678131,0.8574000000953674
SRSF1|Q07955,Cytoplasm|Nucleus,Nuclear localization signal,Soluble,0.5005000233650208,0.8805000185966492,0.1589999943971634,0.20520000159740448,0.10649999976158142,0.007400000002235174,0.1347000002861023,0.027899999171495438,0.0052999998442828655,0.0012000000569969416,0.37049999833106995,0.030300000682473183,0.04690000042319298,0.8526999950408936
SRSF10|O75494,Nucleus,Nuclear localization signal,Soluble,0.3111000061035156,0.9387000203132629,0.0272000003606081,0.051500000059604645,0.12039999663829803,0.011800000444054604,0.12960000336170197,0.011599999852478504,0.0044999998062849045,0.0015999999595806003,0.35499998927116394,0.04349999874830246,0.0738999992609024,0.8510000109672546
SRSF11|Q05519,Nucleus,Nuclear localization signal,Soluble,0.2304999977350235,0.9469000101089478,0.07050000131130219,0.1120000034570694,0.014499999582767487,0.00419999985024333,0.07670000195503235,0.008500000461935997,0.024700000882148743,0.0,0.3422999978065491,0.04270000010728836,0.2353000044822693,0.8716999888420105
SRSF12|Q8WXF0,Nucleus,Nuclear localization signal,Soluble,0.29829999804496765,0.9021999835968018,0.015200000256299973,0.04989999905228615,0.05979999899864197,0.007199999876320362,0.0989999994635582,0.009499999694526196,0.005900000222027302,0.002400000113993883,0.3068999946117401,0.05000000074505806,0.09619999676942825,0.8633000254631042
SRSF2|Q01130,Nucleus,Nuclear localization signal,Soluble,0.27160000801086426,0.8446000218391418,0.062300000339746475,0.08879999816417694,0.08269999921321869,0.021900000050663948,0.12139999866485596,0.011599999852478504,0.0044999998062849045,0.00039999998989515007,0.23420000076293945,0.055799998342990875,0.05689999833703041,0.8388000130653381
SRSF3|P84103,Nucleus,Nuclear localization signal,Soluble,0.39079999923706055,0.8899000287055969,0.03229999914765358,0.10040000081062317,0.10750000178813934,0.018300000578165054,0.04960000142455101,0.01119999960064888,0.002400000113993883,0.0005000000237487257,0.3070000112056732,0.05380000174045563,0.02370000071823597,0.8047999739646912
SRSF4|Q08170,Nucleus,Nuclear localization signal,Soluble,0.2370000034570694,0.8671000003814697,0.14550000429153442,0.13120000064373016,0.09520000219345093,0.003800000064074993,0.10499999672174454,0.0044999998062849045,0.014000000432133675,0.0017999999690800905,0.3118000030517578,0.029600000008940697,0.1808999925851822,0.866599977016449
SRSF5|Q13243,Nucleus,Nuclear localization signal,Soluble,0.42250001430511475,0.7925999760627747,0.0502999983727932,0.12549999356269836,0.13449999690055847,0.015799999237060547,0.16740000247955322,0.004600000102072954,0.00989999994635582,0.0020000000949949026,0.2312999963760376,0.02250000089406967,0.05040000006556511,0.8935999870300293
SRSF6|Q13247,Nucleus,Nuclear localization signal,Soluble,0.3208000063896179,0.8345999717712402,0.07620000094175339,0.13920000195503235,0.0640999972820282,0.009700000286102295,0.1062999963760376,0.005400000140070915,0.010099999606609344,0.0007999999797903001,0.3441999852657318,0.01979999989271164,0.08860000222921371,0.8580999970436096
SRSF7|Q16629,Nucleus,Nuclear localization signal,Soluble,0.31520000100135803,0.8907999992370605,0.04309999942779541,0.09309999644756317,0.0414000004529953,0.012000000104308128,0.0575999990105629,0.02500000037252903,0.006300000008195639,0.0010999999940395355,0.26460000872612,0.04610000178217888,0.032999999821186066,0.8507000207901001
SRSF8|Q9BRL6,Nucleus,Nuclear localization signal,Soluble,0.2290000021457672,0.9139999747276306,0.027300000190734863,0.09700000286102295,0.05169999971985817,0.0284000001847744,0.06650000065565109,0.0066999997943639755,0.0024999999441206455,0.0005000000237487257,0.2305999994277954,0.04580000042915344,0.0544000007212162,0.8580999970436096
SRSF9|Q13242,Cytoplasm|Nucleus,Nuclear localization signal,Soluble,0.5809000134468079,0.8784999847412109,0.09920000284910202,0.0746999979019165,0.07020000368356705,0.01269999984651804,0.15729999542236328,0.06669999659061432,0.005200000014156103,0.00279999990016222,0.3797000050544739,0.049400001764297485,0.030700000002980232,0.824999988079071
SSB|P05455,Cytoplasm|Nucleus,Nuclear localization signal,Soluble,0.5304999947547913,0.8269000053405762,0.08900000154972076,0.0478999987244606,0.05169999971985817,0.003599999938160181,0.09929999709129333,0.004100000020116568,0.023499999195337296,0.00039999998989515007,0.2502000033855438,0.009700000286102295,0.23929999768733978,0.9315000176429749
SSBP1|Q04837,Mitochondrion,Mitochondrial transit peptide,Peripheral|Soluble,0.14219999313354492,0.14419999718666077,0.03660000115633011,0.03189999982714653,0.9815000295639038,0.07980000227689743,0.02850000001490116,0.037700001150369644,0.01720000058412552,0.05889999866485596,0.6668000221252441,0.06109999865293503,0.024399999529123306,0.6593999862670898
SSRP1|Q08945,Nucleus,Nuclear localization signal,Soluble,0.09399999678134918,0.9668999910354614,0.2524000108242035,0.019999999552965164,0.01810000091791153,0.03240000084042549,0.029100000858306885,0.1453000009059906,0.05040000006556511,0.02410000003874302,0.5989999771118164,0.03359999880194664,0.1006999984383583,0.7876999974250793
ST13|P50502,Cytoplasm|Nucleus,Nuclear localization signal|Nuclear export signal,Soluble,0.762499988079071,0.6553000211715698,0.031099999323487282,0.05420000106096268,0.23070000112056732,0.0071000000461936,0.33180001378059387,0.0551999993622303,0.2628999948501587,0.03739999979734421,0.4381999969482422,0.018200000748038292,0.07440000027418137,0.8748000264167786
STARD13|Q9Y3M8,Cytoplasm,Nuclear export signal,Peripheral|Soluble,0.7204999923706055,0.3109000027179718,0.03290000185370445,0.43549999594688416,0.06669999659061432,0.0010999999940395355,0.33820000290870667,0.36809998750686646,0.314300000667572,0.004699999932199717,0.795799970626831,0.08160000294446945,0.25600001215934753,0.6452000141143799
STAU1|O95793,Cytoplasm|Nucleus,Nuclear localization signal,Soluble,0.6539000272750854,0.6448000073432922,0.02459999918937683,0.0729999989271164,0.12520000338554382,0.0027000000700354576,0.30720001459121704,0.04100000113248825,0.09430000185966492,0.0008999999845400453,0.45980000495910645,0.04490000009536743,0.186599999666214,0.8299000263214111
STAU2|Q9NUL3,Cytoplasm|Nucleus,Nuclear localization signal,Soluble,0.7631000280380249,0.6834999918937683,0.06960000097751617,0.10729999840259552,0.10419999808073044,0.00559999980032444,0.2563000023365021,0.03970000147819519,0.05730000138282776,0.003599999938160181,0.40880000591278076,0.05999999865889549,0.22550000250339508,0.8364999890327454
STIM1|Q13586,Endoplasmic reticulum,Signal peptide|Transmembrane domain,Transmembrane,0.27790001034736633,0.2538999915122986,0.021900000050663948,0.33500000834465027,0.14820000529289246,0.008899999782443047,0.7907000184059143,0.478300005197525,0.4677000045776367,0.21060000360012054,0.4343000054359436,0.9557999968528748,0.4650000035762787,0.09449999779462814
STIM2|Q9P246,Endoplasmic reticulum,Signal peptide|Transmembrane domain,Transmembrane,0.2603999972343445,0.2816999852657318,0.023399999365210533,0.3458999991416931,0.14079999923706055,0.00839999970048666,0.7321000099182129,0.43779999017715454,0.4099999964237213,0.21160000562667847,0.46160000562667847,0.949400007724762,0.4147000014781952,0.09210000187158585
STIP1|P31948,Cytoplasm,Nuclear localization signal|Nuclear export signal,Soluble,0.8503999710083008,0.5212000012397766,0.02019999921321869,0.10930000245571136,0.26269999146461487,0.014299999922513962,0.4894999861717224,0.09960000216960907,0.21960000693798065,0.026100000366568565,0.4952000081539154,0.01860000006854534,0.09589999914169312,0.8738999962806702
STRAP|Q9Y3F4,Nucleus,Nuclear localization signal,Soluble,0.4578000009059906,0.6972000002861023,0.01889999955892563,0.06809999793767929,0.057999998331069946,0.012199999764561653,0.3711000084877014,0.11420000344514847,0.12620000541210175,0.015699999406933784,0.4065000116825104,0.03370000049471855,0.06719999760389328,0.8440999984741211
STRBP|Q96SI9,Cytoplasm|Nucleus,Nuclear localization signal,Soluble,0.6255999803543091,0.7706999778747559,0.06390000134706497,0.03229999914765358,0.2151000052690506,0.003000000026077032,0.14869999885559082,0.013500000350177288,0.02370000071823597,0.0007999999797903001,0.4352000057697296,0.13269999623298645,0.23119999468326569,0.7419999837875366
STRN|O43815,Cytoplasm|Nucleus,Nuclear export signal,Peripheral|Soluble,0.5773000121116638,0.5727999806404114,0.006399999838322401,0.04879999905824661,0.12240000069141388,0.0071000000461936,0.1688999980688095,0.23690000176429749,0.24310000240802765,0.005900000222027302,0.6299999952316284,0.06620000302791595,0.17110000550746918,0.7279000282287598
STRN3|Q13033,Cytoplasm|Nucleus,Nuclear localization signal|Nuclear export signal,Soluble,0.5741000175476074,0.5656999945640564,0.00430000014603138,0.05380000174045563,0.11110000312328339,0.007000000216066837,0.1979999989271164,0.18140000104904175,0.21799999475479126,0.004600000102072954,0.6189000010490417,0.052400000393390656,0.1671999990940094,0.7494999766349792
STRN4|Q9NRL3,Cytoplasm|Nucleus,Nuclear localization signal,Soluble,0.5031999945640564,0.545199990272522,0.005100000184029341,0.03750000149011612,0.11089999973773956,0.0032999999821186066,0.24130000174045563,0.18690000474452972,0.30790001153945923,0.009999999776482582,0.6152999997138977,0.06469999998807907,0.1875,0.7505000233650208
SUB1|P53999,Nucleus,Nuclear localization signal,Soluble,0.12999999523162842,0.9596999883651733,0.17640000581741333,0.020600000396370888,0.08349999785423279,0.0142000000923872,0.013199999928474426,0.03629999980330467,0.010099999606609344,0.021400000900030136,0.3156999945640564,0.016499999910593033,0.13689999282360077,0.9024999737739563
SUGP1|Q8IWZ8,Cytoplasm|Nucleus,Nuclear localization signal|Nuclear export signal,Soluble,0.6531000137329102,0.7213000059127808,0.10849999636411667,0.1128000020980835,0.13410000503063202,0.0013000000035390258,0.066600002348423,0.10970000177621841,0.12110000103712082,0.004999999888241291,0.583899974822998,0.043699998408555984,0.29269999265670776,0.801800012588501
SUGP2|Q8IX01,Nucleus,Nuclear localization signal,Soluble,0.4417000114917755,0.8531000018119812,0.15129999816417694,0.10899999737739563,0.16769999265670776,0.01489999983459711,0.03830000013113022,0.008700000122189522,0.016499999910593033,0.008700000122189522,0.4575999975204468,0.07729999721050262,0.11559999734163284,0.8197000026702881
SUGT1|Q9Y2Z0,Cytoplasm|Nucleus,Nuclear export signal,Soluble,0.6978999972343445,0.6162999868392944,0.036400001496076584,0.07509999722242355,0.17900000512599945,0.007199999876320362,0.435699999332428,0.38199999928474426,0.41659998893737793,0.012199999764561653,0.5012999773025513,0.03999999910593033,0.12060000002384186,0.8158000111579895
SUMO1|P63165,Cytoplasm|Nucleus,Nuclear localization signal|Nuclear export signal,Lipid anchor|Soluble,0.6108999848365784,0.6338000297546387,0.14669999480247498,0.12759999930858612,0.12520000338554382,0.0015999999595806003,0.27880001068115234,0.2484000027179718,0.4253000020980835,0.010400000028312206,0.5273000001907349,0.02969999983906746,0.6557999849319458,0.7811999917030334
SUMO2|P61956,Cytoplasm,,Lipid anchor|Soluble,0.5583000183105469,0.45559999346733093,0.17430000007152557,0.1703999936580658,0.21289999783039093,0.0019000000320374966,0.2752000093460083,0.22660000622272491,0.2702000141143799,0.053700000047683716,0.5156000256538391,0.043699998408555984,0.823199987411499,0.7057999968528748
SUN1|O94901,Nucleus|Endoplasmic reticulum,Signal peptide|Transmembrane domain,Transmembrane,0.17309999465942383,0.5360000133514404,0.09109999984502792,0.27250000834465027,0.23659999668598175,0.004600000102072954,0.6780999898910522,0.2881999909877777,0.6003000140190125,0.08489999920129776,0.4593000113964081,0.9253000020980835,0.26030001044273376,0.20600000023841858
SUPT16H|Q9Y5B9,Nucleus,Nuclear localization signal,Soluble,0.35830000042915344,0.8845999836921692,0.1306000053882599,0.05640000104904175,0.12049999833106995,0.002400000113993883,0.2012999951839447,0.043699998408555984,0.062300000339746475,0.0052999998442828655,0.5223000049591064,0.03500000014901161,0.16120000183582306,0.7925999760627747
SUPT5H|O00267,Nucleus,Nuclear localization signal,Soluble,0.30489999055862427,0.9490000009536743,0.03799999877810478,0.014800000004470348,0.10740000009536743,0.0024999999441206455,0.0658000037074089,0.028300000354647636,0.024900000542402267,0.0013000000035390258,0.36329999566078186,0.04309999942779541,0.17949999868869781,0.8458999991416931
SUPT6H|Q7KZ85,Nucleus,Nuclear localization signal,Soluble,0.37040001153945923,0.8098000288009644,0.012799999676644802,0.04230000078678131,0.09669999778270721,0.040300000458955765,0.10329999774694443,0.05510000139474869,0.10019999742507935,0.00139999995008111,0.5054000020027161,0.03629999980330467,0.09889999777078629,0.814300000667572
SUPV3L1|Q8IYB8,Mitochondrion,Mitochondrial transit peptide,Soluble,0.19660000503063202,0.3028999865055084,0.06679999828338623,0.07800000160932541,0.8784999847412109,0.012900000438094139,0.10279999673366547,0.03999999910593033,0.06019999831914902,0.026599999517202377,0.4408999979496002,0.2425999939441681,0.06289999932050705,0.6535000205039978
SURF6|O75683,Nucleus,Nuclear localization signal,Soluble,0.2680000066757202,0.863099992275238,0.060499999672174454,0.04500000178813934,0.12540000677108765,0.0007999999797903001,0.07440000027418137,0.013199999928474426,0.0284000001847744,0.00039999998989515007,0.3693000078201294,0.05299999937415123,0.2535000145435333,0.8675000071525574
SYF2|O95926,Nucleus,Nuclear localization signal,Soluble,0.1468999981880188,0.8112999796867371,0.040699999779462814,0.06030000001192093,0.06800000369548798,0.009399999864399433,0.061900001019239426,0.02319999970495701,0.011900000274181366,0.0010999999940395355,0.3116999864578247,0.05339999869465828,0.07750000059604645,0.8589000105857849
SYMPK|Q92797,Nucleus,Nuclear localization signal,Peripheral|Soluble,0.2939999997615814,0.9401000142097473,0.07609999924898148,0.019999999552965164,0.03500000014901161,0.0006000000284984708,0.08259999752044678,0.06129999831318855,0.03720000013709068,0.00019999999494757503,0.6381999850273132,0.07829999923706055,0.148499995470047,0.7210000157356262
SYNCRIP|O60506,Nucleus,Nuclear localization signal,Soluble,0.46149998903274536,0.8797000050544739,0.06710000336170197,0.029400000348687172,0.057500001043081284,0.000699999975040555,0.1720000058412552,0.023000000044703484,0.027699999511241913,0.0,0.388700008392334,0.01730000041425228,0.12559999525547028,0.8955000042915344
SYNE1|Q8NF91,Endoplasmic reticulum,Signal peptide|Transmembrane domain,Transmembrane,0.33469998836517334,0.2743000090122223,0.15189999341964722,0.4323999881744385,0.1387999951839447,0.005900000222027302,0.6065999865531921,0.43849998712539673,0.5928999781608582,0.06800000369548798,0.2628999948501587,0.9437000155448914,0.21320000290870667,0.19370000064373016
SYNE2|Q8WXH0,Golgi apparatus,Signal peptide|Transmembrane domain,Transmembrane,0.34439998865127563,0.24580000340938568,0.22010000050067902,0.414900004863739,0.14180000126361847,0.003599999938160181,0.5383999943733215,0.4090999960899353,0.5967000126838684,0.09369999915361404,0.243599995970726,0.9444000124931335,0.23190000653266907,0.2084999978542328
SYNJ1|O43426,Cytoplasm,Nuclear export signal,Peripheral|Soluble,0.7459999918937683,0.296999990940094,0.07029999792575836,0.4097000062465668,0.10760000348091125,0.00279999990016222,0.17970000207424164,0.31520000100135803,0.415800005197525,0.024000000208616257,0.6703000068664551,0.08619999885559082,0.16220000386238098,0.741599977016449
SYNJ2|O15056,Cytoplasm,,Peripheral|Soluble,0.7182000279426575,0.2345999926328659,0.12520000338554382,0.34630000591278076,0.15530000627040863,0.0019000000320374966,0.20720000565052032,0.26669999957084656,0.2872999906539917,0.019099999219179153,0.7044000029563904,0.07800000160932541,0.12219999730587006,0.7409999966621399
SZRD1|Q7Z422,Cytoplasm|Nucleus,Nuclear export signal,Soluble,0.5932000279426575,0.5350000262260437,0.06030000001192093,0.07880000025033951,0.06759999692440033,0.03579999879002571,0.024900000542402267,0.08470000326633453,0.30799999833106995,0.027400000020861626,0.40860000252723694,0.01979999989271164,0.09619999676942825,0.8960000276565552
TACO1|Q9BSH4,Mitochondrion,Mitochondrial transit peptide,Soluble,0.1574999988079071,0.17319999635219574,0.10670000314712524,0.1412999927997589,0.9384999871253967,0.002400000113993883,0.05689999833703041,0.049400001764297485,0.09880000352859497,0.010099999606609344,0.5547999739646912,0.19449999928474426,0.12139999866485596,0.6414999961853027
TAF12|Q16514,Cytoplasm|Nucleus,Nuclear localization signal,Peripheral|Soluble,0.4742000102996826,0.8712000250816345,0.017999999225139618,0.08799999952316284,0.030799999833106995,0.0007999999797903001,0.048900000751018524,0.08990000188350677,0.06650000065565109,0.0007999999797903001,0.6288999915122986,0.023499999195337296,0.23260000348091125,0.8098000288009644
TAF15|Q92804,Cytoplasm|Nucleus,Nuclear localization signal,Soluble,0.5925999879837036,0.8669999837875366,0.062199998646974564,0.07970000058412552,0.07500000298023224,0.000699999975040555,0.1143999993801117,0.03440000116825104,0.01640000008046627,9.999999747378752e-05,0.4108999967575073,0.0142000000923872,0.11949999630451202,0.8855000138282776
TAGLN2|P37802,Cytoplasm,,Peripheral|Soluble,0.9129999876022339,0.14830000698566437,0.10909999907016754,0.3391999900341034,0.18889999389648438,0.017899999395012856,0.14249999821186066,0.0706000030040741,0.18330000340938568,0.000699999975040555,0.6822999715805054,0.013399999588727951,0.20110000669956207,0.8062999844551086
TARBP1|Q13395,Cytoplasm|Nucleus,Nuclear localization signal|Nuclear export signal,Soluble,0.5861999988555908,0.5291000008583069,0.056699998676776886,0.26350000500679016,0.21449999511241913,0.00279999990016222,0.3296999931335449,0.24009999632835388,0.3061000108718872,0.011900000274181366,0.5087000131607056,0.16259999573230743,0.2630000114440918,0.6628999710083008
TARBP2|Q15633,Cytoplasm,Nuclear localization signal,Soluble,0.6514000296592712,0.5151000022888184,0.0357000008225441,0.06300000101327896,0.23250000178813934,0.002300000051036477,0.3034999966621399,0.050999999046325684,0.1776999980211258,0.026799999177455902,0.492900013923645,0.06750000268220901,0.21639999747276306,0.8080999851226807
TARDBP|Q13148,Nucleus,Nuclear localization signal,Soluble,0.4666000008583069,0.9368000030517578,0.05469999834895134,0.02410000003874302,0.031700000166893005,0.0020000000949949026,0.07569999992847443,0.016200000420212746,0.014700000174343586,9.999999747378752e-05,0.427700012922287,0.026900000870227814,0.13330000638961792,0.8547000288963318
TARS1|P26639,Cytoplasm,Nuclear export signal,Soluble,0.7839999794960022,0.48170000314712524,0.033399999141693115,0.1477999985218048,0.15649999678134918,0.05009999871253967,0.48249998688697815,0.10320000350475311,0.1818999946117401,0.01119999960064888,0.5303999781608582,0.04479999840259552,0.4993000030517578,0.7580000162124634
TARS2|Q9BW92,Mitochondrion,Mitochondrial transit peptide,Soluble,0.32199999690055847,0.1906999945640564,0.09719999879598618,0.10750000178813934,0.8902999758720398,0.007199999876320362,0.11100000143051147,0.07739999890327454,0.08169999718666077,0.04010000079870224,0.6098999977111816,0.07810000330209732,0.35929998755455017,0.7225000262260437
TARS3|A2RTX5,Cytoplasm,Nuclear export signal,Soluble,0.8162000179290771,0.5142999887466431,0.031700000166893005,0.10750000178813934,0.14470000565052032,0.03680000081658363,0.4194999933242798,0.09319999814033508,0.17679999768733978,0.01269999984651804,0.5212000012397766,0.04259999841451645,0.4311999976634979,0.7746999859809875
TBL1XR1|Q9BZK7,Cytoplasm|Nucleus,,Soluble,0.5152000188827515,0.7541999816894531,0.04309999942779541,0.20340000092983246,0.026000000536441803,0.004699999932199717,0.01979999989271164,0.04490000009536743,0.0763000026345253,0.5611000061035156,0.49459999799728394,0.07840000092983246,0.14630000293254852,0.6840999722480774
TBL2|Q9Y4P3,Endoplasmic reticulum,Signal peptide|Transmembrane domain,Transmembrane,0.23080000281333923,0.23960000276565552,0.06159999966621399,0.2554999887943268,0.24449999630451202,0.01889999955892563,0.7925000190734863,0.305400013923645,0.38269999623298645,0.09359999746084213,0.4250999987125397,0.9061999917030334,0.12860000133514404,0.18320000171661377
TBL3|Q12788,Cytoplasm|Nucleus,Nuclear localization signal|Nuclear export signal,Peripheral|Soluble,0.4772000014781952,0.65829998254776,0.02979999966919422,0.2572000026702881,0.13030000030994415,0.0006000000284984708,0.16050000488758087,0.31859999895095825,0.19779999554157257,0.008500000461935997,0.6338000297546387,0.08780000358819962,0.19939999282360077,0.7429999709129333
TBRG4|Q969Z0,Mitochondrion,Mitochondrial transit peptide,Peripheral|Soluble,0.21050000190734863,0.1574999988079071,0.07039999961853027,0.07599999755620956,0.9240000247955322,0.004999999888241291,0.05480000004172325,0.07370000332593918,0.16500000655651093,0.020899999886751175,0.6875,0.1193000003695488,0.11320000141859055,0.6607999801635742
TCEA1|P23193,Cytoplasm|Nucleus,Nuclear localization signal,Soluble,0.5403000116348267,0.5993000268936157,0.035999998450279236,0.23729999363422394,0.164900004863739,0.009999999776482582,0.15649999678134918,0.18490000069141388,0.17090000212192535,0.0008999999845400453,0.5812000036239624,0.016699999570846558,0.23669999837875366,0.8337000012397766
TCERG1|O14776,Nucleus,Nuclear localization signal,Soluble,0.39899998903274536,0.8877999782562256,0.0674000009894371,0.12049999833106995,0.04470000043511391,0.0007999999797903001,0.10859999805688858,0.04769999906420708,0.031300000846385956,0.0010999999940395355,0.5472999811172485,0.025200000032782555,0.20419999957084656,0.8526999950408936
TCOF1|Q13428,Nucleus,Nuclear localization signal,Soluble,0.26930001378059387,0.8690999746322632,0.4634000062942505,0.04479999840259552,0.01269999984651804,0.0017999999690800905,0.08240000158548355,0.011500000022351742,0.0723000019788742,0.0010999999940395355,0.367900013923645,0.04230000078678131,0.3034999966621399,0.9165999889373779
TCP1|P17987,Cytoplasm,Nuclear export signal,Peripheral|Soluble,0.771399974822998,0.4399999976158142,0.023600000888109207,0.13689999282360077,0.20200000703334808,0.004999999888241291,0.07509999722242355,0.15160000324249268,0.061799999326467514,0.01510000042617321,0.6794000267982483,0.04839999973773956,0.3359000086784363,0.6836000084877014
TDRD1|Q9BXT4,Cytoplasm,,Soluble,0.7412999868392944,0.35749998688697815,0.05999999865889549,0.03889999911189079,0.19130000472068787,0.013500000350177288,0.10869999974966049,0.13449999690055847,0.2522999942302704,0.11630000174045563,0.39089998602867126,0.05559999868273735,0.10040000081062317,0.843500018119812
TDRD10|Q5VZ19,Cytoplasm,,Soluble,0.6550999879837036,0.3093000054359436,0.19140000641345978,0.05849999934434891,0.3781999945640564,0.0071000000461936,0.17180000245571136,0.1768999993801117,0.17800000309944153,0.018300000578165054,0.4726000130176544,0.21529999375343323,0.17389999330043793,0.7448999881744385
TDRD12|Q587J7,Cytoplasm,,Soluble,0.6850000023841858,0.4498000144958496,0.1080000028014183,0.06120000034570694,0.1784999966621399,0.005799999926239252,0.19110000133514404,0.1216999962925911,0.16599999368190765,0.02710000053048134,0.3935000002384186,0.12999999523162842,0.1356000006198883,0.7972999811172485
TDRD15|B5MCY1,Cytoplasm,,Soluble,0.7321000099182129,0.3165000081062317,0.15889999270439148,0.03909999877214432,0.17010000348091125,0.008500000461935997,0.05990000069141388,0.19830000400543213,0.1720999926328659,0.03590000048279762,0.3418999910354614,0.07880000025033951,0.06560000032186508,0.8482999801635742
TDRD3|Q9H7E2,Cytoplasm|Nucleus,Nuclear localization signal,Soluble,0.6938999891281128,0.7184000015258789,0.02419999986886978,0.032999999821186066,0.03629999980330467,0.002300000051036477,0.13689999282360077,0.019999999552965164,0.07609999924898148,0.0010000000474974513,0.5551999807357788,0.02810000069439411,0.21549999713897705,0.8228999972343445
TDRD5|Q8NAT2,Cytoplasm,Nuclear export signal,Soluble,0.6251999735832214,0.4864000082015991,0.12219999730587006,0.1356000006198883,0.1932000070810318,0.014000000432133675,0.14980000257492065,0.28700000047683716,0.20479999482631683,0.15189999341964722,0.5386000275611877,0.10740000009536743,0.21369999647140503,0.7698000073432922
TDRD6|O60522,Cytoplasm,,Soluble,0.6916000247001648,0.3781999945640564,0.12470000237226486,0.07289999723434448,0.15850000083446503,0.010900000110268593,0.10450000315904617,0.2070000022649765,0.19259999692440033,0.04309999942779541,0.3804999887943268,0.09449999779462814,0.06840000301599503,0.848800003528595
TDRD7|Q8NHU6,Cytoplasm,,Soluble,0.7965999841690063,0.3249000012874603,0.16099999845027924,0.06719999760389328,0.1168999969959259,0.00839999970048666,0.08110000193119049,0.28200000524520874,0.14900000393390656,0.01730000041425228,0.4650000035762787,0.07890000194311142,0.13860000669956207,0.8076000213623047
TDRD9|Q8NDG6,Cytoplasm,Nuclear export signal,Soluble,0.6762999892234802,0.4246000051498413,0.023800000548362732,0.14990000426769257,0.4634999930858612,0.03440000116825104,0.14409999549388885,0.19329999387264252,0.19990000128746033,0.11919999867677689,0.53329998254776,0.11209999769926071,0.08760000020265579,0.7601000070571899
TDRKH|Q9Y2W6,Mitochondrion,Mitochondrial transit peptide,Transmembrane,0.28619998693466187,0.1574999988079071,0.12060000002384186,0.0471000000834465,0.9006999731063843,0.10719999670982361,0.15770000219345093,0.15240000188350677,0.1298999935388565,0.38420000672340393,0.572700023651123,0.8748999834060669,0.06830000132322311,0.15219999849796295
TEFM|Q96QE5,Mitochondrion,Mitochondrial transit peptide,Peripheral|Soluble,0.16019999980926514,0.1446000039577484,0.0617000013589859,0.062199998646974564,0.9257000088691711,0.06800000369548798,0.045099999755620956,0.02019999921321869,0.058400001376867294,0.031599998474121094,0.6345999836921692,0.1793999969959259,0.08860000222921371,0.5855000019073486
TENT2|Q6PIY7,Cytoplasm|Nucleus,Nuclear localization signal,Soluble,0.5080000162124634,0.8339999914169312,0.09669999778270721,0.02160000056028366,0.14259999990463257,0.0008999999845400453,0.04340000078082085,0.0348999984562397,0.006099999882280827,0.0007999999797903001,0.4726000130176544,0.06700000166893005,0.03660000115633011,0.7857000231742859
TENT4A|Q5XG87,Cytoplasm|Nucleus,Nuclear localization signal,Soluble,0.6119999885559082,0.6717000007629395,0.05889999866485596,0.10649999976158142,0.1899999976158142,0.0003000000142492354,0.14820000529289246,0.09749999642372131,0.04830000177025795,0.01119999960064888,0.46880000829696655,0.17749999463558197,0.15330000221729279,0.7358999848365784
TENT4B|Q8NDF8,Nucleus,Nuclear localization signal,Soluble,0.3944999873638153,0.840499997138977,0.13330000638961792,0.030700000002980232,0.10779999941587448,0.0017999999690800905,0.10830000042915344,0.026799999177455902,0.039000000804662704,0.0071000000461936,0.43700000643730164,0.09560000151395798,0.10339999943971634,0.7537000179290771
TEP1|Q99973,Cytoplasm,Nuclear localization signal,Soluble,0.5651999711990356,0.5123000144958496,0.06419999897480011,0.20909999310970306,0.1598999947309494,0.007799999788403511,0.19200000166893005,0.26440000534057617,0.24220000207424164,0.008299999870359898,0.5333999991416931,0.1972000002861023,0.22370000183582306,0.6592000126838684
TERT|O14746,Nucleus,Nuclear localization signal,Soluble,0.31690001487731934,0.8083000183105469,0.30979999899864197,0.042100001126527786,0.36390000581741333,0.0008999999845400453,0.10530000180006027,0.09640000015497208,0.042899999767541885,0.020800000056624413,0.5896000266075134,0.2786000072956085,0.08349999785423279,0.6500999927520752
TEX10|Q9NXF1,Nucleus,Nuclear localization signal,Soluble,0.3474000096321106,0.7559000253677368,0.019500000402331352,0.07850000262260437,0.1453000009059906,0.004100000020116568,0.22339999675750732,0.05979999899864197,0.186599999666214,0.01140000019222498,0.41609999537467957,0.2662999927997589,0.12880000472068787,0.685699999332428
TEX13A|Q9BXU3,Cytoplasm,,Soluble,0.6721000075340271,0.47609999775886536,0.0714000016450882,0.10589999705553055,0.14169999957084656,0.0052999998442828655,0.18440000712871552,0.2563999891281128,0.24009999632835388,0.006099999882280827,0.4781000018119812,0.06120000034570694,0.2635999917984009,0.8306000232696533
TFAM|Q00059,Mitochondrion,Mitochondrial transit peptide,Soluble,0.13279999792575836,0.15479999780654907,0.04879999905824661,0.08110000193119049,0.911899983882904,0.025200000032782555,0.018200000748038292,0.02290000021457672,0.03799999877810478,0.01549999974668026,0.5947999954223633,0.1500999927520752,0.09600000083446503,0.6266000270843506
TFB1M|Q8WVM0,Cytoplasm|Nucleus,,Soluble,0.5676000118255615,0.5819000005722046,0.05530000105500221,0.13339999318122864,0.5999000072479248,0.035599999129772186,0.18440000712871552,0.033900000154972076,0.012900000438094139,0.026799999177455902,0.4607999920845032,0.05820000171661377,0.12349999696016312,0.784500002861023
TFB2M|Q9H5Q4,Mitochondrion,Mitochondrial transit peptide,Peripheral|Soluble,0.15080000460147858,0.21299999952316284,0.08139999955892563,0.12399999797344208,0.8894000053405762,0.005400000140070915,0.08259999752044678,0.051500000059604645,0.07819999754428864,0.0203000009059906,0.6233000159263611,0.2757999897003174,0.05820000171661377,0.5715000033378601
TFIP11|Q9UBB9,Nucleus,Nuclear localization signal,Soluble,0.37560001015663147,0.6345999836921692,0.1793999969959259,0.18569999933242798,0.06369999796152115,0.0015999999595806003,0.022600000724196434,0.08449999988079071,0.051100000739097595,0.00139999995008111,0.5246000289916992,0.055799998342990875,0.13809999823570251,0.7509999871253967
TGS1|Q96RS0,Cytoplasm|Nucleus,Nuclear localization signal,Soluble,0.5031999945640564,0.7954000234603882,0.011500000022351742,0.04230000078678131,0.06729999929666519,0.005100000184029341,0.10530000180006027,0.032499998807907104,0.1128000020980835,0.007600000128149986,0.48840001225471497,0.13289999961853027,0.19609999656677246,0.739300012588501
THOC1|Q96FV9,Nucleus,Nuclear localization signal,Soluble,0.40689998865127563,0.7980999946594238,0.09690000116825104,0.08869999647140503,0.025299999862909317,0.0015999999595806003,0.10509999841451645,0.1088000014424324,0.08259999752044678,0.002199999988079071,0.43799999356269836,0.11159999668598175,0.11069999635219574,0.758899986743927
THOC2|Q8NI27,Nucleus,Nuclear localization signal,Soluble,0.2401999980211258,0.9437000155448914,0.09870000183582306,0.09730000048875809,0.00989999994635582,0.002099999925121665,0.02590000070631504,0.013299999758601189,0.019899999722838402,0.00019999999494757503,0.5687000155448914,0.10289999842643738,0.10260000079870224,0.7010999917984009
THOC3|Q96J01,Cytoplasm|Nucleus,Nuclear export signal,Soluble,0.5350000262260437,0.6363999843597412,0.019600000232458115,0.12780000269412994,0.025599999353289604,0.005799999926239252,0.09160000085830688,0.1370999962091446,0.1737000048160553,0.014100000262260437,0.6133999824523926,0.07509999722242355,0.12030000239610672,0.7263000011444092
THOC5|Q13769,Nucleus,Nuclear localization signal,Soluble,0.3709000051021576,0.7730000019073486,0.07500000298023224,0.08190000057220459,0.0478999987244606,0.0007999999797903001,0.13199999928474426,0.17659999430179596,0.1664000004529953,0.0012000000569969416,0.5457000136375427,0.12690000236034393,0.10679999738931656,0.7307000160217285
THOC6|Q86W42,Cytoplasm|Nucleus,,Peripheral|Soluble,0.4896000027656555,0.5476999878883362,0.008999999612569809,0.23999999463558197,0.25,0.03009999915957451,0.2712000012397766,0.20759999752044678,0.3327000141143799,0.07039999961853027,0.6481999754905701,0.1151999980211258,0.1462000012397766,0.6840000152587891
THOC7|Q6I9Y2,Cytoplasm|Nucleus,Nuclear localization signal|Nuclear export signal,Soluble,0.5831999778747559,0.5613999962806702,0.03750000149011612,0.10620000213384628,0.11230000108480453,0.0006000000284984708,0.05119999870657921,0.34439998865127563,0.25360000133514404,0.00419999985024333,0.5824999809265137,0.03370000049471855,0.1005999967455864,0.8084999918937683
THRAP3|Q9Y2W1,Nucleus,Nuclear localization signal,Soluble,0.31690001487731934,0.8176000118255615,0.23010000586509705,0.061900001019239426,0.0851999968290329,0.00019999999494757503,0.16259999573230743,0.004800000227987766,0.02459999918937683,0.0013000000035390258,0.24570000171661377,0.03830000013113022,0.18299999833106995,0.9200999736785889
THUMPD1|Q9NXG2,Nucleus,Nuclear localization signal,Soluble,0.29280000925064087,0.8787999749183655,0.09780000150203705,0.018799999728798866,0.2867000102996826,0.002899999963119626,0.0502999983727932,0.017400000244379044,0.05040000006556511,0.00039999998989515007,0.2840999960899353,0.030700000002980232,0.13289999961853027,0.9009000062942505
THUMPD2|Q9BTF0,Nucleus,Nuclear localization signal,Soluble,0.24369999766349792,0.8561999797821045,0.056299999356269836,0.03709999844431877,0.22110000252723694,0.0066999997943639755,0.054999999701976776,0.005200000014156103,0.021700000390410423,0.002199999988079071,0.486299991607666,0.12460000067949295,0.15610000491142273,0.7799999713897705
THUMPD3|Q9BV44,Cytoplasm|Nucleus,Nuclear localization signal,Soluble,0.5611000061035156,0.7439000010490417,0.025699999183416367,0.04690000042319298,0.1720000058412552,0.13750000298023224,0.07429999858140945,0.02539999969303608,0.20880000293254852,0.0020000000949949026,0.4165000021457672,0.09359999746084213,0.1500999927520752,0.7908999919891357
TIA1|P31483,Cytoplasm|Nucleus,Nuclear localization signal,Soluble,0.5812000036239624,0.690500020980835,0.08060000091791153,0.03880000114440918,0.07940000295639038,0.00430000014603138,0.31630000472068787,0.11890000104904175,0.1290999948978424,0.00039999998989515007,0.5357000231742859,0.03359999880194664,0.11729999631643295,0.805400013923645
TIAL1|Q01085,Cytoplasm|Nucleus,Nuclear localization signal,Soluble,0.6017000079154968,0.7526000142097473,0.07599999755620956,0.04430000111460686,0.1039000004529953,0.0066999997943639755,0.2964000105857849,0.11699999868869781,0.10440000146627426,9.999999747378752e-05,0.49390000104904175,0.032999999821186066,0.08330000191926956,0.8259999752044678
TKT|P29401,Cytoplasm,,Soluble,0.7391999959945679,0.3752000033855438,0.03400000184774399,0.27129998803138733,0.4961000084877014,0.017799999564886093,0.1988999992609024,0.10559999942779541,0.32030001282691956,0.023099999874830246,0.45899999141693115,0.059700001031160355,0.2556999921798706,0.8026999831199646
TLN1|Q9Y490,Cytoplasm,Nuclear localization signal,Peripheral|Soluble,0.5584999918937683,0.3499999940395355,0.0723000019788742,0.5116999745368958,0.05730000138282776,0.0012000000569969416,0.08169999718666077,0.2896000146865845,0.16169999539852142,0.00019999999494757503,0.8457000255584717,0.019999999552965164,0.1996999979019165,0.7063999772071838
TMA16|Q96EY4,Nucleus,Nuclear localization signal,Soluble,0.34150001406669617,0.8912000060081482,0.01209999993443489,0.031099999323487282,0.14069999754428864,0.005100000184029341,0.03060000017285347,0.027799999341368675,0.02239999920129776,0.0007999999797903001,0.2362000048160553,0.03009999915957451,0.10080000013113022,0.8867999911308289
TMA7|Q9Y2S6,Cytoplasm|Nucleus,Nuclear localization signal,Soluble,0.49939998984336853,0.6582000255584717,0.03480000048875809,0.20829999446868896,0.07540000230073929,0.0003000000142492354,0.15760000050067902,0.013000000268220901,0.10719999670982361,0.00039999998989515007,0.2946000099182129,0.021700000390410423,0.21449999511241913,0.8700000047683716
TMPO|P42166,Nucleus,Nuclear localization signal,Soluble,0.38269999623298645,0.8894000053405762,0.04749999940395355,0.03200000151991844,0.08919999748468399,0.004900000058114529,0.04580000042915344,0.03959999978542328,0.027699999511241913,0.011699999682605267,0.4359999895095825,0.05389999970793724,0.1906999945640564,0.8435999751091003
TMTC3|Q6ZXV5,Endoplasmic reticulum,Signal peptide|Transmembrane domain,Transmembrane,0.08240000158548355,0.10159999877214432,0.03200000151991844,0.26489999890327454,0.030899999663233757,0.006500000134110451,0.7501000165939331,0.045899998396635056,0.22190000116825104,0.10329999774694443,0.08560000360012054,0.9871000051498413,0.030799999833106995,0.15109999477863312
TNKS|O95271,Cytoplasm|Nucleus,Nuclear localization signal|Nuclear export signal,Peripheral|Soluble,0.6261000037193298,0.6168000102043152,0.02250000089406967,0.2320999950170517,0.15559999644756317,0.004999999888241291,0.12330000102519989,0.24169999361038208,0.2978000044822693,0.0032999999821186066,0.6290000081062317,0.048500001430511475,0.19339999556541443,0.7791000008583069
TNKS2|Q9H2K2,Cytoplasm|Nucleus,Nuclear export signal,Peripheral|Soluble,0.6207000017166138,0.6309000253677368,0.031300000846385956,0.29109999537467957,0.22110000252723694,0.005900000222027302,0.1615000069141388,0.4325000047683716,0.3402000069618225,0.004600000102072954,0.6581000089645386,0.050200000405311584,0.13580000400543213,0.7555000185966492
TNPO1|Q92973,Cytoplasm|Nucleus,Nuclear export signal,Soluble,0.631600022315979,0.6754999756813049,0.008899999782443047,0.2328999936580658,0.1273999959230423,0.0012000000569969416,0.13120000064373016,0.23190000653266907,0.21950000524520874,0.029200000688433647,0.5853999853134155,0.06520000100135803,0.27649998664855957,0.7063000202178955
TNPO2|O14787,Cytoplasm|Nucleus,Nuclear export signal,Soluble,0.6431999802589417,0.6482999920845032,0.007499999832361937,0.24160000681877136,0.09989999979734421,0.0013000000035390258,0.12790000438690186,0.21899999678134918,0.17309999465942383,0.017799999564886093,0.5539000034332275,0.04910000041127205,0.22370000183582306,0.7250000238418579
TNPO3|Q9Y5L0,Cytoplasm|Nucleus,Nuclear export signal,Soluble,0.6075000166893005,0.6247000098228455,0.027699999511241913,0.2671999931335449,0.07450000196695328,0.0006000000284984708,0.3043000102043152,0.21639999747276306,0.47589999437332153,0.0044999998062849045,0.614799976348877,0.09610000252723694,0.2078000009059906,0.7096999883651733
TNRC6A|Q8NDV7,Cytoplasm,Nuclear localization signal,Soluble,0.7166000008583069,0.44369998574256897,0.01679999940097332,0.09939999878406525,0.0414000004529953,0.012500000186264515,0.19449999928474426,0.07209999859333038,0.23010000586509705,0.0038999998942017555,0.6168000102043152,0.09539999812841415,0.1256999969482422,0.7466999888420105
TNRC6B|Q9UPQ9,Cytoplasm,Nuclear localization signal|Nuclear export signal,Peripheral|Soluble,0.6674000024795532,0.36910000443458557,0.019099999219179153,0.1306000053882599,0.035100001841783524,0.02850000001490116,0.2046000063419342,0.10670000314712524,0.32409998774528503,0.0020000000949949026,0.6468999981880188,0.09679999947547913,0.14079999923706055,0.7394000291824341
TNRC6C|Q9HCJ0,Cytoplasm,Nuclear export signal,Peripheral|Soluble,0.7239999771118164,0.3305000066757202,0.03790000081062317,0.10509999841451645,0.03229999914765358,0.025100000202655792,0.20810000598430634,0.1005999967455864,0.41589999198913574,0.0024999999441206455,0.6966999769210815,0.09470000118017197,0.15760000050067902,0.7134000062942505
TNS1|Q9HBL0,Cytoplasm,Nuclear export signal,Peripheral|Soluble,0.6825000047683716,0.448199987411499,0.05380000174045563,0.3379000127315521,0.11550000309944153,0.0010000000474974513,0.20810000598430634,0.3012999892234802,0.29580000042915344,0.0010999999940395355,0.7207000255584717,0.051600001752376556,0.20919999480247498,0.6929000020027161
TNS2|Q63HR2,Cytoplasm,Nuclear localization signal,Peripheral|Soluble,0.6643000245094299,0.39989998936653137,0.08940000087022781,0.42309999465942383,0.1868000030517578,0.0008999999845400453,0.2700999975204468,0.4016999900341034,0.32600000500679016,0.002199999988079071,0.7350000143051147,0.065700002014637,0.22120000422000885,0.6916000247001648
TNS3|Q68CZ2,Cytoplasm,Nuclear export signal,Peripheral|Soluble,0.7182000279426575,0.4228000044822693,0.03220000118017197,0.33570000529289246,0.1143999993801117,0.00019999999494757503,0.3393000066280365,0.3472000062465668,0.36559998989105225,0.002099999925121665,0.7232999801635742,0.06019999831914902,0.24950000643730164,0.7085999846458435
TOB2|Q14106,Cytoplasm|Nucleus,Nuclear export signal,Soluble,0.5782999992370605,0.5662000179290771,0.03449999913573265,0.04340000078082085,0.18080000579357147,0.0017999999690800905,0.1437000036239624,0.12060000002384186,0.15569999814033508,0.003100000089034438,0.48019999265670776,0.06949999928474426,0.15520000457763672,0.742900013923645
TOE1|Q96GM8,Nucleus,Nuclear localization signal,Soluble,0.3321000039577484,0.7052000164985657,0.2386000007390976,0.041200000792741776,0.1370999962091446,0.002099999925121665,0.09679999947547913,0.03590000048279762,0.043800000101327896,0.00139999995008111,0.4586000144481659,0.12520000338554382,0.12999999523162842,0.7666000127792358
TOMM34|Q15785,Cytoplasm,Nuclear localization signal|Nuclear export signal,Soluble,0.8169999718666077,0.49470001459121704,0.013199999928474426,0.1882999986410141,0.3555000126361847,0.0026000000070780516,0.4941999912261963,0.2295999974012375,0.2718999981880188,0.033900000154972076,0.5157999992370605,0.05260000005364418,0.1387999951839447,0.8123999834060669
TOMM70|O94826,Mitochondrion|Peroxisome,Peroxisomal targeting signal,Transmembrane,0.2612999975681305,0.29820001125335693,0.15230000019073486,0.0340999998152256,0.8009999990463257,0.03539999946951866,0.2768000066280365,0.1469999998807907,0.23770000040531158,0.7552000284194946,0.45399999618530273,0.8730999827384949,0.0502999983727932,0.18330000340938568
TONSL|Q96HA7,Cytoplasm|Nucleus,Nuclear localization signal|Nuclear export signal,Peripheral|Soluble,0.5855000019073486,0.7520999908447266,0.07329999655485153,0.1128000020980835,0.22990000247955322,0.0005000000237487257,0.1664000004529953,0.09120000153779984,0.10279999673366547,0.014000000432133675,0.6240000128746033,0.09059999883174896,0.3179999887943268,0.7788000106811523
TOP1|P11387,Nucleus,Nuclear localization signal,Soluble,0.310699999332428,0.9225999712944031,0.06260000169277191,0.11680000275373459,0.039900001138448715,0.01140000019222498,0.020899999886751175,0.01850000023841858,0.009499999694526196,0.00019999999494757503,0.335999995470047,0.03280000016093254,0.1598999947309494,0.8637999892234802
TOP2A|P11388,Nucleus,Nuclear localization signal,Soluble,0.36899998784065247,0.8723000288009644,0.042100001126527786,0.15299999713897705,0.09359999746084213,0.014000000432133675,0.08630000054836273,0.053300000727176666,0.0272000003606081,0.010900000110268593,0.33230000734329224,0.04050000011920929,0.23970000445842743,0.8700000047683716
TOP2B|Q02880,Nucleus,Nuclear localization signal,Soluble,0.3102000057697296,0.906499981880188,0.06109999865293503,0.1145000010728836,0.0851999968290329,0.05209999904036522,0.06120000034570694,0.03920000046491623,0.0794999971985817,0.00430000014603138,0.41659998893737793,0.04340000078082085,0.18140000104904175,0.8391000032424927
TOP3A|Q13472,Nucleus,Nuclear localization signal,Peripheral|Soluble,0.2897000014781952,0.755299985408783,0.09799999743700027,0.065700002014637,0.37880000472068787,0.009800000116229057,0.11819999665021896,0.0746999979019165,0.09459999948740005,0.005200000014156103,0.6207000017166138,0.06830000132322311,0.21699999272823334,0.7125999927520752
TOP3B|O95985,Nucleus,Nuclear localization signal,Soluble,0.45170000195503235,0.7610999941825867,0.03660000115633011,0.10350000113248825,0.147599995136261,0.007799999788403511,0.13850000500679016,0.06669999659061432,0.21070000529289246,0.0024999999441206455,0.5974000096321106,0.04699999839067459,0.3375000059604645,0.7343999743461609
TP53BP1|Q12888,Nucleus,Nuclear localization signal,Soluble,0.3474000096321106,0.9068999886512756,0.041600000113248825,0.05559999868273735,0.03060000017285347,0.004999999888241291,0.03460000082850456,0.03849999979138374,0.0877000018954277,0.0003000000142492354,0.5063999891281128,0.09920000284910202,0.24549999833106995,0.7670000195503235
TP63|Q9H3D4,Nucleus,Nuclear localization signal|Nuclear export signal,Soluble,0.3880000114440918,0.9348000288009644,0.0608999989926815,0.031599998474121094,0.10409999638795853,0.0005000000237487257,0.13279999792575836,0.020099999383091927,0.0210999995470047,0.004399999976158142,0.49459999799728394,0.06310000270605087,0.07400000095367432,0.7847999930381775
TP73|O15350,Nucleus,Nuclear export signal,Soluble,0.3986999988555908,0.9079999923706055,0.0869000032544136,0.03959999978542328,0.09139999747276306,0.0006000000284984708,0.16130000352859497,0.026799999177455902,0.02759999968111515,0.006000000052154064,0.48170000314712524,0.0494999997317791,0.07880000025033951,0.8194000124931335
TPI1|P60174,Cytoplasm|Mitochondrion,Mitochondrial transit peptide,Soluble,0.6377000212669373,0.34850001335144043,0.13169999420642853,0.19930000603199005,0.7347999811172485,0.14710000157356262,0.13040000200271606,0.07559999823570251,0.029400000348687172,0.013199999928474426,0.3319999873638153,0.014700000174343586,0.08669999986886978,0.8687000274658203
TPR|P12270,Cytoplasm|Nucleus,Nuclear localization signal,Soluble,0.583899974822998,0.7336999773979187,0.04769999906420708,0.06830000132322311,0.09099999815225601,0.008299999870359898,0.0828000009059906,0.09560000151395798,0.1525000035762787,0.003000000026077032,0.61080002784729,0.0210999995470047,0.298799991607666,0.8287000060081482
TPT1|P13693,Cytoplasm|Nucleus,Nuclear localization signal|Nuclear export signal,Soluble,0.8536999821662903,0.6385999917984009,0.1039000004529953,0.15690000355243683,0.1379999965429306,0.003000000026077032,0.0828000009059906,0.13619999587535858,0.046300001442432404,0.0026000000070780516,0.5388000011444092,0.016499999910593033,0.07119999825954437,0.8458999991416931
TPX2|Q9ULW0,Cytoplasm|Nucleus,Nuclear localization signal,Soluble,0.6462000012397766,0.8550000190734863,0.09260000288486481,0.05429999902844429,0.11720000207424164,0.001500000013038516,0.014000000432133675,0.015399999916553497,0.04960000142455101,0.006399999838322401,0.3237999975681305,0.06480000168085098,0.17630000412464142,0.8337000012397766
TRA2A|Q13595,Nucleus,Nuclear localization signal,Soluble,0.28929999470710754,0.90829998254776,0.01080000028014183,0.10000000149011612,0.07970000058412552,0.00279999990016222,0.14550000429153442,0.0203000009059906,0.003100000089034438,0.0008999999845400453,0.15230000019073486,0.03660000115633011,0.03550000116229057,0.9053000211715698
TRA2B|P62995,Nucleus,Nuclear localization signal,Soluble,0.33180001378059387,0.9125999808311462,0.02590000070631504,0.07970000058412552,0.08720000088214874,0.011699999682605267,0.11540000140666962,0.01140000019222498,0.003100000089034438,0.0007999999797903001,0.20489999651908875,0.029899999499320984,0.0340999998152256,0.9032999873161316
TRAP1|Q12931,Mitochondrion,Mitochondrial transit peptide,Peripheral|Soluble,0.1777999997138977,0.1793999969959259,0.08330000191926956,0.16580000519752502,0.9211999773979187,0.003800000064074993,0.08500000089406967,0.07980000227689743,0.10040000081062317,0.05829999968409538,0.6640999913215637,0.17309999465942383,0.05460000038146973,0.6169999837875366
TRIM25|Q14258,Cytoplasm,Nuclear localization signal|Nuclear export signal,Soluble,0.7922000288963318,0.39259999990463257,0.09589999914169312,0.06340000033378601,0.21320000290870667,0.00279999990016222,0.2231999933719635,0.47760000824928284,0.22380000352859497,0.009800000116229057,0.6116999983787537,0.052400000393390656,0.10920000076293945,0.798799991607666
TRIM26|Q12899,Cytoplasm,Nuclear localization signal|Nuclear export signal,Soluble,0.7117000222206116,0.4887000024318695,0.1404000073671341,0.07360000163316727,0.26969999074935913,0.00019999999494757503,0.15770000219345093,0.3050000071525574,0.22179999947547913,0.014100000262260437,0.5335000157356262,0.048700001090765,0.1386999934911728,0.8555999994277954
TRIM28|Q13263,Cytoplasm|Nucleus,Nuclear localization signal|Nuclear export signal,Peripheral|Soluble,0.47769999504089355,0.8363999724388123,0.038600001484155655,0.04430000111460686,0.07079999893903732,0.0013000000035390258,0.11580000072717667,0.17910000681877136,0.2037000060081482,0.002400000113993883,0.6486999988555908,0.05040000006556511,0.15459999442100525,0.7872999906539917
TRIM56|Q9BRZ2,Cytoplasm,Nuclear localization signal,Soluble,0.7580000162124634,0.4065999984741211,0.05000000074505806,0.08640000224113464,0.16359999775886536,0.0032999999821186066,0.26010000705718994,0.21709999442100525,0.27239999175071716,0.010900000110268593,0.5557000041007996,0.12630000710487366,0.1363999992609024,0.7031999826431274
TRIO|O75962,Cytoplasm,Nuclear localization signal|Nuclear export signal,Peripheral|Soluble,0.7135000228881836,0.49639999866485596,0.10300000011920929,0.39559999108314514,0.05480000004172325,0.007699999958276749,0.2393999993801117,0.1599999964237213,0.257099986076355,0.015599999576807022,0.6944000124931335,0.05909999832510948,0.1826999932527542,0.7444000244140625
TRIP12|Q14669,Nucleus,Nuclear localization signal,Peripheral|Soluble,0.35199999809265137,0.9135000109672546,0.04989999905228615,0.06719999760389328,0.0746999979019165,0.014999999664723873,0.03539999946951866,0.018200000748038292,0.03009999915957451,0.003800000064074993,0.652999997138977,0.07580000162124634,0.120899997651577,0.6736999750137329
TRIR|Q9BQ61,Nucleus,Nuclear localization signal,Soluble,0.3546999990940094,0.8711000084877014,0.09099999815225601,0.03790000081062317,0.025499999523162842,0.000699999975040555,0.07429999858140945,0.03359999880194664,0.0737999975681305,0.0032999999821186066,0.5335000157356262,0.04839999973773956,0.1770000010728836,0.8223999738693237
TRMT1|Q9NXH9,Nucleus,Nuclear localization signal,Soluble,0.4219000041484833,0.7128000259399414,0.18379999697208405,0.04859999939799309,0.2290000021457672,0.00139999995008111,0.12359999865293503,0.03460000082850456,0.11020000278949738,0.024000000208616257,0.47200000286102295,0.09939999878406525,0.28690001368522644,0.8051999807357788
TRMT10A|Q8TBZ6,Nucleus,Nuclear localization signal,Soluble,0.3635999858379364,0.8906000256538391,0.11299999803304672,0.06239999830722809,0.11779999732971191,0.0012000000569969416,0.05810000002384186,0.011699999682605267,0.02879999950528145,0.009600000455975533,0.3353999853134155,0.030899999663233757,0.23980000615119934,0.8827000260353088
TRMT10B|Q6PF06,Cytoplasm|Nucleus,Nuclear localization signal,Soluble,0.5453000068664551,0.7904999852180481,0.03889999911189079,0.042899999767541885,0.2721000015735626,0.005900000222027302,0.05350000038743019,0.027400000020861626,0.04639999940991402,0.002300000051036477,0.3801000118255615,0.05079999938607216,0.16740000247955322,0.8529000282287598
TRMT10C|Q7L0Y3,Mitochondrion,Mitochondrial transit peptide,Peripheral|Soluble,0.1859000027179718,0.17479999363422394,0.05139999836683273,0.11550000309944153,0.9422000050544739,0.04149999842047691,0.03720000013709068,0.03680000081658363,0.08609999716281891,0.01850000023841858,0.6327000260353088,0.14900000393390656,0.0997999981045723,0.6001999974250793
TRMT11|Q7Z4G4,Cytoplasm|Nucleus,Nuclear localization signal,Soluble,0.6413999795913696,0.6780999898910522,0.01600000075995922,0.14830000698566437,0.1777999997138977,0.044199999421834946,0.22750000655651093,0.03790000081062317,0.13330000638961792,0.002199999988079071,0.41519999504089355,0.09000000357627869,0.08709999918937683,0.7815999984741211
TRMT112|Q9UI30,Cytoplasm,,Soluble,0.5763999819755554,0.37400001287460327,0.039400000125169754,0.13030000030994415,0.21379999816417694,0.02810000069439411,0.3458999991416931,0.2888000011444092,0.09520000219345093,0.0005000000237487257,0.5126000046730042,0.042399998754262924,0.17579999566078186,0.7997999787330627
TRMT1L|Q7Z2T5,Nucleus,Nuclear localization signal,Soluble,0.2775000035762787,0.8907999992370605,0.09109999984502792,0.03680000081658363,0.20569999516010284,0.0015999999595806003,0.07339999824762344,0.005100000184029341,0.013700000010430813,0.0010999999940395355,0.2992999851703644,0.0689999982714653,0.13259999454021454,0.8618000149726868
TRMT2A|Q8IZ69,Cytoplasm|Nucleus,Nuclear localization signal,Soluble,0.6327000260353088,0.566100001335144,0.018200000748038292,0.1128000020980835,0.37369999289512634,0.0044999998062849045,0.1818999946117401,0.05339999869465828,0.14000000059604645,0.003100000089034438,0.3962000012397766,0.048700001090765,0.21070000529289246,0.8725000023841858
TRMT2B|Q96GJ1,Mitochondrion,Mitochondrial transit peptide,Soluble,0.24480000138282776,0.23589999973773956,0.0414000004529953,0.07620000094175339,0.8930000066757202,0.014800000004470348,0.09489999711513519,0.03590000048279762,0.07199999690055847,0.02290000021457672,0.45249998569488525,0.12020000070333481,0.1720000058412552,0.7706999778747559
TRMT44|Q8IYL2,Cytoplasm,,Soluble,0.45509999990463257,0.48590001463890076,0.03200000151991844,0.05570000037550926,0.4099000096321106,0.0024999999441206455,0.32519999146461487,0.13590000569820404,0.1768999993801117,0.012400000356137753,0.5738999843597412,0.10890000313520432,0.16089999675750732,0.7595999836921692
TRMT6|Q9UJA5,Nucleus,Nuclear localization signal,Soluble,0.23170000314712524,0.9394999742507935,0.02759999968111515,0.019700000062584877,0.22709999978542328,0.002300000051036477,0.07810000330209732,0.008899999782443047,0.02419999986886978,0.000699999975040555,0.3190000057220459,0.04340000078082085,0.08370000123977661,0.8636000156402588
TRMT61A|Q96FX7,Cytoplasm|Nucleus,Nuclear localization signal,Soluble,0.5770999789237976,0.609000027179718,0.04479999840259552,0.09059999883174896,0.20909999310970306,0.02889999933540821,0.10170000046491623,0.036400001496076584,0.0502999983727932,0.0010999999940395355,0.3747999966144562,0.04859999939799309,0.21539999544620514,0.8495000004768372
TRNAU1AP|Q9NX07,Cytoplasm|Nucleus,Nuclear localization signal|Nuclear export signal,Soluble,0.7202000021934509,0.6662999987602234,0.020099999383091927,0.04809999838471413,0.1103999987244606,0.01850000023841858,0.32839998602867126,0.09719999879598618,0.2328999936580658,0.002099999925121665,0.5898000001907349,0.02199999988079071,0.09229999780654907,0.8235999941825867
TRNT1|Q96Q11,Mitochondrion,Mitochondrial transit peptide,Soluble,0.2906999886035919,0.22859999537467957,0.0608999989926815,0.09279999881982803,0.9243999719619751,0.030700000002980232,0.061500001698732376,0.04879999905824661,0.056699998676776886,0.03739999979734421,0.5608999729156494,0.09650000184774399,0.06549999862909317,0.6539999842643738
TRRAP|Q9Y4A5,Nucleus,Nuclear localization signal|Nuclear export signal,Peripheral|Soluble,0.44670000672340393,0.5593000054359436,0.0357000008225441,0.26170000433921814,0.08910000324249268,0.014299999922513962,0.367900013923645,0.32820001244544983,0.3495999872684479,0.00139999995008111,0.7645000219345093,0.08940000087022781,0.09390000253915787,0.6621000170707703
TRUB1|Q8WWH5,Nucleus,Nuclear localization signal,Soluble,0.3476000130176544,0.6944000124931335,0.13429999351501465,0.06300000101327896,0.4007999897003174,0.05380000174045563,0.10760000348091125,0.03440000116825104,0.08649999648332596,0.017100000753998756,0.517300009727478,0.062300000339746475,0.17649999260902405,0.8019000291824341
TRUB2|O95900,Mitochondrion,Mitochondrial transit peptide,Soluble,0.3379000127315521,0.44179999828338623,0.054499998688697815,0.14499999582767487,0.9186999797821045,0.005100000184029341,0.0738999992609024,0.13009999692440033,0.10570000112056732,0.04650000110268593,0.5722000002861023,0.131400004029274,0.17980000376701355,0.7317000031471252
TSEN2|Q8NCE0,Nucleus,Nuclear localization signal,Soluble,0.34610000252723694,0.7566999793052673,0.22499999403953552,0.026599999517202377,0.3400999903678894,0.0008999999845400453,0.1168999969959259,0.07010000199079514,0.1875,0.0020000000949949026,0.5109000205993652,0.07419999688863754,0.14480000734329224,0.7985000014305115
TSEN34|Q9BSV6,Nucleus,Nuclear localization signal,Soluble,0.2720000147819519,0.7678999900817871,0.4496999979019165,0.014299999922513962,0.288100004196167,0.00139999995008111,0.1387999951839447,0.023399999365210533,0.06539999693632126,0.0008999999845400453,0.43540000915527344,0.042100001126527786,0.13259999454021454,0.8679999709129333
TSFM|P43897,Mitochondrion,Mitochondrial transit peptide,Peripheral|Soluble,0.1784999966621399,0.12399999797344208,0.05730000138282776,0.10000000149011612,0.9620000123977661,0.013100000098347664,0.05260000005364418,0.03790000081062317,0.04129999876022339,0.06069999933242798,0.6396999955177307,0.0706000030040741,0.15559999644756317,0.7179999947547913
TSN|Q15631,Cytoplasm,Nuclear export signal,Peripheral|Soluble,0.858299970626831,0.33230000734329224,0.032499998807907104,0.0908999964594841,0.20679999887943268,0.013899999670684338,0.09960000216960907,0.45489999651908875,0.527899980545044,0.0026000000070780516,0.6499999761581421,0.051500000059604645,0.05620000138878822,0.7282000184059143
TSNAX|Q99598,Cytoplasm|Nucleus,Nuclear localization signal,Soluble,0.6053000092506409,0.6995999813079834,0.025499999523162842,0.01810000091791153,0.2184000015258789,0.013199999928474426,0.1881999969482422,0.12120000272989273,0.21770000457763672,0.011599999852478504,0.598800003528595,0.04349999874830246,0.05640000104904175,0.7451000213623047
TSR1|Q2NL82,Cytoplasm|Nucleus,Nuclear localization signal,Soluble,0.5295000076293945,0.8547999858856201,0.00430000014603138,0.05849999934434891,0.16519999504089355,0.0026000000070780516,0.09629999846220016,0.05290000140666962,0.05260000005364418,0.0024999999441206455,0.3052000105381012,0.061500001698732376,0.25,0.8540999889373779
TSR2|Q969E8,Cytoplasm|Nucleus,Nuclear localization signal,Soluble,0.690500020980835,0.6804999709129333,0.06909999996423721,0.12080000340938568,0.2827000021934509,0.011900000274181366,0.13600000739097595,0.16290000081062317,0.47609999775886536,0.016699999570846558,0.4404999911785126,0.04149999842047691,0.1777999997138977,0.8458999991416931
TSR3|Q9UJK0,Cytoplasm|Nucleus,Nuclear localization signal,Soluble,0.5619999766349792,0.8528000116348267,0.026100000366568565,0.11069999635219574,0.2831999957561493,0.0006000000284984708,0.13770000636577606,0.05920000001788139,0.11599999666213989,0.010499999858438969,0.42820000648498535,0.07959999889135361,0.12620000541210175,0.8109999895095825
TTC14|Q96N46,Nucleus,Nuclear localization signal,Soluble,0.2526000142097473,0.8614000082015991,0.031599998474121094,0.07039999961853027,0.017899999395012856,0.01140000019222498,0.15189999341964722,0.030500000342726707,0.05649999901652336,0.00800000037997961,0.5590999722480774,0.05990000069141388,0.09440000355243683,0.7901999950408936
TTC17|Q96AE7,Cytoplasm,Signal peptide,Soluble,0.39719998836517334,0.20469999313354492,0.2207999974489212,0.31949999928474426,0.12759999930858612,0.0034000000450760126,0.39410001039505005,0.21369999647140503,0.36329999566078186,0.0778999999165535,0.49160000681877136,0.1696999967098236,0.12370000034570694,0.7384999990463257
TTC27|Q6P3X3,Cytoplasm|Nucleus,Nuclear localization signal|Nuclear export signal,Peripheral|Soluble,0.5828999876976013,0.6419000029563904,0.00559999980032444,0.18219999969005585,0.07020000368356705,0.0008999999845400453,0.3531000018119812,0.15559999644756317,0.2883000075817108,0.008299999870359898,0.6241000294685364,0.1469999998807907,0.14509999752044678,0.6312000155448914
TTF1|Q15361,Nucleus,Nuclear localization signal,Soluble,0.21400000154972076,0.9273999929428101,0.1437000036239624,0.027499999850988388,0.04050000011920929,0.0019000000320374966,0.03700000047683716,0.02199999988079071,0.04280000180006027,0.03020000085234642,0.3089999854564667,0.12630000710487366,0.16179999709129333,0.854200005531311
TTF2|Q9UNY4,Nucleus,Nuclear localization signal|Nuclear export signal,Soluble,0.36469998955726624,0.8100000023841858,0.01080000028014183,0.121799997985363,0.10779999941587448,0.008799999952316284,0.06459999829530716,0.07519999891519547,0.04600000008940697,0.007400000002235174,0.5551000237464905,0.08619999885559082,0.16449999809265137,0.7842000126838684
TTLL12|Q14166,Cytoplasm|Nucleus,Nuclear export signal,Soluble,0.6966999769210815,0.5422000288963318,0.14149999618530273,0.0714000016450882,0.09179999679327011,0.013199999928474426,0.06459999829530716,0.2784000039100647,0.045099999755620956,0.012799999676644802,0.5051000118255615,0.07039999961853027,0.0843999981880188,0.8141999840736389
TUBA1B|P68363,Cytoplasm,Nuclear export signal,Peripheral|Soluble,0.7297000288963318,0.400299996137619,0.05040000006556511,0.23549999296665192,0.2502000033855438,0.0013000000035390258,0.22120000422000885,0.35929998755455017,0.1678999960422516,0.05979999899864197,0.6442000269889832,0.04859999939799309,0.5088000297546387,0.6705999970436096
TUBA1C|Q9BQE3,Cytoplasm,,Peripheral|Soluble,0.7268000245094299,0.3864000141620636,0.061000000685453415,0.2547000050544739,0.2289000004529953,0.0015999999595806003,0.21449999511241913,0.34439998865127563,0.15320000052452087,0.04439999908208847,0.6366000175476074,0.04639999940991402,0.4702000021934509,0.6758000254631042
TUBB|P07437,Cytoplasm,,Soluble,0.7271000146865845,0.38339999318122864,0.06849999725818634,0.3179999887943268,0.2773999869823456,0.0035000001080334187,0.2223999947309494,0.29440000653266907,0.12919999659061432,0.025200000032782555,0.6044999957084656,0.04320000112056732,0.48240000009536743,0.7235999703407288
TUBB4B|P68371,Cytoplasm,,Soluble,0.7293000221252441,0.3555999994277954,0.0771000012755394,0.3237000107765198,0.31119999289512634,0.0038999998942017555,0.20589999854564667,0.3034999966621399,0.1454000025987625,0.037700001150369644,0.6075999736785889,0.04639999940991402,0.48190000653266907,0.708299994468689
TUFM|P49411,Mitochondrion,Mitochondrial transit peptide,Peripheral|Soluble,0.12250000238418579,0.11760000139474869,0.03229999914765358,0.16830000281333923,0.9082000255584717,0.011599999852478504,0.15330000221729279,0.03759999945759773,0.10700000077486038,0.014999999664723873,0.7703999876976013,0.18709999322891235,0.11720000207424164,0.5169000029563904
TUT1|Q9H6E5,Nucleus,Nuclear localization signal,Soluble,0.44179999828338623,0.8041999936103821,0.29319998621940613,0.09939999878406525,0.32710000872612,0.00039999998989515007,0.12530000507831573,0.0471000000834465,0.049400001764297485,0.005900000222027302,0.5027999877929688,0.12639999389648438,0.13099999725818634,0.7885000109672546
TUT4|Q5TAX3,Cytoplasm|Nucleus,Nuclear localization signal|Nuclear export signal,Soluble,0.6855999827384949,0.5860999822616577,0.08640000224113464,0.0966000035405159,0.11800000071525574,0.0017999999690800905,0.179299995303154,0.1907999962568283,0.11020000278949738,0.0008999999845400453,0.46560001373291016,0.08330000191926956,0.1080000028014183,0.8213000297546387
TUT7|Q5VYS8,Cytoplasm,Nuclear localization signal,Soluble,0.6525999903678894,0.5217999815940857,0.14550000429153442,0.0966000035405159,0.18060000240802765,0.0015999999595806003,0.18080000579357147,0.13510000705718994,0.10499999672174454,0.0015999999595806003,0.489300012588501,0.09300000220537186,0.12290000170469284,0.7788000106811523
TXLNA|P40222,Cytoplasm,Nuclear localization signal,Soluble,0.7080000042915344,0.4214000105857849,0.07590000331401825,0.12479999661445618,0.17839999496936798,0.0005000000237487257,0.23520000278949738,0.15109999477863312,0.47850000858306885,0.010400000028312206,0.5464000105857849,0.03269999846816063,0.34779998660087585,0.8651999831199646
TXLNG|Q9NUQ3,Cytoplasm,,Soluble,0.6746000051498413,0.40299999713897705,0.08049999922513962,0.23899999260902405,0.09049999713897705,0.0003000000142492354,0.2687000036239624,0.19859999418258667,0.44269999861717224,0.02019999921321869,0.46810001134872437,0.07490000128746033,0.3061999976634979,0.8302000164985657
TXN|P10599,Cytoplasm|Nucleus,Nuclear localization signal,Soluble,0.8230000138282776,0.5360000133514404,0.10199999809265137,0.12809999287128448,0.14059999585151672,0.006899999920278788,0.33629998564720154,0.11670000106096268,0.23119999468326569,0.023600000888109207,0.34940001368522644,0.009600000455975533,0.2126999944448471,0.9017999768257141
TXNDC5|Q8NBS9,Endoplasmic reticulum,Signal peptide,Soluble,0.17560000717639923,0.1972000002861023,0.2353000044822693,0.27730000019073486,0.11999999731779099,0.00279999990016222,0.8284000158309937,0.2946000099182129,0.28949999809265137,0.017799999564886093,0.4959000051021576,0.07660000026226044,0.05469999834895134,0.7444999814033508
TXNL4A|P83876,Cytoplasm|Nucleus,Nuclear localization signal,Soluble,0.5612000226974487,0.6155999898910522,0.020500000566244125,0.3375999927520752,0.05380000174045563,0.00039999998989515007,0.5633999705314636,0.13099999725818634,0.35350000858306885,0.008899999782443047,0.5644999742507935,0.05090000107884407,0.2526000142097473,0.7594000101089478
TXNL4B|Q9NX01,Cytoplasm,,Soluble,0.6183000206947327,0.5144000053405762,0.00989999994635582,0.14910000562667847,0.059700001031160355,0.00139999995008111,0.35760000348091125,0.23340000212192535,0.17499999701976776,0.021900000050663948,0.4296000003814697,0.026200000196695328,0.10890000313520432,0.8425999879837036
TXNRD1|Q16881,Cytoplasm|Cell membrane,,Lipid anchor|Soluble,0.5250999927520752,0.2046000063419342,0.15700000524520874,0.5360000133514404,0.35280001163482666,0.010400000028312206,0.2653999924659729,0.30169999599456787,0.5285999774932861,0.08479999750852585,0.6144999861717224,0.042399998754262924,0.96670001745224,0.565500020980835
TYMS|P04818,Cytoplasm|Nucleus,Nuclear localization signal,Soluble,0.6816999912261963,0.5425999760627747,0.2614000141620636,0.07989999651908875,0.4722999930381775,0.00989999994635582,0.0632999986410141,0.041600000113248825,0.08590000122785568,0.06599999964237213,0.5701000094413757,0.13099999725818634,0.18080000579357147,0.6628000140190125
U2AF1|Q01081,Nucleus,Nuclear localization signal,Soluble,0.3725999891757965,0.8838000297546387,0.058800000697374344,0.08299999684095383,0.05339999869465828,0.0034000000450760126,0.055799998342990875,0.01759999990463257,0.006399999838322401,0.000699999975040555,0.49079999327659607,0.03530000150203705,0.10010000318288803,0.786899983882904
U2AF1L4|Q8WU68,Cytoplasm|Nucleus,Nuclear localization signal,Soluble,0.5407999753952026,0.7434999942779541,0.043299999088048935,0.027799999341368675,0.09539999812841415,0.0035000001080334187,0.034299999475479126,0.03440000116825104,0.007300000172108412,0.0008999999845400453,0.5048999786376953,0.03519999980926514,0.11630000174045563,0.7919999957084656
U2AF2|P26368,Nucleus,Nuclear localization signal,Soluble,0.2728999853134155,0.9459999799728394,0.05609999969601631,0.039500001817941666,0.030799999833106995,0.012600000016391277,0.07129999995231628,0.016499999910593033,0.009600000455975533,0.0017000000225380063,0.5620999932289124,0.03500000014901161,0.15049999952316284,0.7649999856948853
U2SURP|O15042,Nucleus,Nuclear localization signal,Soluble,0.21699999272823334,0.9467999935150146,0.06549999862909317,0.09030000120401382,0.02630000002682209,0.0024999999441206455,0.026399999856948853,0.01979999989271164,0.027300000190734863,0.00039999998989515007,0.554099977016449,0.02539999969303608,0.09769999980926514,0.8424000144004822
UBA1|P22314,Nucleus,Nuclear localization signal,Soluble,0.4560999870300293,0.859000027179718,0.07180000096559525,0.05909999832510948,0.2680000066757202,0.0003000000142492354,0.10339999943971634,0.0544000007212162,0.09600000083446503,0.012199999764561653,0.5936999917030334,0.06419999897480011,0.35679998993873596,0.7208999991416931
UBA52|P62987,Cytoplasm|Nucleus,Nuclear localization signal,Soluble,0.5113000273704529,0.616100013256073,0.1143999993801117,0.2549999952316284,0.05460000038146973,0.00039999998989515007,0.2281000018119812,0.08940000087022781,0.03539999946951866,0.021199999377131462,0.36070001125335693,0.03830000013113022,0.53329998254776,0.7768999934196472
UBAP2|Q5T6F2,Cytoplasm|Nucleus,Nuclear localization signal,Soluble,0.705299973487854,0.6754000186920166,0.04450000077486038,0.09359999746084213,0.01209999993443489,0.0006000000284984708,0.24379999935626984,0.043699998408555984,0.10329999774694443,0.0006000000284984708,0.5720999836921692,0.029500000178813934,0.2745000123977661,0.8453999757766724
UBAP2L|Q14157,Cytoplasm|Nucleus,Nuclear localization signal,Soluble,0.7146000266075134,0.7041000127792358,0.050599999725818634,0.07620000094175339,0.020500000566244125,0.0007999999797903001,0.2786000072956085,0.05590000003576279,0.1404000073671341,0.0006000000284984708,0.603600025177002,0.04019999876618385,0.35339999198913574,0.8094000220298767
UBE2L3|P68036,Cytoplasm,Nuclear localization signal,Peripheral|Soluble,0.8348000049591064,0.44359999895095825,0.027300000190734863,0.2207999974489212,0.15690000355243683,0.09780000150203705,0.27250000834465027,0.08479999750852585,0.2021999955177307,0.0038999998942017555,0.6958000063896179,0.01850000023841858,0.20880000293254852,0.7639999985694885
UBR5|O95071,Cytoplasm|Nucleus,Nuclear export signal,Peripheral|Soluble,0.6191999912261963,0.6819999814033508,0.015300000086426735,0.0803999975323677,0.23720000684261322,0.010499999858438969,0.11720000207424164,0.19140000641345978,0.15929999947547913,0.009100000374019146,0.7096999883651733,0.11400000005960464,0.11270000040531158,0.6406000256538391
UBTF|P17480,Nucleus,Nuclear localization signal,Soluble,0.44040000438690186,0.7242000102996826,0.10220000147819519,0.14390000700950623,0.2134000062942505,0.001500000013038516,0.09650000184774399,0.06129999831318855,0.2721000015735626,0.010700000450015068,0.3675000071525574,0.05730000138282776,0.37229999899864197,0.8526999950408936
UHMK1|Q8TAS1,Cytoplasm|Nucleus,Nuclear localization signal|Nuclear export signal,Soluble,0.6678000092506409,0.6970000267028809,0.0357000008225441,0.14980000257492065,0.13420000672340393,0.0071000000461936,0.13490000367164612,0.09099999815225601,0.0860000029206276,0.0017999999690800905,0.4645000100135803,0.0877000018954277,0.08479999750852585,0.7736999988555908
UNC45A|Q9H3U1,Cytoplasm|Nucleus,Nuclear localization signal|Nuclear export signal,Soluble,0.7989000082015991,0.5295000076293945,0.018300000578165054,0.33980000019073486,0.23880000412464142,0.024800000712275505,0.3400000035762787,0.20999999344348907,0.3292999863624573,0.0034000000450760126,0.5874000191688538,0.06260000169277191,0.13830000162124634,0.769599974155426
UNK|Q9C0B0,Cytoplasm|Nucleus,Nuclear export signal,Soluble,0.6711000204086304,0.53329998254776,0.023600000888109207,0.08630000054836273,0.12370000034570694,0.00139999995008111,0.10450000315904617,0.21639999747276306,0.12240000069141388,0.002400000113993883,0.6097000241279602,0.03280000016093254,0.1931000053882599,0.8539000153541565
UNKL|Q9H9P5,Cytoplasm|Nucleus,Nuclear export signal,Soluble,0.6335999965667725,0.6104000210762024,0.020999999716877937,0.06599999964237213,0.20419999957084656,0.0012000000569969416,0.061000000685453415,0.3012000024318695,0.13729999959468842,0.006099999882280827,0.6123999953269958,0.03519999980926514,0.18979999423027039,0.8565999865531921
UPF1|Q92900,Cytoplasm|Nucleus,Nuclear localization signal|Nuclear export signal,Soluble,0.6747000217437744,0.6270999908447266,0.06530000269412994,0.0575999990105629,0.06759999692440033,0.005400000140070915,0.1185000017285347,0.04270000010728836,0.08219999819993973,0.000699999975040555,0.5825999975204468,0.05920000001788139,0.18320000171661377,0.7651000022888184
UPF2|Q9HAU5,Cytoplasm|Nucleus,Nuclear export signal,Soluble,0.6809999942779541,0.5519000291824341,0.029200000688433647,0.12359999865293503,0.11720000207424164,0.00139999995008111,0.10570000112056732,0.08860000222921371,0.18850000202655792,0.004399999976158142,0.5942999720573425,0.06440000236034393,0.16940000653266907,0.7692999839782715
UPF3A|Q9H1J1,Cytoplasm|Nucleus,Nuclear localization signal,Soluble,0.6848999857902527,0.6115000247955322,0.12690000236034393,0.2296999990940094,0.05290000140666962,0.0007999999797903001,0.13249999284744263,0.0203000009059906,0.03959999978542328,0.000699999975040555,0.5170999765396118,0.05999999865889549,0.2623000144958496,0.8432999849319458
UPF3B|Q9BZI7,Cytoplasm|Nucleus,Nuclear localization signal,Soluble,0.6880000233650208,0.5884000062942505,0.14100000262260437,0.23280000686645508,0.0406000018119812,0.0019000000320374966,0.11550000309944153,0.03590000048279762,0.03970000147819519,0.00039999998989515007,0.5135999917984009,0.031599998474121094,0.30649998784065247,0.8597999811172485
URB1|O60287,Nucleus,Nuclear localization signal,Soluble,0.36500000953674316,0.8855000138282776,0.1525000035762787,0.07029999792575836,0.07720000296831131,0.002300000051036477,0.16419999301433563,0.03869999945163727,0.13210000097751617,0.00039999998989515007,0.4203000068664551,0.14949999749660492,0.10660000145435333,0.7490000128746033
URB2|Q14146,Cytoplasm|Nucleus,Nuclear localization signal,Soluble,0.47029998898506165,0.6741999983787537,0.10740000009536743,0.23989999294281006,0.17389999330043793,0.0020000000949949026,0.36579999327659607,0.2151000052690506,0.24390000104904175,0.016100000590085983,0.4975999891757965,0.3301999866962433,0.1152999997138977,0.6992999911308289
USB1|Q9BQ65,Cytoplasm|Nucleus,Nuclear localization signal,Soluble,0.4731999933719635,0.7246999740600586,0.10559999942779541,0.04800000041723251,0.42500001192092896,0.0003000000142492354,0.10369999706745148,0.06930000334978104,0.08370000123977661,0.10849999636411667,0.3230000138282776,0.1265999972820282,0.19519999623298645,0.8309999704360962
USH1G|Q495M9,Cytoplasm,Nuclear export signal,Soluble,0.5630000233650208,0.3693000078201294,0.01600000075995922,0.20149999856948853,0.11620000004768372,0.00279999990016222,0.11749999970197678,0.09759999811649323,0.0982000008225441,0.0007999999797903001,0.5860000252723694,0.0689999982714653,0.17880000174045563,0.7558000087738037
USO1|O60763,Cytoplasm,Nuclear export signal,Peripheral|Soluble,0.6855999827384949,0.4830999970436096,0.06949999928474426,0.17509999871253967,0.1088000014424324,0.0017000000225380063,0.258899986743927,0.26269999146461487,0.6086999773979187,0.007300000172108412,0.8672999739646912,0.04699999839067459,0.4390999972820282,0.5020999908447266
USP10|Q14694,Cytoplasm|Nucleus,Nuclear localization signal|Nuclear export signal,Peripheral|Soluble,0.8274999856948853,0.6456000208854675,0.01860000006854534,0.06069999933242798,0.06719999760389328,0.0035000001080334187,0.47920000553131104,0.32899999618530273,0.49570000171661377,0.011300000362098217,0.6402000188827515,0.08179999887943268,0.17059999704360962,0.6983000040054321
USP36|Q9P275,Nucleus,Nuclear localization signal,Soluble,0.382999986410141,0.9272000193595886,0.03229999914765358,0.1151999980211258,0.01860000006854534,0.00279999990016222,0.05849999934434891,0.03400000184774399,0.061000000685453415,0.012900000438094139,0.6080999970436096,0.0649000033736229,0.3662000000476837,0.7199000120162964
USP39|Q53GS9,Nucleus,Nuclear localization signal,Soluble,0.45019999146461487,0.9075000286102295,0.044199999421834946,0.03180000185966492,0.030500000342726707,0.0038999998942017555,0.1251000016927719,0.061000000685453415,0.0851999968290329,0.0017000000225380063,0.5239999890327454,0.04809999838471413,0.08590000122785568,0.7766000032424927
USP5|P45974,Cytoplasm|Nucleus,Nuclear export signal,Soluble,0.8058000206947327,0.7124000191688538,0.008100000210106373,0.05249999836087227,0.045899998396635056,0.006500000134110451,0.10909999907016754,0.16760000586509705,0.1678999960422516,0.0008999999845400453,0.5928999781608582,0.031599998474121094,0.06530000269412994,0.7788000106811523
USP7|Q93009,Cytoplasm|Nucleus,Nuclear localization signal|Nuclear export signal,Peripheral|Soluble,0.6389999985694885,0.5649999976158142,0.17560000717639923,0.33239999413490295,0.10249999910593033,0.00139999995008111,0.12479999661445618,0.21969999372959137,0.2378000020980835,0.0003000000142492354,0.626800000667572,0.03840000182390213,0.35190001130104065,0.7645999789237976
UTP11|Q9Y3A2,Nucleus,Nuclear localization signal,Soluble,0.29260000586509705,0.8389000296592712,0.007899999618530273,0.022700000554323196,0.11259999871253967,0.0003000000142492354,0.03880000114440918,0.008999999612569809,0.0035000001080334187,0.0019000000320374966,0.29420000314712524,0.03200000151991844,0.0828000009059906,0.8622000217437744
UTP14A|Q9BVJ6,Nucleus,Nuclear localization signal,Soluble,0.23199999332427979,0.8256999850273132,0.05790000036358833,0.020600000396370888,0.09149999916553497,0.011800000444054604,0.0868000015616417,0.01679999940097332,0.06270000338554382,0.008700000122189522,0.30329999327659607,0.06459999829530716,0.12280000001192093,0.8827999830245972
UTP14C|Q5TAP6,Nucleus,Nuclear localization signal,Soluble,0.2281000018119812,0.8306999802589417,0.05939999967813492,0.01769999973475933,0.08959999680519104,0.015799999237060547,0.09059999883174896,0.017000000923871994,0.04859999939799309,0.008799999952316284,0.30059999227523804,0.07029999792575836,0.13819999992847443,0.8776999711990356
UTP15|Q8TED0,Nucleus,Nuclear localization signal,Soluble,0.26649999618530273,0.8422999978065491,0.02370000071823597,0.1062999963760376,0.03460000082850456,0.0034000000450760126,0.06270000338554382,0.125900000333786,0.04270000010728836,0.0005000000237487257,0.5153999924659729,0.04450000077486038,0.03269999846816063,0.7260000109672546
UTP18|Q9Y5J1,Nucleus,Nuclear localization signal,Soluble,0.2485000044107437,0.8633999824523926,0.033399999141693115,0.022700000554323196,0.04749999940395355,0.010300000198185444,0.06279999762773514,0.04230000078678131,0.058400001376867294,0.00860000029206276,0.5141000151634216,0.04349999874830246,0.08110000193119049,0.807699978351593
UTP20|O75691,Nucleus,Nuclear localization signal,Soluble,0.3497999906539917,0.9422000050544739,0.04430000111460686,0.05339999869465828,0.04639999940991402,0.007000000216066837,0.06509999930858612,0.0052999998442828655,0.04639999940991402,0.00039999998989515007,0.48820000886917114,0.08760000020265579,0.09269999712705612,0.7893999814987183
UTP23|Q9BRU9,Cytoplasm|Nucleus,Nuclear localization signal,Soluble,0.47209998965263367,0.9431999921798706,0.0044999998062849045,0.037700001150369644,0.09830000251531601,0.012199999764561653,0.05079999938607216,0.004000000189989805,0.05829999968409538,0.003700000001117587,0.423799991607666,0.021800000220537186,0.16050000488758087,0.8691999912261963
UTP25|Q68CQ4,Nucleus,Nuclear localization signal,Soluble,0.21299999952316284,0.9350000023841858,0.047200001776218414,0.01119999960064888,0.16279999911785126,0.0031999999191612005,0.04650000110268593,0.0215000007301569,0.01850000023841858,0.004699999932199717,0.4318000078201294,0.07349999994039536,0.12359999865293503,0.7875000238418579
UTP3|Q9NQZ2,Nucleus,Nuclear localization signal,Soluble,0.15469999611377716,0.9157000184059143,0.010900000110268593,0.010400000028312206,0.03400000184774399,0.021400000900030136,0.1469999998807907,0.007899999618530273,0.04450000077486038,0.0026000000070780516,0.23909999430179596,0.11389999836683273,0.07320000231266022,0.807699978351593
UTP4|Q969X6,Nucleus,Nuclear localization signal,Soluble,0.4383000135421753,0.7038000226020813,0.03400000184774399,0.10029999911785126,0.05550000071525574,0.0026000000070780516,0.32919999957084656,0.18870000541210175,0.18140000104904175,0.001500000013038516,0.6021000146865845,0.07779999822378159,0.08389999717473984,0.6875
UTP6|Q9NYH9,Nucleus,,Soluble,0.2741999924182892,0.678600013256073,0.05079999938607216,0.17560000717639923,0.07930000126361847,0.002199999988079071,0.07150000333786011,0.21369999647140503,0.09130000323057175,0.0027000000700354576,0.49219998717308044,0.019999999552965164,0.11020000278949738,0.8442000150680542
UTRN|P46939,Cytoplasm|Cell membrane,Nuclear export signal,Peripheral|Soluble,0.781000018119812,0.3057999908924103,0.033799998462200165,0.6251999735832214,0.08160000294446945,0.000699999975040555,0.16339999437332153,0.4699999988079071,0.2847000062465668,0.010999999940395355,0.7591999769210815,0.042399998754262924,0.3573000133037567,0.7200999855995178
VARS1|P26640,Cytoplasm,Nuclear localization signal,Soluble,0.7095000147819519,0.40380001068115234,0.08240000158548355,0.1607999950647354,0.16290000081062317,0.0015999999595806003,0.27379998564720154,0.15150000154972076,0.1550000011920929,0.01679999940097332,0.4966999888420105,0.10180000215768814,0.27480000257492065,0.7777000069618225
VARS2|Q5ST30,Mitochondrion,Mitochondrial transit peptide,Soluble,0.29899999499320984,0.1793999969959259,0.0820000022649765,0.10700000077486038,0.7821000218391418,0.010499999858438969,0.16990000009536743,0.07660000026226044,0.10989999771118164,0.04650000110268593,0.4982999861240387,0.17720000445842743,0.15600000321865082,0.7475000023841858
VCL|P18206,Cytoplasm|Cell membrane,,Peripheral|Soluble,0.6381000280380249,0.14550000429153442,0.07460000365972519,0.6243000030517578,0.18700000643730164,0.006000000052154064,0.09350000321865082,0.28690001368522644,0.5120999813079834,0.0017000000225380063,0.8222000002861023,0.01940000057220459,0.1200999990105629,0.7387999892234802
VCP|P55072,Cytoplasm|Nucleus,Nuclear export signal,Soluble,0.6685000061988831,0.669700026512146,0.005499999970197678,0.07479999959468842,0.0640999972820282,0.003100000089034438,0.3052999973297119,0.1589999943971634,0.14790000021457672,0.03750000149011612,0.5960999727249146,0.03180000185966492,0.13040000200271606,0.7698000073432922
VDAC1|P21796,Mitochondrion,,Soluble,0.3813000023365021,0.10119999945163727,0.049800001084804535,0.3968000113964081,0.8184999823570251,0.10599999874830246,0.4002000093460083,0.08470000326633453,0.0877000018954277,0.053700000047683716,0.5601000189781189,0.12849999964237213,0.1404999941587448,0.6205999851226807
VDAC2|P45880,Mitochondrion,,Soluble,0.3962000012397766,0.11749999970197678,0.050599999725818634,0.43720000982284546,0.7713000178337097,0.1120000034570694,0.4066999852657318,0.125900000333786,0.12559999525547028,0.062300000339746475,0.5310999751091003,0.11069999635219574,0.15610000491142273,0.671999990940094
VIM|P08670,Cytoplasm,Nuclear localization signal,Soluble,0.6873000264167786,0.32179999351501465,0.03889999911189079,0.29760000109672546,0.1589999943971634,0.00419999985024333,0.03799999877810478,0.1453000009059906,0.1834000051021576,0.006200000178068876,0.5878999829292297,0.021700000390410423,0.17159999907016754,0.848800003528595
VIRMA|Q69YN4,Cytoplasm|Nucleus,Nuclear localization signal,Soluble,0.5185999870300293,0.8616999983787537,0.022700000554323196,0.04100000113248825,0.12439999729394913,0.05820000171661377,0.045899998396635056,0.022600000724196434,0.030400000512599945,0.0034000000450760126,0.5741000175476074,0.08590000122785568,0.04749999940395355,0.7519999742507935
WARS1|P23381,Cytoplasm,,Soluble,0.7506999969482422,0.2623000144958496,0.053700000047683716,0.07559999823570251,0.08470000326633453,0.0494999997317791,0.04740000143647194,0.23260000348091125,0.3061000108718872,0.0052999998442828655,0.3937000036239624,0.041200000792741776,0.09369999915361404,0.7908999919891357
WARS2|Q9UGM6,Mitochondrion,Mitochondrial transit peptide,Peripheral|Soluble,0.164900004863739,0.11299999803304672,0.06120000034570694,0.09109999984502792,0.9325000047683716,0.018200000748038292,0.09520000219345093,0.0551999993622303,0.0697999969124794,0.009100000374019146,0.6291999816894531,0.09160000085830688,0.13510000705718994,0.671500027179718
WBP11|Q9Y2W2,Nucleus,Nuclear localization signal,Soluble,0.4440999925136566,0.7457000017166138,0.01730000041425228,0.10300000011920929,0.050599999725818634,0.0013000000035390258,0.06710000336170197,0.08560000360012054,0.08049999922513962,0.00139999995008111,0.5680999755859375,0.027000000700354576,0.48489999771118164,0.7652999758720398
WBP4|O75554,Nucleus,Nuclear localization signal,Soluble,0.4000000059604645,0.9204000234603882,0.021800000220537186,0.061500001698732376,0.11550000309944153,0.006500000134110451,0.08139999955892563,0.010700000450015068,0.03869999945163727,0.00039999998989515007,0.43869999051094055,0.012400000356137753,0.2231999933719635,0.904699981212616
WDHD1|O75717,Nucleus,Nuclear localization signal,Soluble,0.23890000581741333,0.9510999917984009,0.011900000274181366,0.018400000408291817,0.03359999880194664,0.012500000186264515,0.03700000047683716,0.04859999939799309,0.08820000290870667,0.0020000000949949026,0.6008999943733215,0.03709999844431877,0.1850000023841858,0.784500002861023
WDR1|O75083,Cytoplasm|Nucleus,Nuclear localization signal,Soluble,0.7175999879837036,0.608299970626831,0.020500000566244125,0.14020000398159027,0.03799999877810478,0.005100000184029341,0.14990000426769257,0.1843000054359436,0.05209999904036522,0.010499999858438969,0.5408999919891357,0.017100000753998756,0.06610000133514404,0.7968999743461609
WDR11|Q9BZH6,Cytoplasm|Nucleus,Nuclear localization signal|Nuclear export signal,Peripheral|Soluble,0.5224999785423279,0.586899995803833,0.016499999910593033,0.1915999948978424,0.03660000115633011,0.004399999976158142,0.34470000863075256,0.4471000134944916,0.551800012588501,0.0017999999690800905,0.756600022315979,0.11959999799728394,0.15629999339580536,0.6218000054359436
WDR12|Q9GZL7,Nucleus,Nuclear localization signal,Soluble,0.24390000104904175,0.9204999804496765,0.021199999377131462,0.025699999183416367,0.09179999679327011,0.0019000000320374966,0.15459999442100525,0.03999999910593033,0.14219999313354492,0.00279999990016222,0.49470001459121704,0.023800000548362732,0.26260000467300415,0.8123999834060669
WDR18|Q9BV38,Cytoplasm|Nucleus,Nuclear export signal,Soluble,0.5189999938011169,0.5375000238418579,0.024399999529123306,0.2784999907016754,0.13500000536441803,0.0013000000035390258,0.335999995470047,0.3894999921321869,0.17010000348091125,0.012900000438094139,0.5605999827384949,0.10180000215768814,0.13979999721050262,0.7595999836921692
WDR25|Q64LD2,Nucleus,Nuclear export signal,Soluble,0.38260000944137573,0.8165000081062317,0.007799999788403511,0.04230000078678131,0.11490000039339066,0.003100000089034438,0.048900000751018524,0.03759999945759773,0.04650000110268593,0.1274999976158142,0.43160000443458557,0.08940000087022781,0.1396999955177307,0.7822999954223633
WDR3|Q9UNX4,Nucleus,Nuclear localization signal,Soluble,0.3544999957084656,0.7989000082015991,0.0210999995470047,0.045099999755620956,0.028300000354647636,0.0006000000284984708,0.14730000495910645,0.04780000075697899,0.09239999949932098,0.0010000000474974513,0.4896000027656555,0.0843999981880188,0.13009999692440033,0.7038999795913696
WDR33|Q9C0J8,Nucleus,Nuclear localization signal,Soluble,0.4023999869823456,0.8417999744415283,0.007400000002235174,0.08330000191926956,0.04540000110864639,0.003800000064074993,0.09610000252723694,0.020999999716877937,0.03310000151395798,0.00039999998989515007,0.49549999833106995,0.034699998795986176,0.1265999972820282,0.8159000277519226
WDR36|Q8NI36,Nucleus,Nuclear export signal,Soluble,0.4643000066280365,0.6065999865531921,0.005400000140070915,0.06840000301599503,0.028200000524520874,0.0013000000035390258,0.2980000078678131,0.24819999933242798,0.14659999310970306,0.003100000089034438,0.5153999924659729,0.11879999935626984,0.10130000114440918,0.7053999900817871
WDR4|P57081,Nucleus,Nuclear localization signal,Soluble,0.3375999927520752,0.9315999746322632,0.017999999225139618,0.03150000050663948,0.18150000274181366,0.0007999999797903001,0.2046000063419342,0.023499999195337296,0.038600001484155655,0.00430000014603138,0.397599995136261,0.09440000355243683,0.11050000041723251,0.8118000030517578
WDR43|Q15061,Nucleus,Nuclear localization signal,Soluble,0.20880000293254852,0.8090999722480774,0.08240000158548355,0.006500000134110451,0.02590000070631504,0.002899999963119626,0.16740000247955322,0.028999999165534973,0.1817999929189682,0.0008999999845400453,0.48240000009536743,0.09589999914169312,0.06530000269412994,0.7709000110626221
WDR44|Q5JSH3,Cytoplasm,Nuclear localization signal,Peripheral|Soluble,0.6313999891281128,0.3111000061035156,0.08219999819993973,0.28999999165534973,0.12549999356269836,0.009600000455975533,0.26019999384880066,0.4799000024795532,0.5939000248908997,0.020999999716877937,0.6425999999046326,0.08009999990463257,0.1737000048160553,0.6608999967575073
WDR46|O15213,Nucleus,Nuclear localization signal,Soluble,0.32019999623298645,0.8626000285148621,0.01549999974668026,0.048700001090765,0.08730000257492065,0.003000000026077032,0.05700000002980232,0.01640000008046627,0.04360000044107437,0.002099999925121665,0.3901999890804291,0.03610000014305115,0.20440000295639038,0.8680999875068665
WDR5|P61964,Cytoplasm|Nucleus,Nuclear localization signal,Soluble,0.5160999894142151,0.7113999724388123,0.029400000348687172,0.09799999743700027,0.15379999577999115,0.0019000000320374966,0.2492000013589859,0.06629999727010727,0.09700000286102295,0.008899999782443047,0.45010000467300415,0.03610000014305115,0.13660000264644623,0.8016999959945679
WDR55|Q9H6Y2,Nucleus,Nuclear localization signal|Nuclear export signal,Soluble,0.3984000086784363,0.8102999925613403,0.004800000227987766,0.058400001376867294,0.05290000140666962,0.005799999926239252,0.06710000336170197,0.08649999648332596,0.11659999936819077,0.0010000000474974513,0.32199999690055847,0.07900000363588333,0.08969999849796295,0.8392000198364258
WDR6|Q9NNW5,Cytoplasm|Nucleus|Lysosome/Vacuole,Nuclear localization signal|Nuclear export signal,Soluble,0.5942999720573425,0.5351999998092651,0.010900000110268593,0.21860000491142273,0.1680999994277954,0.006399999838322401,0.24869999289512634,0.5989999771118164,0.36309999227523804,0.006899999920278788,0.569599986076355,0.1655000001192093,0.15150000154972076,0.6467000246047974
WDR62|O43379,Cytoplasm,Nuclear export signal,Peripheral|Soluble,0.6399000287055969,0.39160001277923584,0.05490000173449516,0.17839999496936798,0.1817999929189682,0.0013000000035390258,0.41100001335144043,0.29980000853538513,0.2603999972343445,0.12389999628067017,0.6550999879837036,0.18860000371932983,0.16439999639987946,0.7019000053405762
WDR70|Q9NW82,Nucleus,Nuclear localization signal,Soluble,0.35519999265670776,0.9047999978065491,0.030799999833106995,0.013299999758601189,0.047200001776218414,0.0012000000569969416,0.1080000028014183,0.023800000548362732,0.050700001418590546,0.00279999990016222,0.30550000071525574,0.031300000846385956,0.08470000326633453,0.8668000102043152
WDR74|Q6RFH5,Nucleus,Nuclear localization signal,Soluble,0.2858000099658966,0.9309999942779541,0.0203000009059906,0.04729999974370003,0.08950000256299973,0.0005000000237487257,0.07930000126361847,0.01769999973475933,0.033900000154972076,0.006000000052154064,0.4016999900341034,0.08020000159740448,0.11339999735355377,0.838100016117096
WDR75|Q8IWA0,Nucleus,Nuclear localization signal,Soluble,0.2718000113964081,0.7319999933242798,0.045899998396635056,0.07810000330209732,0.06539999693632126,0.0031999999191612005,0.24279999732971191,0.0348999984562397,0.0843999981880188,0.0034000000450760126,0.48170000314712524,0.16899999976158142,0.1339000016450882,0.7091000080108643
WDR77|Q9BQA1,Cytoplasm|Nucleus,,Soluble,0.5629000067710876,0.7067000269889832,0.02419999986886978,0.07660000026226044,0.17520000040531158,0.002300000051036477,0.21879999339580536,0.20239999890327454,0.26179999113082886,0.11180000007152557,0.5450999736785889,0.0738999992609024,0.06840000301599503,0.7724999785423279
WDR82|Q6UXN9,Cytoplasm|Nucleus,,Peripheral|Soluble,0.47530001401901245,0.5415999889373779,0.0027000000700354576,0.1728000044822693,0.039799999445676804,0.002099999925121665,0.16359999775886536,0.10809999704360962,0.1111999973654747,0.013299999758601189,0.6554999947547913,0.035100001841783524,0.07590000331401825,0.6984999775886536
WDR83|Q9BRX9,Cytoplasm,,Peripheral|Soluble,0.46299999952316284,0.45739999413490295,0.007799999788403511,0.1062999963760376,0.1168999969959259,0.005499999970197678,0.19259999692440033,0.3116999864578247,0.2363000065088272,0.002300000051036477,0.6302000284194946,0.040699999779462814,0.07329999655485153,0.7421000003814697
WDR89|Q96FK6,Nucleus,Nuclear localization signal,Soluble,0.2935999929904938,0.9351999759674072,0.010999999940395355,0.012799999676644802,0.042899999767541885,0.00279999990016222,0.07970000058412552,0.022299999371170998,0.03440000116825104,0.010900000110268593,0.5825999975204468,0.03400000184774399,0.04729999974370003,0.761900007724762
WDSUB1|Q8N9V3,Cytoplasm|Nucleus,Nuclear export signal,Soluble,0.6643999814987183,0.541700005531311,0.014700000174343586,0.131400004029274,0.09860000014305115,0.013399999588727951,0.22419999539852142,0.36660000681877136,0.21240000426769257,0.004399999976158142,0.5227000117301941,0.05480000004172325,0.2029000073671341,0.8080000281333923
WRAP53|Q9BUR4,Cytoplasm|Nucleus,Nuclear export signal,Peripheral|Soluble,0.5809000134468079,0.7013999819755554,0.013500000350177288,0.03539999946951866,0.12110000103712082,0.000699999975040555,0.29260000586509705,0.2630999982357025,0.22370000183582306,0.0640999972820282,0.6201000213623047,0.06419999897480011,0.08049999922513962,0.7710000276565552
WRN|Q14191,Nucleus,Nuclear localization signal,Soluble,0.18889999389648438,0.9377999901771545,0.018699999898672104,0.020600000396370888,0.15530000627040863,0.05009999871253967,0.053700000047683716,0.05009999871253967,0.031300000846385956,0.036400001496076584,0.3959999978542328,0.06530000269412994,0.07029999792575836,0.8288000226020813
WTAP|Q15007,Nucleus,Nuclear localization signal,Soluble,0.37700000405311584,0.7789000272750854,0.09220000356435776,0.0794999971985817,0.11330000311136246,0.000699999975040555,0.04820000007748604,0.0706000030040741,0.1412999927997589,0.0024999999441206455,0.3950999975204468,0.029600000008940697,0.22310000658035278,0.8835999965667725
XAB2|Q9HCS7,Nucleus,Nuclear export signal,Peripheral|Soluble,0.2644999921321869,0.6007999777793884,0.03920000046491623,0.1370999962091446,0.07519999891519547,0.0017999999690800905,0.08980000019073486,0.2930999994277954,0.3098999857902527,0.030500000342726707,0.6697999835014343,0.03400000184774399,0.24250000715255737,0.7736999988555908
XPO1|O14980,Cytoplasm|Nucleus,Nuclear export signal,Peripheral|Soluble,0.566100001335144,0.6118999719619751,0.01730000041425228,0.2442999929189682,0.06419999897480011,0.0006000000284984708,0.20810000598430634,0.28780001401901245,0.323199987411499,0.002099999925121665,0.6696000099182129,0.09390000253915787,0.2475000023841858,0.6621999740600586
XPO5|Q9HAV4,Cytoplasm|Nucleus,Nuclear localization signal|Nuclear export signal,Peripheral|Soluble,0.5339999794960022,0.694599986076355,0.018400000408291817,0.24449999630451202,0.0430000014603138,0.003700000001117587,0.3262999951839447,0.19470000267028809,0.32919999957084656,0.0020000000949949026,0.6496999859809875,0.11309999972581863,0.12939999997615814,0.6787999868392944
XPO6|Q96QU8,Cytoplasm|Nucleus,Nuclear export signal,Peripheral|Soluble,0.5159000158309937,0.7059000134468079,0.0203000009059906,0.15780000388622284,0.03099999949336052,0.000699999975040555,0.3077999949455261,0.21719999611377716,0.3154999911785126,0.0024999999441206455,0.690500020980835,0.1168999969959259,0.11490000039339066,0.6486999988555908
XPO7|Q9UIA9,Cytoplasm|Nucleus,Nuclear export signal,Peripheral|Soluble,0.6044999957084656,0.7408000230789185,0.010300000198185444,0.16040000319480896,0.031700000166893005,0.0010999999940395355,0.3296999931335449,0.22139999270439148,0.3012000024318695,0.0008999999845400453,0.6535999774932861,0.12549999356269836,0.10220000147819519,0.6323999762535095
XPOT|O43592,Cytoplasm|Nucleus,Nuclear localization signal|Nuclear export signal,Peripheral|Soluble,0.5586000084877014,0.6952000260353088,0.023000000044703484,0.18150000274181366,0.02449999935925007,0.0005000000237487257,0.3407000005245209,0.2939999997615814,0.387800008058548,0.0019000000320374966,0.6534000039100647,0.08380000293254852,0.16089999675750732,0.707099974155426
XRCC5|P13010,Nucleus,Nuclear localization signal|Nuclear export signal,Soluble,0.43309998512268066,0.9107999801635742,0.058400001376867294,0.0430000014603138,0.06870000064373016,0.00139999995008111,0.02070000022649765,0.07079999893903732,0.04879999905824661,0.007400000002235174,0.49950000643730164,0.03909999877214432,0.07329999655485153,0.8210999965667725
XRCC6|P12956,Nucleus,Nuclear localization signal,Soluble,0.2240000069141388,0.9115999937057495,0.0406000018119812,0.04659999907016754,0.07479999959468842,0.0015999999595806003,0.03929999843239784,0.03590000048279762,0.02280000038444996,0.001500000013038516,0.5501000285148621,0.025800000876188278,0.0551999993622303,0.8165000081062317
XRN1|Q8IZH2,Cytoplasm|Nucleus,Nuclear localization signal,Soluble,0.5667999982833862,0.6927000284194946,0.014100000262260437,0.0778999999165535,0.06679999828338623,0.029899999499320984,0.10740000009536743,0.04809999838471413,0.07180000096559525,0.023800000548362732,0.5293999910354614,0.08139999955892563,0.09200000017881393,0.7261000275611877
XRN2|Q9H0D6,Cytoplasm|Nucleus,Nuclear localization signal,Soluble,0.5410000085830688,0.8162999749183655,0.04580000042915344,0.04619999974966049,0.09279999881982803,0.00279999990016222,0.06440000236034393,0.028599999845027924,0.011099999770522118,0.00019999999494757503,0.4864000082015991,0.06430000066757202,0.09529999643564224,0.7218999862670898
YARS1|P54577,Cytoplasm,,Soluble,0.5979999899864197,0.25440001487731934,0.10589999705553055,0.09149999916553497,0.07590000331401825,0.02810000069439411,0.36489999294281006,0.17810000479221344,0.19439999759197235,0.007899999618530273,0.4156999886035919,0.03550000116229057,0.15489999949932098,0.8248999714851379
YARS2|Q9Y2Z4,Mitochondrion,Mitochondrial transit peptide,Soluble,0.1404000073671341,0.1445000022649765,0.11699999868869781,0.07360000163316727,0.9217000007629395,0.003000000026077032,0.14229999482631683,0.04010000079870224,0.07779999822378159,0.022600000724196434,0.6157000064849854,0.17170000076293945,0.16009999811649323,0.6294000148773193
YBX1|P67809,Cytoplasm|Nucleus,Nuclear localization signal,Soluble,0.8122000098228455,0.6074000000953674,0.26010000705718994,0.06210000067949295,0.16300000250339508,0.000699999975040555,0.18299999833106995,0.028200000524520874,0.04830000177025795,0.0035000001080334187,0.2890999913215637,0.026399999856948853,0.2962999939918518,0.8865000009536743
YBX2|Q9Y2T7,Cytoplasm,Nuclear localization signal,Soluble,0.7759000062942505,0.4975999891757965,0.09070000052452087,0.06650000065565109,0.1006999984383583,0.0020000000949949026,0.13699999451637268,0.02630000002682209,0.037700001150369644,0.0038999998942017555,0.32589998841285706,0.03350000083446503,0.27630001306533813,0.8751000165939331
YBX3|P16989,Cytoplasm|Nucleus,Nuclear localization signal,Soluble,0.8427000045776367,0.6585000157356262,0.18850000202655792,0.051600001752376556,0.19779999554157257,0.0005000000237487257,0.12770000100135803,0.05380000174045563,0.04839999973773956,0.00570000009611249,0.35749998688697815,0.02969999983906746,0.32829999923706055,0.8769999742507935
YLPM1|P49750,Nucleus,Nuclear localization signal,Soluble,0.275299996137619,0.9265999794006348,0.053700000047683716,0.04740000143647194,0.09610000252723694,0.002400000113993883,0.10249999910593033,0.03180000185966492,0.035100001841783524,0.00039999998989515007,0.4952000081539154,0.029500000178813934,0.18860000371932983,0.8682000041007996
YTHDC1|Q96MU7,Nucleus,Nuclear localization signal,Soluble,0.20309999585151672,0.9697999954223633,0.0421999990940094,0.02850000001490116,0.03759999945759773,0.0008999999845400453,0.029200000688433647,0.01899999938905239,0.00419999985024333,0.003000000026077032,0.44290000200271606,0.05920000001788139,0.10599999874830246,0.8210999965667725
YTHDC2|Q9H6S0,Cytoplasm|Nucleus,Nuclear localization signal|Nuclear export signal,Soluble,0.6154000163078308,0.548799991607666,0.029200000688433647,0.08259999752044678,0.23170000314712524,0.016200000420212746,0.08349999785423279,0.037300001829862595,0.09139999747276306,0.004100000020116568,0.529699981212616,0.0820000022649765,0.08219999819993973,0.7569000124931335
YTHDF1|Q9BYJ9,Cytoplasm|Nucleus,Nuclear localization signal,Soluble,0.7452999949455261,0.5561000108718872,0.07689999788999557,0.08420000225305557,0.045099999755620956,0.006099999882280827,0.1347000002861023,0.037700001150369644,0.07559999823570251,0.008500000461935997,0.5012000203132629,0.04089999943971634,0.10159999877214432,0.7888000011444092
YTHDF2|Q9Y5A9,Cytoplasm|Nucleus,Nuclear localization signal,Soluble,0.73580002784729,0.6057999730110168,0.08780000358819962,0.05620000138878822,0.03060000017285347,0.008999999612569809,0.16339999437332153,0.04230000078678131,0.07840000092983246,0.018300000578165054,0.5242999792098999,0.04259999841451645,0.09480000287294388,0.7724999785423279
YTHDF3|Q7Z739,Cytoplasm|Nucleus,Nuclear localization signal,Soluble,0.8003000020980835,0.5702999830245972,0.1234000027179718,0.07890000194311142,0.03660000115633011,0.006200000178068876,0.13619999587535858,0.015300000086426735,0.0406000018119812,0.007799999788403511,0.5131000280380249,0.03530000150203705,0.094200000166893,0.7872999906539917
YWHAB|P31946,Cytoplasm|Nucleus,Nuclear export signal,Soluble,0.782800018787384,0.5551000237464905,0.03240000084042549,0.26179999113082886,0.11400000005960464,0.0005000000237487257,0.1080000028014183,0.3278000056743622,0.10459999740123749,0.08540000021457672,0.46810001134872437,0.012500000186264515,0.14190000295639038,0.8636999726295471
YWHAE|P62258,Cytoplasm|Nucleus,Nuclear export signal,Soluble,0.7717999815940857,0.5501999855041504,0.026000000536441803,0.19059999287128448,0.0892999991774559,0.002199999988079071,0.1054999977350235,0.4731000065803528,0.19470000267028809,0.17640000581741333,0.48980000615119934,0.013899999670684338,0.125,0.8529999852180481
YWHAG|P61981,Cytoplasm|Nucleus,Nuclear export signal,Soluble,0.8169999718666077,0.5389000177383423,0.026000000536441803,0.2094999998807907,0.0934000015258789,0.0010000000474974513,0.11640000343322754,0.3610999882221222,0.11349999904632568,0.08510000258684158,0.45590001344680786,0.010400000028312206,0.09960000216960907,0.8779000043869019
YWHAZ|P63104,Cytoplasm|Nucleus,Nuclear export signal,Soluble,0.7839999794960022,0.5421000123023987,0.031700000166893005,0.28189998865127563,0.12800000607967377,0.000699999975040555,0.10980000346899033,0.3596000075340271,0.12439999729394913,0.09080000221729279,0.5097000002861023,0.013899999670684338,0.16580000519752502,0.8546000123023987
ZC3H10|Q96K80,Nucleus,Nuclear localization signal,Soluble,0.3273000121116638,0.84579998254776,0.06419999897480011,0.01549999974668026,0.0430000014603138,0.0007999999797903001,0.032999999821186066,0.053700000047683716,0.007300000172108412,0.00019999999494757503,0.4408999979496002,0.04729999974370003,0.07649999856948853,0.8371999859809875
ZC3H11A|O75152,Cytoplasm|Nucleus,Nuclear localization signal|Nuclear export signal,Soluble,0.5569000244140625,0.7867000102996826,0.043699998408555984,0.11590000241994858,0.09809999912977219,0.0015999999595806003,0.025499999523162842,0.06679999828338623,0.0835999995470047,0.006399999838322401,0.49230000376701355,0.06270000338554382,0.2944999933242798,0.8082000017166138
ZC3H11B|A0A1B0GTU1,Cytoplasm|Nucleus,Nuclear localization signal|Nuclear export signal,Soluble,0.521399974822998,0.7376999855041504,0.05609999969601631,0.11599999666213989,0.07029999792575836,0.0019000000320374966,0.031099999323487282,0.06109999865293503,0.0851999968290329,0.00839999970048666,0.42320001125335693,0.08009999990463257,0.2409999966621399,0.8159000277519226
ZC3H12B|Q5HYM0,Cytoplasm,Nuclear localization signal,Soluble,0.6686999797821045,0.43050000071525574,0.023600000888109207,0.11100000143051147,0.15039999783039093,0.002300000051036477,0.2295999974012375,0.09600000083446503,0.11909999698400497,0.0019000000320374966,0.5609999895095825,0.04879999905824661,0.13910000026226044,0.8134999871253967
ZC3H12C|Q9C0D7,Cytoplasm,Nuclear localization signal,Soluble,0.6766999959945679,0.461899995803833,0.033799998462200165,0.11879999935626984,0.13079999387264252,0.0026000000070780516,0.23309999704360962,0.12630000710487366,0.11810000240802765,0.003000000026077032,0.5770000219345093,0.05829999968409538,0.1598999947309494,0.7882999777793884
ZC3H12D|A2A288,Cytoplasm,Nuclear localization signal,Peripheral|Soluble,0.6759999990463257,0.41850000619888306,0.04439999908208847,0.13850000500679016,0.2703999876976013,0.0007999999797903001,0.25429999828338623,0.1737000048160553,0.20569999516010284,0.0031999999191612005,0.6298999786376953,0.0544000007212162,0.1193000003695488,0.8130000233650208
ZC3H13|Q5T200,Nucleus,Nuclear localization signal,Soluble,0.28119999170303345,0.8889999985694885,0.04879999905824661,0.04650000110268593,0.051899999380111694,0.002400000113993883,0.010599999688565731,0.012600000016391277,0.010999999940395355,0.0010999999940395355,0.3666999936103821,0.06589999794960022,0.12129999697208405,0.8514000177383423
ZC3H14|Q6PJT7,Nucleus,Nuclear localization signal,Soluble,0.38679999113082886,0.8170999884605408,0.049800001084804535,0.019999999552965164,0.05909999832510948,0.000699999975040555,0.07959999889135361,0.0544000007212162,0.03709999844431877,0.011099999770522118,0.5677000284194946,0.01979999989271164,0.20520000159740448,0.8550999760627747
ZC3H15|Q8WU90,Nucleus,Nuclear localization signal,Soluble,0.3668999969959259,0.7346000075340271,0.01489999983459711,0.0494999997317791,0.07020000368356705,0.0017000000225380063,0.045099999755620956,0.01769999973475933,0.046300001442432404,0.0006000000284984708,0.4742000102996826,0.019200000911951065,0.12700000405311584,0.8733000159263611
ZC3H18|Q86VM9,Nucleus,Nuclear localization signal,Soluble,0.33869999647140503,0.7026000022888184,0.1257999986410141,0.2011999934911728,0.13779999315738678,0.00019999999494757503,0.14820000529289246,0.01810000091791153,0.06759999692440033,0.0008999999845400453,0.42239999771118164,0.05249999836087227,0.26350000500679016,0.8679999709129333
ZC3H3|Q8IXZ2,Nucleus,Nuclear localization signal,Soluble,0.37599998712539673,0.7587000131607056,0.12800000607967377,0.04690000042319298,0.14190000295639038,0.00039999998989515007,0.031300000846385956,0.025299999862909317,0.03150000050663948,0.01119999960064888,0.33970001339912415,0.06520000100135803,0.14489999413490295,0.8761000037193298
ZC3H4|Q9UPT8,Nucleus,Nuclear localization signal,Soluble,0.35929998755455017,0.8982999920845032,0.2556999921798706,0.01899999938905239,0.01850000023841858,0.002199999988079071,0.06620000302791595,0.028699999675154686,0.07859999686479568,0.00019999999494757503,0.4708000123500824,0.04800000041723251,0.21570000052452087,0.838699996471405
ZC3H6|P61129,Nucleus,Nuclear localization signal,Soluble,0.2946999967098236,0.9214000105857849,0.15150000154972076,0.025100000202655792,0.014600000344216824,0.002199999988079071,0.043800000101327896,0.022299999371170998,0.04809999838471413,0.00039999998989515007,0.4284999966621399,0.05040000006556511,0.17309999465942383,0.8422999978065491
ZC3H7A|Q8IWR0,Cytoplasm|Nucleus,Nuclear localization signal|Nuclear export signal,Soluble,0.58160001039505,0.6866000294685364,0.05550000071525574,0.042100001126527786,0.06300000101327896,0.006099999882280827,0.058800000697374344,0.11429999768733978,0.10899999737739563,0.004399999976158142,0.4629000127315521,0.04479999840259552,0.07980000227689743,0.8475000262260437
ZC3H7B|Q9UGR2,Cytoplasm|Nucleus,Nuclear export signal,Soluble,0.534600019454956,0.684499979019165,0.026200000196695328,0.038100000470876694,0.09849999845027924,0.00139999995008111,0.07999999821186066,0.1460999995470047,0.0794999971985817,0.0031999999191612005,0.4560999870300293,0.05050000175833702,0.10490000247955322,0.8561999797821045
ZC3H8|Q8N5P1,Nucleus,Nuclear localization signal,Soluble,0.3917999863624573,0.7736999988555908,0.1265999972820282,0.01889999955892563,0.0502999983727932,0.0035000001080334187,0.059300001710653305,0.012299999594688416,0.0421999990940094,0.0005000000237487257,0.42719998955726624,0.07580000162124634,0.16189999878406525,0.7742999792098999
ZC3HAV1|Q7Z2W4,Cytoplasm|Nucleus,Nuclear localization signal,Soluble,0.6536999940872192,0.5698999762535095,0.1738000065088272,0.13369999825954437,0.10400000214576721,0.00279999990016222,0.15479999780654907,0.16869999468326569,0.11680000275373459,0.011500000022351742,0.3720000088214874,0.09000000357627869,0.6409000158309937,0.7067000269889832
ZC3HAV1L|Q96H79,Cytoplasm|Nucleus,Nuclear localization signal,Soluble,0.4821999967098236,0.675599992275238,0.2660999894142151,0.03420000150799751,0.11330000311136246,0.00039999998989515007,0.059300001710653305,0.03840000182390213,0.023399999365210533,0.0032999999821186066,0.5070000290870667,0.053300000727176666,0.15049999952316284,0.8371000289916992
ZCCHC13|Q8WW36,Cytoplasm,,Soluble,0.571399986743927,0.5123000144958496,0.3321000039577484,0.10320000350475311,0.13009999692440033,0.012799999676644802,0.13600000739097595,0.20550000667572021,0.0860000029206276,0.004399999976158142,0.17520000040531158,0.061000000685453415,0.04569999873638153,0.8652999997138977
ZCCHC17|Q9NP64,Nucleus,Nuclear localization signal,Soluble,0.2418999969959259,0.8948000073432922,0.05270000174641609,0.10109999775886536,0.00559999980032444,0.0015999999595806003,0.0812000036239624,0.03880000114440918,0.039400000125169754,0.0010999999940395355,0.3314000070095062,0.05480000004172325,0.18940000236034393,0.8567000031471252
ZCCHC3|Q9NUD5,Cytoplasm|Nucleus,Nuclear localization signal,Soluble,0.6207000017166138,0.6581000089645386,0.25290000438690186,0.06120000034570694,0.03709999844431877,0.019099999219179153,0.12860000133514404,0.04769999906420708,0.12269999831914902,0.0007999999797903001,0.43720000982284546,0.09399999678134918,0.09830000251531601,0.7960000038146973
ZCCHC7|Q8N3Z6,Nucleus,Nuclear localization signal,Soluble,0.40070000290870667,0.8889999985694885,0.1062999963760376,0.053300000727176666,0.06949999928474426,0.0006000000284984708,0.08190000057220459,0.04839999973773956,0.03779999911785126,0.00039999998989515007,0.28439998626708984,0.12129999697208405,0.07590000331401825,0.8115000128746033
ZCCHC8|Q6NZY4,Cytoplasm|Nucleus,Nuclear localization signal,Soluble,0.5248000025749207,0.8955000042915344,0.066600002348423,0.05770000070333481,0.0632999986410141,0.0010999999940395355,0.11400000005960464,0.056699998676776886,0.034699998795986176,0.001500000013038516,0.41370001435279846,0.04910000041127205,0.12790000438690186,0.8568999767303467
ZCCHC9|Q8N567,Cytoplasm|Nucleus,Nuclear localization signal,Soluble,0.5099999904632568,0.7432000041007996,0.01679999940097332,0.10279999673366547,0.12210000306367874,0.007600000128149986,0.14329999685287476,0.04780000075697899,0.15189999341964722,0.002300000051036477,0.29179999232292175,0.03750000149011612,0.17409999668598175,0.8531000018119812
ZCRB1|Q8TBF4,Nucleus,Nuclear localization signal,Soluble,0.42489999532699585,0.8342999815940857,0.031700000166893005,0.028999999165534973,0.014299999922513962,0.012000000104308128,0.13120000064373016,0.02459999918937683,0.09740000218153,0.0005000000237487257,0.25999999046325684,0.03629999980330467,0.08340000361204147,0.8852999806404114
ZFC3H1|O60293,Cytoplasm|Nucleus,Nuclear localization signal,Soluble,0.4821999967098236,0.817300021648407,0.018300000578165054,0.03319999948143959,0.13359999656677246,0.021299999207258224,0.05130000039935112,0.04450000077486038,0.07559999823570251,0.031099999323487282,0.5001000165939331,0.08139999955892563,0.06639999896287918,0.7764000296592712
ZFHX4|Q86UP3,Nucleus,Nuclear localization signal,Soluble,0.32580000162124634,0.9172000288963318,0.04500000178813934,0.015599999576807022,0.023099999874830246,0.01899999938905239,0.04619999974966049,0.013899999670684338,0.025499999523162842,0.0006000000284984708,0.4011000096797943,0.0949999988079071,0.07800000160932541,0.8260999917984009
ZFP36|P26651,Cytoplasm,Nuclear export signal,Soluble,0.7020999789237976,0.5210000276565552,0.00839999970048666,0.14270000159740448,0.16030000150203705,0.004699999932199717,0.07779999822378159,0.13420000672340393,0.07079999893903732,0.01769999973475933,0.43880000710487366,0.09130000323057175,0.06939999759197235,0.7597000002861023
ZFP36L1|Q07352,Cytoplasm|Nucleus,Nuclear localization signal|Nuclear export signal,Soluble,0.6990000009536743,0.6237000226974487,0.011900000274181366,0.10620000213384628,0.09480000287294388,0.0017000000225380063,0.07699999958276749,0.1289999932050705,0.06780000030994415,0.002899999963119626,0.5081999897956848,0.06909999996423721,0.07500000298023224,0.777999997138977
ZFP36L2|P47974,Cytoplasm|Nucleus,Nuclear export signal,Soluble,0.7103000283241272,0.5623999834060669,0.0142000000923872,0.09679999947547913,0.08669999986886978,0.0013000000035390258,0.06030000001192093,0.12939999997615814,0.08479999750852585,0.002099999925121665,0.5227000117301941,0.08269999921321869,0.08460000157356262,0.7533000111579895
ZFR|Q96KR1,Nucleus,Nuclear localization signal,Soluble,0.44530001282691956,0.9347000122070312,0.10930000245571136,0.019999999552965164,0.17880000174045563,0.0020000000949949026,0.24879999458789825,0.01080000028014183,0.01640000008046627,0.0013000000035390258,0.48410001397132874,0.07500000298023224,0.18389999866485596,0.7387999892234802
ZFR2|Q9UPR6,Cytoplasm|Nucleus,Nuclear localization signal,Soluble,0.5180000066757202,0.8916000127792358,0.07129999995231628,0.025299999862909317,0.16869999468326569,0.000699999975040555,0.3310000002384186,0.020999999716877937,0.027400000020861626,0.0027000000700354576,0.43810001015663147,0.05700000002980232,0.1348000019788742,0.8303999900817871
ZGPAT|Q8N5A5,Cytoplasm|Nucleus,Nuclear localization signal|Nuclear export signal,Soluble,0.5446000099182129,0.680899977684021,0.04540000110864639,0.13349999487400055,0.2313999980688095,0.0007999999797903001,0.06109999865293503,0.05860000103712082,0.03660000115633011,0.004600000102072954,0.5170999765396118,0.05180000141263008,0.25119999051094055,0.8356000185012817
ZGRF1|Q86YA3,Cytoplasm|Nucleus,Nuclear localization signal,Soluble,0.5733000040054321,0.7767000198364258,0.1264999955892563,0.029400000348687172,0.1412999927997589,0.007600000128149986,0.07590000331401825,0.01720000058412552,0.04010000079870224,0.015300000086426735,0.5153999924659729,0.11699999868869781,0.15230000019073486,0.7559999823570251
ZMAT2|Q96NC0,Nucleus,Nuclear localization signal,Soluble,0.2703000009059906,0.8761000037193298,0.024800000712275505,0.02160000056028366,0.10649999976158142,0.007300000172108412,0.1023000031709671,0.01850000023841858,0.05609999969601631,0.000699999975040555,0.3790999948978424,0.02160000056028366,0.1062999963760376,0.849399983882904
ZMAT3|Q9HA38,Cytoplasm|Nucleus,Nuclear localization signal,Soluble,0.4893999993801117,0.8220000267028809,0.11169999837875366,0.013299999758601189,0.07349999994039536,0.002099999925121665,0.08049999922513962,0.03539999946951866,0.025100000202655792,0.0007999999797903001,0.37439998984336853,0.07240000367164612,0.16300000250339508,0.8396999835968018
ZMAT5|Q9UDW3,Cytoplasm|Nucleus,Nuclear localization signal,Soluble,0.4772000014781952,0.7468000054359436,0.010099999606609344,0.006200000178068876,0.07329999655485153,0.0017999999690800905,0.07769999653100967,0.03099999949336052,0.04670000076293945,0.0038999998942017555,0.325300008058548,0.022199999541044235,0.07699999958276749,0.8776000142097473
ZMYM2|Q9UBW7,Nucleus,Nuclear localization signal,Soluble,0.44600000977516174,0.9301000237464905,0.03480000048875809,0.06469999998807907,0.08429999649524689,0.0024999999441206455,0.08429999649524689,0.05350000038743019,0.06379999965429306,0.0017000000225380063,0.4343999922275543,0.09830000251531601,0.12370000034570694,0.7760999798774719
ZMYM3|Q14202,Nucleus,Nuclear localization signal,Soluble,0.33469998836517334,0.9254999756813049,0.04399999976158142,0.04170000180602074,0.1273999959230423,0.0015999999595806003,0.06870000064373016,0.02979999966919422,0.045099999755620956,0.0024999999441206455,0.43720000982284546,0.1298000067472458,0.11819999665021896,0.7667999863624573
ZMYM4|Q5VZL5,Nucleus,Nuclear localization signal,Soluble,0.22920000553131104,0.9520999789237976,0.04349999874830246,0.035100001841783524,0.09520000219345093,0.003100000089034438,0.02590000070631504,0.020800000056624413,0.0203000009059906,0.0024999999441206455,0.40689998865127563,0.12800000607967377,0.11940000206232071,0.7695000171661377
ZNF106|Q9H2Y7,Cytoplasm|Nucleus,Nuclear localization signal|Nuclear export signal,Soluble,0.5192000269889832,0.7196999788284302,0.04729999974370003,0.11959999799728394,0.08669999986886978,0.006099999882280827,0.06530000269412994,0.09350000321865082,0.05849999934434891,0.01269999984651804,0.4124999940395355,0.13830000162124634,0.1071000024676323,0.7714999914169312
ZNF207|O43670,Cytoplasm|Nucleus,Nuclear localization signal,Soluble,0.5309000015258789,0.847100019454956,0.02449999935925007,0.04749999940395355,0.0617000013589859,0.0005000000237487257,0.05920000001788139,0.03180000185966492,0.05310000106692314,0.00019999999494757503,0.3955000042915344,0.011500000022351742,0.15680000185966492,0.8813999891281128
ZNF277|Q9NRM2,Cytoplasm|Nucleus,Nuclear localization signal|Nuclear export signal,Soluble,0.6144999861717224,0.7013000249862671,0.0608999989926815,0.04969999939203262,0.16269999742507935,0.0010999999940395355,0.08649999648332596,0.06560000032186508,0.07240000367164612,0.017500000074505806,0.35269999504089355,0.10159999877214432,0.17139999568462372,0.8080000281333923
ZNF318|Q5VUA4,Nucleus,Nuclear localization signal,Soluble,0.3977999985218048,0.9422000050544739,0.006200000178068876,0.03009999915957451,0.05180000141263008,0.0034000000450760126,0.04170000180602074,0.01489999983459711,0.016300000250339508,0.015200000256299973,0.2816999852657318,0.11110000312328339,0.08060000091791153,0.8756999969482422
ZNF326|Q5BKZ1,Nucleus,Nuclear localization signal,Soluble,0.3328999876976013,0.970300018787384,0.023099999874830246,0.013299999758601189,0.05889999866485596,0.00430000014603138,0.04919999837875366,0.013700000010430813,0.006200000178068876,0.00019999999494757503,0.3172000050544739,0.060100000351667404,0.06319999694824219,0.8628000020980835
ZNF346|Q9UL40,Cytoplasm|Nucleus,Nuclear localization signal,Soluble,0.47749999165534973,0.5902000069618225,0.061000000685453415,0.029100000858306885,0.18320000171661377,0.002099999925121665,0.20479999482631683,0.10350000113248825,0.21439999341964722,0.012500000186264515,0.34619998931884766,0.04780000075697899,0.13189999759197235,0.8780999779701233
ZNF385A|Q96PM9,Nucleus,Nuclear localization signal,Soluble,0.3190999925136566,0.7882000207901001,0.035100001841783524,0.024299999698996544,0.0568000003695488,0.0008999999845400453,0.04100000113248825,0.010400000028312206,0.014299999922513962,0.0008999999845400453,0.38940000534057617,0.09790000319480896,0.1835000067949295,0.8093000054359436
ZNF593|O00488,Nucleus,Nuclear localization signal,Soluble,0.2451000064611435,0.8026999831199646,0.029999999329447746,0.050200000405311584,0.23309999704360962,0.006599999964237213,0.09939999878406525,0.009499999694526196,0.03359999880194664,0.0003000000142492354,0.2459000051021576,0.08190000057220459,0.10140000283718109,0.8235999941825867
ZNF598|Q86UK7,Cytoplasm|Nucleus,Nuclear localization signal,Soluble,0.7089999914169312,0.7810999751091003,0.07450000196695328,0.05429999902844429,0.09939999878406525,0.0003000000142492354,0.12919999659061432,0.14970000088214874,0.13729999959468842,0.0031999999191612005,0.5034999847412109,0.057999998331069946,0.15389999747276306,0.8427000045776367
ZNF622|Q969S3,Nucleus,Nuclear localization signal,Soluble,0.4675999879837036,0.5939000248908997,0.026000000536441803,0.06440000236034393,0.1574999988079071,0.005499999970197678,0.11180000007152557,0.0771000012755394,0.10369999706745148,0.0015999999595806003,0.30709999799728394,0.028999999165534973,0.12860000133514404,0.8618000149726868
ZNF638|Q14966,Nucleus,Nuclear localization signal,Soluble,0.257099986076355,0.9332000017166138,0.04989999905228615,0.01769999973475933,0.04309999942779541,0.006599999964237213,0.07400000095367432,0.0052999998442828655,0.016300000250339508,0.001500000013038516,0.3208000063896179,0.0625,0.13289999961853027,0.8715999722480774
ZNF768|Q9H5H4,Nucleus,Nuclear localization signal,Soluble,0.257999986410141,0.8274999856948853,0.020400000736117363,0.14489999413490295,0.13729999959468842,0.0012000000569969416,0.02879999950528145,0.08810000121593475,0.03200000151991844,0.001500000013038516,0.3147999942302704,0.10920000076293945,0.11129999905824661,0.8525999784469604
ZNF830|Q96NB3,Nucleus,Nuclear localization signal,Soluble,0.25609999895095825,0.9103000164031982,0.026399999856948853,0.007400000002235174,0.13130000233650208,0.0024999999441206455,0.05739999935030937,0.020999999716877937,0.055799998342990875,0.0024999999441206455,0.421099990606308,0.032499998807907104,0.06859999895095825,0.8325999975204468
ZNFX1|Q9P2E3,Cytoplasm|Nucleus,,Soluble,0.5809999704360962,0.6485000252723694,0.03799999877810478,0.08429999649524689,0.06109999865293503,0.004800000227987766,0.2800999879837036,0.13699999451637268,0.12030000239610672,0.003800000064074993,0.48899999260902405,0.040800001472234726,0.11670000106096268,0.8154000043869019
ZNHIT6|Q9NWK9,Nucleus,Nuclear localization signal,Soluble,0.3382999897003174,0.9279000163078308,0.04340000078082085,0.038100000470876694,0.2150000035762787,0.0006000000284984708,0.06700000166893005,0.07450000196695328,0.07129999995231628,0.002199999988079071,0.45680001378059387,0.033399999141693115,0.15479999780654907,0.8567000031471252
ZPR1|O75312,Cytoplasm|Nucleus,Nuclear localization signal|Nuclear export signal,Peripheral|Soluble,0.8047999739646912,0.7042999863624573,0.007499999832361937,0.28540000319480896,0.27810001373291016,0.005100000184029341,0.188400000333786,0.2037000060081482,0.2370000034570694,0.008200000040233135,0.6352999806404114,0.026200000196695328,0.14869999885559082,0.805899977684021
ZRANB1|Q9UGI0,Cytoplasm,Nuclear export signal,Peripheral|Soluble,0.7300999760627747,0.44830000400543213,0.009700000286102295,0.14159999787807465,0.07069999724626541,0.0024999999441206455,0.4025999903678894,0.2976999878883362,0.5159000158309937,0.0008999999845400453,0.6887999773025513,0.07169999927282333,0.17319999635219574,0.7021999955177307
ZRANB2|O95218,Nucleus,Nuclear localization signal,Soluble,0.16210000216960907,0.9081000089645386,0.02280000038444996,0.05530000105500221,0.10610000044107437,0.012799999676644802,0.13729999959468842,0.008700000122189522,0.04500000178813934,0.0044999998062849045,0.44200000166893005,0.01720000058412552,0.14749999344348907,0.8650000095367432
ZRANB3|Q5FWF4,Nucleus,Nuclear localization signal,Soluble,0.31790000200271606,0.9115999937057495,0.08410000056028366,0.028999999165534973,0.09220000356435776,0.0017999999690800905,0.10700000077486038,0.053599998354911804,0.03999999910593033,0.0007999999797903001,0.44200000166893005,0.06679999828338623,0.16850000619888306,0.8104000091552734
ZRSR2|Q15696,Nucleus,Nuclear localization signal,Soluble,0.35830000042915344,0.8288999795913696,0.0771000012755394,0.06300000101327896,0.05220000073313713,0.0015999999595806003,0.13699999451637268,0.007799999788403511,0.015699999406933784,0.001500000013038516,0.37779998779296875,0.05649999901652336,0.18379999697208405,0.8478000164031982
ZRSR2P1|Q15695,Nucleus,Nuclear localization signal,Soluble,0.38100001215934753,0.8180999755859375,0.09030000120401382,0.048900000751018524,0.0430000014603138,0.0012000000569969416,0.10899999737739563,0.007499999832361937,0.01720000058412552,0.001500000013038516,0.41130000352859497,0.0608999989926815,0.18970000743865967,0.838100016117096
ZYX|Q15942,Cytoplasm,Nuclear export signal,Peripheral|Soluble,0.7907999753952026,0.3192000091075897,0.07729999721050262,0.259799987077713,0.0934000015258789,0.00139999995008111,0.15150000154972076,0.2971999943256378,0.3580000102519989,0.0019000000320374966,0.6728000044822693,0.027499999850988388,0.20909999310970306,0.8278999924659729
