id	NUCLEAR_SPECKLE_Score	P-BODY_Score	PML-BDOY_Score	POST_SYNAPTIC_DENSITY_Score	STRESS_GRANULE_Score	CHROMOSOME_Score	NUCLEOLUS_Score	NUCLEAR_PORE_COMPLEX_Score	CAJAL_BODY_Score	RNA_GRANULE_Score	CELL_JUNCTION_Score	TRANSCRIPTIONAL_Score
AHNAK|Q09666	NA	NA	NA	NA	NA	NA	NA	NA	NA	NA	NA	NA
DST|Q03001	NA	NA	NA	NA	NA	NA	NA	NA	NA	NA	NA	NA
EPPK1|P58107	NA	NA	NA	NA	NA	NA	NA	NA	NA	NA	NA	NA
KMT2D|O14686	NA	NA	NA	NA	NA	NA	NA	NA	NA	NA	NA	NA
MACF1|Q9UPN3	NA	NA	NA	NA	NA	NA	NA	NA	NA	NA	NA	NA
MDN1|Q9NU22	NA	NA	NA	NA	NA	NA	NA	NA	NA	NA	NA	NA
SYNE1|Q8NF91	NA	NA	NA	NA	NA	NA	NA	NA	NA	NA	NA	NA
SYNE2|Q8WXH0	NA	NA	NA	NA	NA	NA	NA	NA	NA	NA	NA	NA
RPL41|P62945	0.0000	0.0003	0.0000	0.0000	0.0000	0.9975	0.9995	0.0000	0.0000	0.0000	0.0000	0.0000
RPL39|P62891	0.0000	0.4984	0.0001	0.0000	0.0001	0.8082	0.0258	0.0000	0.0000	0.0000	0.0003	0.0000
RPL39L|Q96EH5	0.0000	0.1536	0.0000	0.0000	0.0000	0.6208	0.0076	0.0001	0.0000	0.0000	0.0031	0.0000
RPS29|P62273	0.0000	0.9871	0.0000	0.0000	0.0382	0.0000	0.0000	0.0000	0.0000	0.0000	0.0000	0.0000
NOP10|Q9NPE3	0.0000	0.0000	0.0000	0.0000	0.0000	0.0000	1.0000	0.0000	0.9996	0.0000	0.0000	0.0000
TMA7|Q9Y2S6	0.0000	0.0000	0.0000	0.0000	0.0008	0.5326	0.9999	0.0000	0.0000	0.0000	0.0000	0.0000
MRPL33|O75394	0.0000	0.0000	0.0000	0.0000	0.0000	1.0000	0.2226	0.0001	0.0000	0.0000	0.0000	0.0000
RPS28|P62857	0.0005	0.6047	0.0000	0.0001	0.0001	0.0001	0.0001	0.0004	0.0000	0.0000	0.3569	0.0000
RPL38|P63173	0.0000	0.0000	0.0000	0.0578	0.0000	0.0099	0.0441	0.0001	0.0000	0.0000	0.0000	0.0000
SNRPG|P62308	0.0000	0.9513	0.0000	0.0000	0.5804	0.0001	0.2295	0.0000	0.0000	0.0000	0.0000	0.0000
SNRPGP15|A8MWD9	0.0000	0.8679	0.0000	0.0000	0.0019	0.2119	0.2365	0.0002	0.0000	0.0000	0.0000	0.0000
LSM6|P62312	0.0000	0.9995	0.0000	0.0000	0.0034	0.0135	0.0000	0.0000	0.0000	0.0000	0.0000	0.0000
RPS21|P63220	0.0000	0.9579	0.0000	0.0035	0.0467	0.0000	0.0000	0.0004	0.0000	0.0000	0.0069	0.0000
RPS27|P42677	0.0000	0.0010	0.0002	0.8902	0.0000	0.0000	0.0010	0.0000	0.0000	0.0000	0.0000	0.0000
RPS27L|Q71UM5	0.0000	0.0001	0.0002	0.0360	0.0000	0.0001	0.7406	0.0000	0.0000	0.0000	0.0000	0.0000
SF3B5|Q9BWJ5	0.0000	0.9940	0.0000	0.0000	0.0001	0.0000	0.0000	0.0004	0.0000	0.0000	0.0028	0.0000
SNRPF|P62306	0.0000	0.9637	0.0000	0.0000	0.9366	0.0000	0.0075	0.0000	0.0000	0.0000	0.0000	0.0000
SRP9|P49458	0.0000	0.9661	0.0000	0.0001	0.0000	0.0000	0.0000	0.0046	0.0000	0.0000	0.0691	0.0000
MRPS21|P82921	0.0000	0.0103	0.0000	0.0000	0.0000	0.9846	0.1527	0.0000	0.0000	0.0000	0.0000	0.0000
LSM5|Q9Y4Y9	0.0000	0.9973	0.0000	0.0000	0.0008	0.0000	0.0031	0.0000	0.0000	0.0000	0.0003	0.0000
MRPL34|Q9BQ48	0.0000	0.4555	0.0000	0.0000	0.0000	0.0136	0.0007	0.0000	0.0000	0.0000	0.0000	0.0000
RPL37A|P61513	0.0000	0.2843	0.0000	0.7225	0.5270	0.0000	0.0000	0.0000	0.0000	0.0000	0.0005	0.0001
SNRPE|P62304	0.0026	0.9524	0.0177	0.0000	0.0000	0.0001	0.0000	0.0008	0.0001	0.0000	0.0000	0.0002
LSM2|Q9Y333	0.0129	0.9998	0.0000	0.0000	0.0000	0.0000	0.0000	0.0000	0.0000	0.0000	0.0000	0.0000
SUMO2|P61956	0.0008	0.0791	0.4127	0.0000	0.1015	0.0006	0.0000	0.0003	0.0000	0.0000	0.0000	0.0031
LSM8|O95777	0.0000	0.1947	0.0001	0.0000	0.1425	0.0013	0.0000	0.0025	0.0000	0.0000	0.1737	0.0000
SEC61B|P60468	0.0000	0.0130	0.0000	0.0000	0.0110	0.0002	0.0000	0.0305	0.0000	0.0000	0.6712	0.0000
RPL37|P61927	0.0000	0.7270	0.0021	0.0000	0.0761	0.2702	0.0006	0.0000	0.0000	0.0000	0.0000	0.0001
CSTB|P04080	0.0000	0.0031	0.0000	0.0000	0.9965	0.0001	0.0000	0.0007	0.0000	0.0000	0.0000	0.0000
SUMO1|P63165	0.0416	0.0079	0.0002	0.0000	0.0000	0.0000	0.0189	0.0065	0.0014	0.0000	0.0001	0.0000
HSPE1|P61604	0.0000	0.0083	0.0000	0.0062	0.0473	0.0001	0.0004	0.0000	0.0000	0.0000	0.0000	0.0000
LSM3|P62310	0.0000	0.9999	0.0000	0.0000	0.9303	0.0000	0.0000	0.0000	0.0000	0.0000	0.0000	0.0000
MRPL57|Q9BQC6	0.0000	0.2703	0.0000	0.0000	0.9898	0.0067	0.0000	0.0001	0.0000	0.0000	0.0000	0.0000
H4C1|P62805	0.0000	0.0004	0.0000	0.0000	0.0000	0.9997	0.0378	0.0000	0.0000	0.0000	0.0000	0.0000
KGD4|P82909	0.0000	0.3493	0.0000	0.0000	0.0000	0.0000	0.0044	0.0872	0.0000	0.0000	0.0000	0.0000
LSM7|Q9UK45	0.0000	1.0000	0.0000	0.0000	0.0001	0.0000	0.0000	0.0000	0.0000	0.0000	0.0000	0.0000
ERH|P84090	0.9944	0.0000	0.0282	0.0000	0.0001	0.0135	0.0000	0.0001	0.0003	0.0000	0.0174	0.0063
RPL36|Q9Y3U8	0.0000	0.0192	0.0000	0.1185	0.0000	0.0001	0.0025	0.0000	0.0000	0.0000	0.0000	0.0000
TXN|P10599	0.0000	0.0211	0.0000	0.0000	0.9976	0.0000	0.0003	0.0000	0.0000	0.0000	0.0000	0.0000
MRPS33|Q9Y291	0.0000	0.1219	0.0000	0.0000	0.0044	0.0100	0.9711	0.0000	0.0000	0.0000	0.0000	0.0002
RPL36A|P83881	0.0000	0.0268	0.5992	0.0000	0.0000	0.2663	0.0000	0.0006	0.0000	0.0000	0.0075	0.0003
SLIRP|Q9GZT3	0.0000	0.0016	0.0000	0.3791	0.0000	0.0000	0.0001	0.0000	0.0000	0.0000	0.0010	0.0000
PHF5A|Q7RTV0	0.9220	0.0055	0.0000	0.0000	0.0006	0.1647	0.0000	0.0000	0.0000	0.0000	0.0000	0.0000
RPL35A|P18077	0.0000	0.9897	0.0000	0.0000	0.0001	0.0023	0.0001	0.0000	0.0000	0.0000	0.0000	0.0000
MRPL53|Q96EL3	0.0000	0.0010	0.0000	0.0000	0.7640	0.0308	0.1316	0.0003	0.0000	0.0000	0.0000	0.0000
EIF1|P41567	0.0000	0.0667	0.0000	0.0000	0.9920	0.0007	0.0000	0.0000	0.0000	0.0000	0.0019	0.0000
EIF1B|O60739	0.0000	0.0474	0.0000	0.0000	0.9459	0.0047	0.0027	0.0000	0.0000	0.0000	0.0001	0.0000
RPLP1|P05386	0.0000	0.0045	0.0000	0.0000	0.0141	0.0000	0.0052	0.0002	0.0000	0.0000	0.0051	0.0000
S100A9|P06702	0.0000	0.9763	0.0000	0.0000	0.9907	0.0000	0.0000	0.0000	0.0000	0.0000	0.0033	0.0000
RPL30|P62888	0.0000	0.0000	0.0000	0.0000	0.0000	0.2869	0.0394	0.0028	0.0000	0.0000	0.0000	0.0000
RPLP2|P05387	0.0000	0.4127	0.0000	0.5076	0.1292	0.0000	0.0000	0.0000	0.0000	0.0000	0.0084	0.0000
RPS26|P62854	0.0001	0.9994	0.0000	0.0000	0.0012	0.0002	0.0000	0.0000	0.0000	0.0000	0.0000	0.0000
RPL34|P49207	0.0000	0.8618	0.0000	0.0000	0.0000	0.5775	0.0033	0.0000	0.0000	0.0000	0.0000	0.0000
RAMAC|Q9BTL3	0.0721	0.1422	0.0000	0.0000	0.6547	0.0100	0.0022	0.0000	0.0000	0.0000	0.0000	0.0000
SNRPD2|P62316	0.0000	0.5287	0.0006	0.0011	0.0022	0.0105	0.0023	0.0000	0.0000	0.0000	0.0106	0.0000
RPS20|P60866	0.0001	0.9996	0.0015	0.0000	0.0008	0.0000	0.0001	0.0000	0.0000	0.0000	0.0001	0.0000
SNRPD1|P62314	0.0000	0.4269	0.0000	0.0000	0.0000	0.0000	0.9685	0.0000	0.0000	0.0000	0.0000	0.0000
RPL22L1|Q6P5R6	0.0000	0.9929	0.0049	0.0000	0.0199	0.0000	0.0082	0.0000	0.0000	0.0000	0.0004	0.0001
LSM10|Q969L4	0.0000	0.8650	0.0001	0.0000	0.0108	0.0981	0.7785	0.0001	0.0000	0.0000	0.0000	0.0000
PAIP2B|Q9ULR5	0.0000	0.0027	0.0000	0.0000	0.0002	0.1981	0.0000	0.4140	0.0000	0.0000	0.0673	0.0000
RPL35|P42766	0.0000	0.0007	0.0000	0.8587	0.0000	0.0000	0.0000	0.0191	0.0000	0.0000	0.0000	0.0000
MRPS6|P82932	0.0628	0.0002	0.0000	0.0000	0.0000	0.2356	0.0000	0.0000	0.0000	0.0000	0.0000	0.0000
NAA38|Q9BRA0	0.0000	0.0002	0.0000	0.0004	0.0008	0.0001	0.7786	0.0000	0.0000	0.0000	0.0002	0.0000
POLR2I|P36954	0.0000	0.0000	0.0000	0.0000	0.0000	0.0000	0.9998	0.0000	0.0000	0.0000	0.0001	0.0000
RPL31|P62899	0.0000	0.9998	0.0000	0.0000	0.0195	0.0000	0.0000	0.0000	0.0000	0.0000	0.0000	0.0000
RPS25|P62851	0.0000	0.9872	0.0000	0.0000	0.0295	0.0065	0.0252	0.0000	0.0000	0.0000	0.0000	0.0000
SF3B6|Q9Y3B4	0.0517	0.0000	0.0000	0.0065	0.0000	0.0000	0.0064	0.0000	0.0003	0.0000	0.0000	0.0000
TRMT112|Q9UI30	0.0000	0.0004	0.9591	0.0007	0.0001	0.0000	0.0000	0.0050	0.0004	0.0000	0.0013	0.0188
SNRPD3|P62318	0.0000	0.1212	0.0000	0.0000	0.0000	0.0000	0.0000	0.0009	0.0000	0.0000	0.8105	0.0000
NUTF2|P61970	0.0000	0.0000	0.0000	0.2315	0.0000	0.0019	0.0000	0.9044	0.0000	0.0000	0.0000	0.0000
PAIP2|Q9BPZ3	0.0000	0.0145	0.0070	0.0000	0.0001	0.0001	0.0000	0.0175	0.0000	0.0000	0.9445	0.0002
POLR2F|P61218	0.0000	0.2087	0.0000	0.0000	0.0000	0.0003	0.9802	0.0000	0.0001	0.0000	0.0000	0.0000
SUB1|P53999	0.0000	0.0065	0.3747	0.0000	0.0001	0.0001	0.0254	0.0000	0.0001	0.0000	0.6449	0.0002
MRPL51|Q4U2R6	0.0000	0.0751	0.0000	0.0000	0.0000	0.0000	0.5624	0.0002	0.0002	0.0000	0.0000	0.0000
MRPL55|Q7Z7F7	0.0067	0.0000	0.0000	0.0000	0.0000	0.6876	0.4691	0.0000	0.0000	0.0000	0.0000	0.0000
MRPS14|O60783	0.0005	0.0048	0.0000	0.0028	0.0000	0.0000	0.0232	0.0000	0.0004	0.0000	0.0000	0.0000
RPL22|P35268	0.0000	0.9965	0.0000	0.0000	0.0100	0.0002	0.0050	0.0000	0.0000	0.0000	0.0006	0.0000
SNU13|P55769	0.0000	0.0000	0.0000	0.0000	0.0000	0.0061	0.9999	0.0000	0.0000	0.0000	0.0000	0.0000
UBA52|P62987	0.0006	0.0009	0.0000	0.0000	0.0002	0.9934	0.1048	0.0000	0.0000	0.0000	0.0000	0.0000
LLPH|Q9BRT6	0.0000	0.0000	0.0000	0.0000	0.0000	0.9987	0.9998	0.0000	0.0000	0.0000	0.0000	0.0000
MRPS17|Q9Y2R5	0.0000	0.6230	0.0007	0.0018	0.1567	0.0000	0.0000	0.0000	0.0000	0.0000	0.0069	0.0007
RPS15A|P62244	0.0000	0.4431	0.0002	0.0000	0.0000	0.0002	0.0010	0.0018	0.0000	0.0000	0.0000	0.0000
GEMIN7|Q9H840	0.0000	0.0000	0.0000	0.0009	0.9395	0.0000	0.0000	0.0000	0.0000	0.0000	0.0097	0.0000
RPS12|P25398	0.0000	0.9975	0.0000	0.0000	0.0000	0.0004	0.0000	0.0000	0.0000	0.0000	0.0002	0.0000
FAU|P62861	0.0000	0.0023	0.0000	0.0000	0.0003	0.0006	0.9996	0.0000	0.0000	0.0000	0.0000	0.0000
LSM1|O15116	0.0000	0.9986	0.0000	0.0000	0.0000	0.0001	0.0005	0.0009	0.0000	0.0000	0.0000	0.0000
RPS24|P62847	0.0000	0.0324	0.0000	0.0000	0.0000	0.1304	0.2021	0.0000	0.0000	0.0000	0.0001	0.0000
ZNF593|O00488	0.0000	0.6930	0.0000	0.0000	0.0000	0.0138	0.3329	0.0000	0.0000	0.0000	0.0003	0.0000
RPL32|P62910	0.0000	0.9996	0.0000	0.0000	0.2396	0.0000	0.0060	0.0000	0.0000	0.0000	0.0000	0.0053
RPS17|P08708	0.0000	0.0701	0.9292	0.0000	0.0000	0.0070	0.0001	0.0003	0.0000	0.0000	0.0019	0.0001
RPL27|P61353	0.0000	0.9998	0.0000	0.0000	0.0000	0.0000	0.0001	0.0000	0.0000	0.0000	0.0000	0.0000
RPS19BP1|Q86WX3	0.0000	0.0000	0.0000	0.0000	0.0000	0.0951	1.0000	0.0000	0.0000	0.0000	0.0000	0.0000
SRP14|P37108	0.0000	0.0000	0.0000	0.0000	0.7920	0.0000	0.3364	0.0000	0.0000	0.0000	0.0218	0.0000
MRPL41|Q8IXM3	0.0000	0.0000	0.0000	0.0001	0.0000	0.0000	0.0000	0.0000	0.0000	0.0000	0.3511	0.0000
MRPS16|Q9Y3D3	0.0000	0.0596	0.0000	0.0000	0.0000	0.0000	0.0003	0.0001	0.0000	0.0000	0.6454	0.0000
RIDA|P52758	0.0000	0.0002	0.0000	0.8000	0.0000	0.0000	0.0000	0.0001	0.0000	0.0000	0.0001	0.0000
RPL28|P46779	0.0000	0.2165	0.0000	0.0003	0.0002	0.0000	0.0000	0.0020	0.0000	0.0000	0.7717	0.0000
MRPL54|Q6P161	0.0000	0.0000	0.0000	0.0016	0.0000	0.0005	0.0000	0.0647	0.0029	0.0000	0.0002	0.0104
MRPS12|O15235	0.0000	0.0016	0.0000	0.0000	0.0017	0.0005	0.0000	0.0006	0.0000	0.0000	0.0798	0.0002
NANOS2|P60321	0.0000	1.0000	0.0000	0.0000	0.0001	0.0000	0.0000	0.0000	0.0000	0.0000	0.0075	0.0000
LSM4|Q9Y4Z0	0.0000	0.9998	0.0000	0.0000	0.0000	0.0000	0.0002	0.0000	0.0000	0.0000	0.0000	0.0000
NXT1|Q9UKK6	0.9998	0.0000	0.0000	0.0000	0.0000	0.0000	0.0000	0.0000	0.0002	0.0000	0.0000	0.0000
PFN1|P07737	0.0000	0.0015	0.0000	0.9946	0.6000	0.0000	0.0000	0.0001	0.0000	0.0000	0.0000	0.0000
POP7|O75817	0.0000	0.0006	0.0000	0.0000	0.0411	0.0000	0.9990	0.0000	0.0000	0.0000	0.0000	0.0000
RPL23|P62829	0.0000	1.0000	0.0008	0.0000	0.0040	0.0000	0.0000	0.0000	0.0000	0.0000	0.0000	0.0000
C1D|Q13901	0.0000	0.0000	0.0001	0.0000	0.0000	0.0000	0.9999	0.0000	0.0000	0.0000	0.0000	0.0000
MRPL42|Q9Y6G3	0.0003	0.0000	0.0067	0.0000	0.0047	0.8839	0.0000	0.0000	0.0000	0.0000	0.0000	0.0135
MRPS18C|Q9Y3D5	0.9623	0.0001	0.0000	0.0015	0.0000	0.0000	0.0000	0.0000	0.0001	0.0000	0.0000	0.0000
NXT2|Q9NPJ8	0.0056	0.9737	0.0000	0.0000	0.0150	0.0006	0.0000	0.0000	0.0000	0.0000	0.0000	0.0000
TXNL4A|P83876	0.0000	0.0015	0.0000	0.0000	0.0004	0.0000	0.0000	0.0000	0.0000	0.0000	0.8933	0.0000
RPS23|P62266	0.0000	0.4331	0.0000	0.0000	0.0000	0.0139	0.9216	0.0000	0.0000	0.0000	0.0000	0.0000
BUD31|P41223	0.0000	0.0000	0.0031	0.0000	0.0000	0.3429	0.9862	0.0001	0.0000	0.0000	0.0000	0.0000
EIF1AX|P47813	0.0000	0.9591	0.0007	0.0000	0.0004	0.0001	0.0120	0.0000	0.0000	0.0000	0.0000	0.0000
EIF1AY|O14602	0.0000	0.9774	0.0006	0.0000	0.0007	0.0000	0.0086	0.0000	0.0000	0.0000	0.0000	0.0000
SRP19|P09132	0.0000	0.0001	0.0000	0.0000	0.0000	0.0005	0.9998	0.0000	0.0000	0.0000	0.0000	0.0000
MRPL14|Q6P1L8	0.0000	0.6424	0.0375	0.0000	0.0014	0.0000	0.0000	0.0010	0.0000	0.0000	0.0783	0.0000
RPL26|P61254	0.0000	0.9996	0.0000	0.0000	0.0001	0.0005	0.0049	0.0000	0.0000	0.0000	0.0000	0.0000
RPL26L1|Q9UNX3	0.0000	0.9998	0.0000	0.0000	0.0000	0.0001	0.0031	0.0000	0.0000	0.0000	0.0000	0.0000
RPS15|P62841	0.0000	0.9974	0.0000	0.0000	0.0000	0.0000	0.0199	0.0000	0.0000	0.0000	0.0000	0.0000
RPS19|P39019	0.0000	0.0004	0.0000	0.7113	0.9932	0.0000	0.0000	0.0000	0.0000	0.0000	0.0000	0.0000
CDA|P32320	0.0030	0.0000	0.0015	0.0003	0.0000	0.0000	0.0000	0.0000	0.0000	0.0000	0.0019	0.0000
MAGOH|P61326	0.4555	0.0499	0.0251	0.0000	0.0005	0.0001	0.0000	0.0805	0.0008	0.0000	0.0125	0.0197
RPS16|P62249	0.0000	0.9961	0.0005	0.7557	0.0005	0.0000	0.0002	0.0000	0.0000	0.0000	0.0000	0.0000
CARHSP1|Q9Y2V2	0.0000	1.0000	0.0000	0.0000	0.3448	0.0000	0.0000	0.0000	0.0000	0.0000	0.0000	0.0051
EDF1|O60869	0.0000	0.3587	0.0000	0.0000	0.0165	0.4675	0.0269	0.0000	0.0000	0.0000	0.0000	0.0000
MAGOHB|Q96A72	0.0000	1.0000	0.0000	0.0000	0.9882	0.0000	0.0000	0.0000	0.0000	0.0000	0.0000	0.0004
MRPL27|Q9P0M9	0.0000	0.0020	0.0000	0.9820	0.0000	0.0000	0.0000	0.0000	0.0000	0.0000	0.0000	0.0000
RPL27A|P46776	0.0000	0.8106	0.0000	0.0000	0.0000	0.0363	0.6551	0.0000	0.0000	0.0000	0.0000	0.0000
SSBP1|Q04837	0.0000	0.0000	0.0000	0.2208	0.0000	0.0000	0.0011	0.0000	0.0000	0.0000	0.0000	0.0000
MRPL20|Q9BYC9	0.0000	0.0023	0.0000	0.0000	0.0000	0.0090	0.1375	0.0000	0.0000	0.0000	0.3608	0.0000
TXNL4B|Q9NX01	0.0000	0.1175	0.0000	0.0002	0.0054	0.0000	0.0000	0.1822	0.0000	0.0000	0.0005	0.0000
MYL6|P60660	0.0000	0.0001	0.0000	0.9982	0.0000	0.0000	0.0000	0.0003	0.0000	0.0000	0.0000	0.0000
RPS13|P62277	0.0000	0.9189	0.0000	0.1534	0.0000	0.0000	0.0000	0.0001	0.0000	0.0000	0.0005	0.0000
RPS14|P62263	0.0000	0.9989	0.0000	0.0623	0.0000	0.0000	0.0000	0.0018	0.0000	0.0000	0.0000	0.0000
NME1|P15531	0.0000	0.0003	0.0073	0.0529	0.0000	0.2447	0.0000	0.0092	0.0000	0.0000	0.0002	0.0000
RPS18|P62269	0.0000	0.9994	0.0000	0.0000	0.9973	0.0002	0.0000	0.0000	0.0000	0.0000	0.0000	0.0000
SZRD1|Q7Z422	0.0000	0.0000	0.0000	0.0000	0.0000	0.3963	0.9972	0.0000	0.0000	0.0000	0.0001	0.0000
CSDC2|Q9Y534	0.0000	0.9583	0.0523	0.0000	0.0010	0.0068	0.0000	0.0257	0.0000	0.0000	0.0005	0.0010
EIF5A2|Q9GZV4	0.0003	0.0071	0.0020	0.0000	0.7784	0.0198	0.0000	0.6479	0.0019	0.0000	0.0000	0.0014
MRPL23|Q16540	0.0000	0.0000	0.0000	0.1658	0.0119	0.0000	0.0000	0.0000	0.0000	0.0000	0.0075	0.0000
NCBP2L|A6PVI3	0.0001	0.0115	0.0000	0.0000	0.0000	0.0000	0.0007	0.0000	0.0000	0.0000	0.9912	0.0000
NHP2|Q9NX24	0.0000	0.0081	0.0000	0.0000	0.0000	0.0001	0.9976	0.0000	0.0000	0.0000	0.0002	0.0000
SAP18|O00422	0.9970	0.0083	0.0000	0.0000	0.0000	0.0001	0.0000	0.0010	0.0002	0.0000	0.0002	0.0000
EIF5A|P63241	0.0000	0.0060	0.0001	0.0000	0.9889	0.0130	0.0000	0.0327	0.0001	0.0000	0.0000	0.0000
EIF5AL1|Q6IS14	0.0001	0.0000	0.0011	0.0000	0.9103	0.0006	0.0000	0.0792	0.0035	0.0000	0.0000	0.0000
RPP21|Q9H633	0.0002	0.0633	0.0005	0.0000	0.0004	0.8187	0.9495	0.0000	0.0000	0.0000	0.0000	0.0000
UBE2L3|P68036	0.0000	0.0000	0.0000	0.8565	0.0000	0.0002	0.0380	0.0000	0.0000	0.0000	0.0000	0.0000
SNRNP27|Q8WVK2	0.7133	0.0000	0.0007	0.0000	0.0002	0.2937	0.0010	0.0001	0.0122	0.0000	0.0000	0.0000
NCBP2|P52298	0.8506	0.9999	0.0000	0.0000	0.0000	0.0000	0.0000	0.0000	0.0000	0.0000	0.0000	0.0000
RPL23A|P62750	0.0000	0.0000	0.0000	0.9972	0.0000	0.0000	0.0000	0.0000	0.0000	0.0000	0.0000	0.0000
RPS27A|P62979	0.0000	0.0278	0.0000	0.0000	0.0000	0.9546	0.9563	0.0000	0.0000	0.0000	0.0000	0.0000
RBM3|P98179	0.0000	0.1592	0.0000	0.0001	0.8810	0.0000	0.0000	0.0060	0.0000	0.0000	0.0024	0.0000
RPL24|P83731	0.0000	0.9471	0.0000	0.0000	0.0000	0.0000	0.0008	0.0000	0.0000	0.0000	0.0919	0.0000
BTF3L4|Q96K17	0.0000	0.0000	0.0016	0.0007	0.0000	0.2484	0.0000	0.0232	0.0000	0.0000	0.0014	0.0000
MRPL50|Q8N5N7	0.0000	0.0000	0.0181	0.0052	0.0000	0.0001	0.0000	0.0099	0.0001	0.0000	0.0835	0.0000
RPS11|P62280	0.0000	0.9990	0.0001	0.5209	0.9629	0.0000	0.0000	0.0000	0.0000	0.0000	0.0000	0.0004
RPL29|P47914	0.0000	0.2346	0.0000	0.0000	0.0000	0.0001	0.4656	0.0000	0.0000	0.0000	0.0000	0.0000
SNRPC|P09234	0.9112	0.0029	0.0000	0.0000	0.0333	0.0000	0.0000	0.0000	0.0001	0.0000	0.0000	0.0000
MPHOSPH6|Q99547	0.0000	0.0000	0.0000	0.0015	0.0000	0.0177	0.9836	0.0000	0.0000	0.0000	0.0000	0.0000
PTGES3|Q15185	0.0000	0.9004	0.0018	0.0000	0.9917	0.0000	0.0001	0.0000	0.0000	0.0000	0.0000	0.0000
RPL21|P46778	0.0005	0.9944	0.0014	0.0027	0.1423	0.0000	0.0069	0.0000	0.0000	0.0000	0.0002	0.0010
MRPL30|Q8TCC3	0.0000	0.9384	0.0003	0.0000	0.0098	0.0000	0.0001	0.0000	0.0000	0.0000	0.4240	0.0000
TAF12|Q16514	0.0000	0.0000	0.0046	0.0000	0.0004	0.7566	0.0290	0.0000	0.0000	0.0000	0.0000	0.0000
RPP25L|Q8N5L8	0.0000	0.0114	0.0002	0.0000	0.0000	0.0000	0.0004	0.0000	0.0000	0.0000	0.9774	0.0000
RSL24D1|Q9UHA3	0.0000	0.0314	0.0000	0.0000	0.0001	0.0473	0.9916	0.0000	0.0000	0.0000	0.0000	0.0000
NUDT11|Q96G61	0.0000	0.2226	0.0000	0.0000	0.0000	0.0000	0.9459	0.0000	0.0000	0.0000	0.0000	0.0000
SRSF3|P84103	0.4698	0.9970	0.0022	0.0000	0.2927	0.0000	0.0000	0.0000	0.0000	0.0000	0.0066	0.0011
EIF1AD|Q8N9N8	0.0000	0.0048	0.0001	0.0000	0.0038	0.0004	0.0383	0.0000	0.0000	0.0000	0.7541	0.0000
PPIA|P62937	0.0000	0.0050	0.0000	0.2244	0.0001	0.0000	0.0017	0.0000	0.0000	0.0000	0.0016	0.0000
RPL12|P30050	0.0000	0.5237	0.0000	0.0000	0.6330	0.5920	0.0001	0.0002	0.0000	0.0000	0.0000	0.0000
RPS10|P46783	0.1128	0.0005	0.0000	0.0000	0.0000	0.8584	0.3792	0.0000	0.0000	0.0000	0.0000	0.0000
CCDC12|Q8WUD4	0.0003	0.0003	0.0003	0.0000	0.0061	0.0103	0.9060	0.0000	0.0028	0.0000	0.0000	0.0000
CFL1|P23528	0.0000	0.0000	0.0001	0.9900	0.4408	0.0000	0.0000	0.0007	0.0000	0.0000	0.0000	0.0000
MRPL49|Q13405	0.0000	0.0000	0.0000	0.9811	0.0030	0.0000	0.0000	0.0000	0.0000	0.0000	0.0000	0.0000
MTRFR|Q9H3J6	0.0000	0.5202	0.0000	0.0000	0.0000	0.0007	0.0007	0.0001	0.0000	0.0000	0.3133	0.0000
PPIL1|Q9Y3C6	0.0000	0.0032	0.0000	0.1558	0.0000	0.0000	0.0000	0.0068	0.0000	0.0000	0.0000	0.0000
ZCCHC13|Q8WW36	0.0000	0.4020	0.0000	0.0000	0.0000	0.0001	0.0003	0.0000	0.0000	0.0000	0.4186	0.0000
GEMIN6|Q8WXD5	0.0000	0.0000	0.0000	0.9318	0.0010	0.0000	0.0000	0.0000	0.0000	0.0000	0.0004	0.0000
MRPS24|Q96EL2	0.0000	0.1054	0.0000	0.0000	0.0000	0.1297	0.0010	0.0017	0.0000	0.0000	0.1133	0.0000
ZMAT5|Q9UDW3	0.0000	0.0010	0.0000	0.0000	0.0002	0.0032	0.9991	0.0000	0.0000	0.0000	0.0000	0.0000
CIRBP|Q14011	0.0000	0.9737	0.0000	0.0000	0.6819	0.0000	0.0000	0.0010	0.0000	0.0000	0.0000	0.0000
POLR2G|P62487	0.0000	0.4203	0.0000	0.0000	0.0000	0.0000	0.9473	0.0000	0.0000	0.0000	0.0000	0.0000
TPT1|P13693	0.0000	0.1871	0.0000	0.0000	0.9590	0.0000	0.0000	0.0000	0.0023	0.0000	0.0010	0.0000
MRPS25|P82663	0.0000	0.9555	0.0014	0.0000	0.0000	0.0002	0.0000	0.0051	0.0000	0.0000	0.0091	0.0000
NANOS3|P60323	0.0000	1.0000	0.0000	0.0000	0.9480	0.0000	0.0000	0.0000	0.0000	0.0000	0.0016	0.0000
SAMD5|Q5TGI4	0.0028	0.0000	0.0004	0.0010	0.0000	0.0000	0.0000	0.0000	0.0001	0.0000	0.0000	0.0000
EEF1E1|O43324	0.0000	0.0317	0.0000	0.0000	0.0007	0.0012	0.8623	0.0002	0.0000	0.0000	0.0000	0.0000
RBM8A|Q9Y5S9	0.0001	0.8819	0.0005	0.0000	0.0000	0.0000	0.0045	0.0065	0.0000	0.0000	0.0068	0.0000
MRPL17|Q9NRX2	0.0000	0.0017	0.0135	0.0000	0.0000	0.0002	0.0000	0.0000	0.0000	0.0000	0.9759	0.0000
RPL18A|Q02543	0.0000	0.0004	0.0000	0.0000	0.0000	0.9231	0.9821	0.0000	0.0000	0.0000	0.0000	0.0000
TRIR|Q9BQ61	0.0000	0.0001	0.0000	0.0000	0.9383	0.0344	0.1166	0.0000	0.0000	0.0000	0.0000	0.0000
CNBP|P62633	0.0000	0.0847	0.0001	0.0000	0.9166	0.0000	0.0000	0.0214	0.0001	0.0000	0.0000	0.0001
PPIH|O43447	0.9940	0.0000	0.0000	0.0000	0.0000	0.0000	0.0000	0.0000	0.0000	0.0000	0.0000	0.0000
DCTD|P32321	0.0000	0.0001	0.0000	0.1453	0.0001	0.0000	0.0000	0.0000	0.0021	0.0000	0.0037	0.0000
MRPL13|Q9BYD1	0.0749	0.8437	0.0000	0.0000	0.0283	0.0000	0.0000	0.0015	0.0002	0.0000	0.0003	0.0196
NOP16|Q9Y3C1	0.0000	0.0000	0.0000	0.0000	0.0000	0.0000	1.0000	0.0000	0.0000	0.0000	0.0000	0.0000
NPM3|O75607	0.0000	0.0000	0.0000	0.0000	0.0000	0.9981	0.0018	0.0053	0.0000	0.0000	0.0002	0.0000
RPL11|P62913	0.0008	0.7254	0.0000	0.0000	0.0304	0.0005	0.7625	0.0000	0.0000	0.0000	0.0000	0.0000
CPSF4L|A6NMK7	0.0000	0.3594	0.0000	0.0023	0.0020	0.0773	0.0716	0.0000	0.0003	0.0000	0.0000	0.0000
MRPL18|Q9H0U6	0.0000	0.0010	0.0000	0.1340	0.0000	0.0002	0.0000	0.0001	0.0000	0.0000	0.0000	0.0000
NIP7|Q9Y221	0.0000	0.0026	0.0000	0.0000	0.0000	0.0000	0.9997	0.0000	0.0000	0.0000	0.0000	0.0000
NUDT4|Q9NZJ9	0.0000	0.9768	0.0001	0.0000	0.0345	0.0076	0.0516	0.0000	0.0000	0.0000	0.0000	0.0000
MCTS1|Q9ULC4	0.0000	0.8239	0.0005	0.0000	0.0015	0.0000	0.0091	0.0005	0.0000	0.0000	0.0025	0.0004
PDAP1|Q13442	0.0000	0.2002	0.0042	0.0000	0.9582	0.0012	0.0001	0.0000	0.0000	0.0000	0.0000	0.0001
C1orf52|Q8N6N3	0.0000	0.0000	0.0000	0.0000	0.0000	0.0303	0.0021	0.0000	0.0002	0.0000	0.0029	0.0000
MANF|P55145	0.0000	0.0000	0.0000	0.9799	0.0150	0.0000	0.0000	0.0000	0.0000	0.0000	0.0001	0.0000
CBX3|Q13185	0.0000	0.3819	0.0000	0.0000	0.8537	0.0002	0.0026	0.0000	0.0000	0.0000	0.0001	0.0000
IMP3|Q9NV31	0.0004	0.0000	0.0000	0.0000	0.0000	0.0001	0.9911	0.0000	0.0000	0.0000	0.0448	0.0000
PRKRIP1|Q9H875	0.0000	0.0004	0.0000	0.0000	0.0000	0.0001	0.9993	0.0000	0.0000	0.0000	0.0000	0.0000
RPL17|P18621	0.0005	0.9938	0.0000	0.0000	0.0000	0.0003	0.0639	0.0000	0.0000	0.0000	0.0000	0.0000
CBX1|P83916	0.0000	0.0002	0.0000	0.0000	0.9854	0.0000	0.0000	0.0000	0.0000	0.0000	0.8877	0.0000
MRPS28|Q9Y2Q9	0.0000	0.0000	0.0000	0.0000	0.0000	0.0227	0.2725	0.0000	0.0001	0.0000	0.0003	0.0000
PEBP1|P30086	0.0000	0.0130	0.0000	0.0000	0.0000	0.9887	0.0002	0.0000	0.0000	0.0000	0.0000	0.0000
MRPL32|Q9BYC8	0.0000	0.0011	0.0001	0.0735	0.0000	0.0000	0.1905	0.0000	0.0005	0.0000	0.0000	0.0000
MRPL35|Q9NZE8	0.0018	0.3663	0.0382	0.0000	0.0106	0.0174	0.0291	0.0001	0.0001	0.0000	0.0003	0.0007
PRR3|P79522	0.0000	0.5413	0.0000	0.0000	0.0000	0.0000	0.8288	0.0000	0.0000	0.0000	0.0000	0.0000
RPL18|Q07020	0.0000	0.9910	0.0000	0.0000	0.0007	0.0011	0.0134	0.0000	0.0000	0.0000	0.0000	0.0000
PARK7|Q99497	0.0000	0.9997	0.0000	0.4690	0.9880	0.0000	0.0000	0.0000	0.0000	0.0000	0.0000	0.0035
APOBEC3C|Q9NRW3	0.0000	0.0007	0.0001	0.0000	0.0000	0.0000	0.0000	0.0009	0.0000	0.0000	0.5610	0.0000
JPT2|Q9H910	0.0000	0.0032	0.0000	0.0001	0.9861	0.0083	0.0000	0.0000	0.0000	0.0000	0.0000	0.0000
MRPS23|Q9Y3D9	0.0000	0.0767	0.0003	0.1260	0.0001	0.0000	0.0600	0.0000	0.0001	0.0000	0.0003	0.0000
NTPCR|Q9BSD7	0.0000	0.0065	0.0005	0.0004	0.0000	0.0001	0.1772	0.0000	0.0000	0.0000	0.0000	0.0000
RBM18|Q96H35	0.0002	0.0858	0.0001	0.0000	0.0105	0.0002	0.9431	0.0000	0.0000	0.0000	0.0001	0.0000
ADAT2|Q7Z6V5	0.0000	0.0000	0.0000	0.0032	0.0000	0.0326	0.0000	0.0000	0.0000	0.0000	0.0018	0.0000
CBX5|P45973	0.0000	0.0004	0.0007	0.0000	0.0000	0.9909	0.0000	0.0024	0.0000	0.0000	0.0000	0.0000
TSR2|Q969E8	0.0000	0.0000	0.0000	0.8440	0.0000	0.0000	0.0098	0.0000	0.0000	0.0000	0.0184	0.0000
MRPL11|Q9Y3B7	0.0000	0.0001	0.9582	0.0008	0.0000	0.0000	0.0000	0.0001	0.0000	0.0000	0.0013	0.0000
RPL9|P32969	0.0000	0.0939	0.0062	0.0634	0.0000	0.0000	0.0000	0.0009	0.0000	0.0000	0.0005	0.0000
CSRP1|P21291	0.0000	0.0000	0.0000	0.7713	0.0000	0.0000	0.0000	0.0066	0.0000	0.0000	0.0000	0.0000
CHLSN|Q9BRJ6	0.0000	0.0004	0.0000	0.0000	0.0000	0.0000	1.0000	0.0000	0.0000	0.0000	0.0000	0.0000
H1-0|P07305	0.0000	0.0000	0.0000	0.0000	0.0000	0.9999	0.0000	0.0000	0.0000	0.0000	0.0000	0.0000
MRPS11|P82912	0.0000	0.0000	0.0000	0.0976	0.0000	0.0000	0.0241	0.0000	0.0000	0.0000	0.0010	0.0000
RPS7|P62081	0.0000	0.9872	0.0000	0.0000	0.0001	0.0586	0.0017	0.0001	0.0000	0.0000	0.0000	0.0000
RPS9|P46781	0.0000	0.9997	0.0000	0.0000	0.9727	0.0003	0.0000	0.0003	0.0000	0.0000	0.0000	0.0000
EXOSC1|Q9Y3B2	0.0000	0.0002	0.0000	0.0000	0.0003	0.0003	0.9868	0.0000	0.0000	0.0000	0.0000	0.0000
LSM12|Q3MHD2	0.0000	0.9996	0.0006	0.0000	0.9293	0.0001	0.0000	0.0000	0.0000	0.0000	0.0000	0.0121
MRPS18A|Q9NVS2	0.0008	0.9142	0.0005	0.0000	0.0095	0.0000	0.0015	0.0002	0.0013	0.0000	0.0014	0.0005
RBPMS|Q93062	0.0000	0.9999	0.0019	0.0000	0.0151	0.0001	0.0000	0.0000	0.0000	0.0000	0.0000	0.0000
RPL19|P84098	0.0000	1.0000	0.0000	0.0000	0.0010	0.0000	0.0000	0.0001	0.0000	0.0000	0.0000	0.0000
AICDA|Q9GZX7	0.0000	0.0362	0.0002	0.0033	0.0176	0.0000	0.0000	0.0044	0.0003	0.0000	0.0000	0.0001
DENR|O43583	0.0001	0.5362	0.0000	0.0000	0.0000	0.0000	0.8202	0.0000	0.0006	0.0000	0.0000	0.0000
FCF1|Q9Y324	0.0000	0.0003	0.0000	0.0000	0.0000	0.0000	0.9997	0.0000	0.0000	0.0000	0.0000	0.0000
MRPL12|P52815	0.0000	0.0000	0.0002	0.9984	0.0000	0.0000	0.0002	0.0000	0.0000	0.0000	0.0000	0.0000
PRDX2|P32119	0.0000	0.0000	0.0000	0.9846	0.0000	0.0000	0.0001	0.0000	0.0000	0.0000	0.0000	0.0000
APOBEC3A|P31941	0.0000	0.9756	0.0004	0.0000	0.0002	0.0047	0.0000	0.0077	0.0000	0.0000	0.0000	0.0000
PRDX1|Q06830	0.0000	0.0008	0.0000	0.9889	0.9973	0.0000	0.0000	0.0000	0.0000	0.0000	0.0000	0.0000
RPP25|Q9BUL9	0.0000	0.0000	0.0000	0.0000	0.0000	0.0140	1.0000	0.0000	0.0000	0.0000	0.0000	0.0000
TAGLN2|P37802	0.0000	0.0014	0.0001	0.9429	0.9907	0.0000	0.0000	0.0001	0.0000	0.0000	0.0001	0.0002
ZMAT2|Q96NC0	0.0000	0.9946	0.0001	0.0000	0.0104	0.1302	0.0000	0.0000	0.0000	0.0000	0.0000	0.0000
APOBEC3H|Q6NTF7	0.0000	0.9999	0.0000	0.0000	0.0000	0.0000	0.0001	0.0000	0.0000	0.0000	0.0000	0.0000
HMGB3|O15347	0.0000	0.0005	0.0019	0.0000	0.0000	0.9964	0.0009	0.0000	0.0000	0.0000	0.0000	0.0000
PABPC1L2A|Q5JQF8	0.0000	0.5843	0.0062	0.0000	0.6020	0.0000	0.0000	0.0000	0.0034	0.0000	0.0000	0.0021
MRPS10|P82664	0.0000	0.0000	0.0000	0.0989	0.0004	0.3741	0.0007	0.0002	0.0000	0.0000	0.0000	0.0000
RANBP1|P43487	0.0000	0.0001	0.0000	0.0000	0.6298	0.0000	0.7441	0.0000	0.0532	0.0000	0.0000	0.0000
SAMD12|Q8N8I0	0.0000	0.9322	0.0177	0.0000	0.0002	0.0000	0.1637	0.0000	0.0018	0.0000	0.0000	0.0000
SAMD10|Q9BYL1	0.0003	0.2964	0.0013	0.0000	0.0008	0.9302	0.0000	0.0058	0.0001	0.0000	0.0000	0.0000
RPL13A|P40429	0.0000	0.9998	0.0000	0.0000	0.0000	0.0000	0.0003	0.0000	0.0000	0.0000	0.0000	0.0000
TMA16|Q96EY4	0.0001	0.1534	0.0009	0.0000	0.0039	0.8496	0.0012	0.0000	0.0001	0.0000	0.0000	0.0132
PYM1|Q9BRP8	0.0000	0.0452	0.0000	0.0000	0.0002	0.0000	0.9953	0.0000	0.0000	0.0000	0.0000	0.0000
RPL15|P61313	0.0000	0.9998	0.0000	0.0000	0.0000	0.0002	0.0003	0.0000	0.0000	0.0000	0.0000	0.0000
RPS5|P46782	0.0000	0.9640	0.0097	0.0000	0.0004	0.0000	0.0000	0.0000	0.0000	0.0000	0.0040	0.0001
THOC7|Q6I9Y2	0.9991	0.0001	0.0004	0.0000	0.0001	0.0028	0.0000	0.0000	0.0019	0.0000	0.0000	0.0000
HSPB1|P04792	0.0000	0.9918	0.0094	0.0001	0.0760	0.0005	0.0000	0.0033	0.0000	0.0000	0.0120	0.0044
MRPL21|Q7Z2W9	0.0000	0.0000	0.0006	0.0307	0.0000	0.0000	0.0000	0.1189	0.0135	0.0000	0.0000	0.0000
MRPS26|Q9BYN8	0.0000	0.0000	0.0000	0.2010	0.0000	0.1215	0.0003	0.0003	0.0000	0.0000	0.0000	0.0000
BTF3|P20290	0.0194	0.0656	0.3760	0.0082	0.0000	0.0001	0.0000	0.0000	0.0001	0.0000	0.0004	0.0002
MRPL22|Q9NWU5	0.0000	0.0753	0.0001	0.0035	0.0000	0.0000	0.0648	0.0000	0.0011	0.0000	0.0000	0.0000
MRPL40|Q9NQ50	0.0000	0.0000	0.0008	0.0000	0.0000	0.5191	0.0043	0.9545	0.0007	0.0000	0.0000	0.0000
MRPL58|Q14197	0.0000	0.7565	0.9806	0.0002	0.0791	0.0000	0.0003	0.0000	0.0000	0.0000	0.0000	0.0003
H1-6|P22492	0.0000	0.0001	0.0000	0.0000	0.0000	1.0000	0.0000	0.0000	0.0000	0.0000	0.0000	0.0000
PPIF|P30405	0.0000	0.9998	0.0000	0.0008	0.0000	0.0000	0.0000	0.0000	0.0000	0.0000	0.0005	0.0000
RPS8|P62241	0.0000	0.9988	0.0000	0.0000	0.0003	0.0004	0.0002	0.0000	0.0000	0.0000	0.0000	0.0001
HMGB2|P26583	0.0000	0.0040	0.0000	0.0000	0.0000	0.9996	0.0001	0.0000	0.0000	0.0000	0.0000	0.0000
LIN28A|Q9H9Z2	0.0000	1.0000	0.0000	0.0000	0.8567	0.0000	0.0000	0.0003	0.0000	0.0000	0.0000	0.9688
RBPMS2|Q6ZRY4	0.0000	0.5023	0.0021	0.0000	0.0001	0.0000	0.0000	0.0015	0.0005	0.0000	0.5059	0.0001
POLR2E|P19388	0.0000	0.0000	0.0000	0.0000	0.0070	0.9674	0.0000	0.0000	0.0000	0.0000	0.0630	0.0000
SARNP|P82979	0.9142	0.0000	0.0000	0.0000	0.0000	0.0000	0.0000	0.0047	0.0006	0.0000	0.0005	0.0000
NUDT16L1|Q9BRJ7	0.0000	0.0914	0.0011	0.0000	0.0000	0.0000	0.0002	0.0000	0.0000	0.0000	0.6882	0.0000
RPL13|P26373	0.0000	0.9982	0.0000	0.0000	0.0000	0.0000	0.0012	0.0000	0.0000	0.0000	0.0000	0.0000
MRPL48|Q96GC5	0.0000	0.0618	0.0000	0.0000	0.0072	0.0013	0.0457	0.0040	0.0002	0.0000	0.0000	0.0000
H1-10|Q92522	0.0000	0.9835	0.0000	0.0000	0.9549	0.0003	0.0005	0.0000	0.0000	0.0000	0.0000	0.0000
H1-2|P16403	0.0000	0.0000	0.0000	0.0000	0.0000	1.0000	0.0000	0.0000	0.0000	0.0000	0.0000	0.0000
NOL12|Q9UGY1	0.0000	0.2238	0.0000	0.0000	0.0000	0.2267	0.9934	0.0000	0.0000	0.0000	0.0000	0.0000
NPM2|Q86SE8	0.0000	0.0004	0.0000	0.0000	0.0000	0.9756	0.9742	0.0046	0.0000	0.0000	0.0000	0.0000
RPL10|P27635	0.0000	0.9997	0.0000	0.0000	0.9870	0.0000	0.0001	0.0000	0.0000	0.0000	0.0000	0.0000
RPL10L|Q96L21	0.0001	0.9992	0.0000	0.0000	0.8172	0.0000	0.0010	0.0000	0.0000	0.0000	0.0000	0.0000
H1-1|Q02539	0.0000	0.0008	0.0000	0.0000	0.0001	0.9998	0.0081	0.0000	0.0000	0.0000	0.0000	0.0000
HMGB1|P09429	0.0000	0.0062	0.0000	0.0000	0.0000	0.9995	0.0819	0.0000	0.0000	0.0000	0.0000	0.0000
MRPL43|Q8N983	0.0000	0.0045	0.0004	0.0001	0.0001	0.0000	0.0000	0.0956	0.0000	0.0000	0.1621	0.0000
RPL14|P50914	0.0000	0.0001	0.0000	0.1716	0.0000	0.0005	0.0000	0.0001	0.0000	0.0000	0.0001	0.0000
SEC22B|O75396	0.0000	0.0000	0.0000	0.0459	0.0000	0.0204	0.0000	0.0001	0.0000	0.0000	0.0427	0.0000
MRPL24|Q96A35	0.0000	0.6083	0.3452	0.0000	0.6945	0.0000	0.0002	0.0001	0.0000	0.0000	0.0000	0.0011
PPIB|P23284	0.0000	0.1954	0.0000	0.0044	0.1742	0.0000	0.7306	0.0000	0.0000	0.0000	0.0000	0.0000
RAN|P62826	0.0000	0.0005	0.0002	0.0000	0.9683	0.0000	0.0000	0.0000	0.0003	0.0000	0.0010	0.0001
EIF4E|P06730	0.0000	1.0000	0.0000	0.0000	0.9805	0.0000	0.0000	0.0000	0.0000	0.0000	0.0000	0.0001
GAR1|Q9NY12	0.0000	0.0000	0.0000	0.0000	0.0001	0.0000	1.0000	0.0000	0.9260	0.0000	0.0000	0.0000
RPL10A|P62906	0.0000	0.9459	0.0028	0.0010	0.0009	0.0001	0.0425	0.0011	0.0000	0.0000	0.0007	0.0000
ZCRB1|Q8TBF4	0.0000	0.0005	0.0000	0.1390	0.0000	0.0000	0.5030	0.0000	0.0000	0.0000	0.0000	0.0000
EIF3K|Q9UBQ5	0.0000	0.7058	0.0000	0.0000	0.9838	0.0000	0.0000	0.0000	0.0000	0.0000	0.0405	0.0000
MRPS34|P82930	0.0000	0.1186	0.0000	0.0000	0.0000	0.0000	0.8196	0.0000	0.0000	0.0000	0.0000	0.0000
H1-4|P10412	0.0000	0.0000	0.0000	0.0000	0.0000	1.0000	0.0000	0.0000	0.0000	0.0000	0.0000	0.0000
POP4|O95707	0.0000	0.0001	0.0001	0.0000	0.0000	0.0000	0.9999	0.0000	0.0000	0.0000	0.0000	0.0000
U2AF1L4|Q8WU68	0.9993	0.0000	0.0033	0.0000	0.0000	0.0000	0.0000	0.0000	0.0003	0.0000	0.0000	0.0000
H1-3|P16402	0.0000	0.0000	0.0000	0.0000	0.0000	1.0000	0.0000	0.0000	0.0000	0.0000	0.0000	0.0000
SRSF2|Q01130	0.9855	0.0003	0.0000	0.0000	0.0000	0.0000	0.0000	0.0001	0.0000	0.0000	0.0001	0.0000
SRSF9|Q13242	0.0000	0.0054	0.0000	0.0000	0.7910	0.0000	0.0000	0.0000	0.0000	0.0000	0.1344	0.0000
GADD45GIP1|Q8TAE8	0.0000	0.2704	0.0003	0.0063	0.9561	0.0001	0.0000	0.0000	0.0000	0.0000	0.0000	0.0001
CCDC124|Q96CT7	0.0000	0.0000	0.0000	0.1668	0.3056	0.0004	0.0000	0.0174	0.0001	0.0000	0.0000	0.0000
APOBEC2|Q9Y235	0.0000	0.0406	0.0250	0.0420	0.1444	0.0000	0.0000	0.0014	0.0000	0.0000	0.0108	0.0000
EIF4E3|Q8N5X7	0.0000	0.0035	0.0001	0.0000	0.0059	0.0000	0.5312	0.0003	0.0012	0.0000	0.0000	0.0000
FKBP3|Q00688	0.0000	0.0835	0.0000	0.0260	0.0173	0.0000	0.0000	0.1109	0.0000	0.0000	0.0000	0.0000
PRDX6|P30041	0.0000	0.0000	0.0000	0.9911	0.1727	0.0000	0.0000	0.0000	0.0000	0.0000	0.0000	0.0000
BCAS2|O75934	0.0000	0.0001	0.0000	0.0000	0.0000	0.0000	0.9999	0.0000	0.0002	0.0000	0.0000	0.0000
EEF1B2|P24534	0.0000	0.4996	0.0000	0.0000	0.7673	0.0007	0.2942	0.0000	0.0000	0.0000	0.0000	0.0000
SNRPB2|P08579	0.9037	0.0004	0.0000	0.0000	0.0000	0.0000	0.0014	0.0000	0.0000	0.0000	0.0053	0.0000
H1-5|P16401	0.0000	0.0000	0.0000	0.0000	0.0000	1.0000	0.0000	0.0000	0.0000	0.0000	0.0000	0.0000
NUDT21|O43809	0.0000	0.9568	0.0000	0.0000	0.7384	0.0000	0.0037	0.0000	0.0000	0.0000	0.0000	0.0001
CACYBP|Q9HB71	0.0000	0.0000	0.0000	0.9948	0.0000	0.0000	0.0000	0.0000	0.0000	0.0000	0.0005	0.0000
TSN|Q15631	0.0000	0.0000	0.0000	0.7824	0.0000	0.0002	0.0000	0.0002	0.0000	0.0000	0.0004	0.0000
CWC15|Q9P013	0.0000	0.0005	0.0000	0.0000	0.0003	0.6061	0.2319	0.0000	0.0000	0.0000	0.0000	0.0000
SLX9|Q9NSI2	0.0000	0.0008	0.0000	0.0000	0.0000	0.0123	0.9764	0.0000	0.0000	0.0000	0.0006	0.0000
C2orf49|Q9BVC5	0.0000	0.0646	0.0002	0.0000	0.0006	0.9384	0.0000	0.0046	0.0000	0.0000	0.0906	0.0001
MALSU1|Q96EH3	0.0000	0.0000	0.0000	0.0006	0.0000	0.0000	0.9961	0.0000	0.0000	0.0000	0.0000	0.0000
EXOSC5|Q9NQT4	0.0000	0.0000	0.0002	0.0000	0.0000	0.0004	0.9996	0.0000	0.0000	0.0000	0.0000	0.0000
APOBEC1|P41238	0.0137	0.2035	0.0000	0.0000	0.0002	0.0041	0.0000	0.0026	0.0000	0.0000	0.0000	0.0000
RBM24|Q9BX46	0.0001	0.1895	0.0001	0.0000	0.9241	0.0074	0.0000	0.0005	0.0001	0.0000	0.0000	0.0001
ARL6IP4|Q66PJ3	0.8816	0.0725	0.0050	0.0000	0.0000	0.0000	0.8658	0.0000	0.0036	0.0000	0.0001	0.0000
CLNS1A|P54105	0.0000	0.0055	0.0001	0.0000	0.9096	0.0001	0.0011	0.0000	0.0000	0.0000	0.0020	0.0000
REXO2|Q9Y3B8	0.0000	0.0004	0.0301	0.1769	0.0034	0.0009	0.0962	0.0000	0.0070	0.0000	0.0000	0.0001
SMNDC1|O75940	0.9113	0.0000	0.0000	0.0000	0.0000	0.0000	0.0000	0.0001	0.9973	0.0000	0.0000	0.0000
SRSF7|Q16629	0.0775	0.9999	0.0000	0.0000	0.8787	0.0000	0.0000	0.0000	0.0000	0.0000	0.0000	0.0000
MRTO4|Q9UKD2	0.0000	0.0017	0.0000	0.0000	0.0000	0.0002	0.9975	0.0000	0.0000	0.0000	0.0015	0.0000
RBM38|Q9H0Z9	0.0022	0.2295	0.0002	0.0008	0.9686	0.0000	0.0000	0.0000	0.0005	0.0000	0.0000	0.6522
HDGF|P51858	0.0000	0.0000	0.0000	0.0008	0.0529	0.0027	0.0008	0.0000	0.0003	0.0000	0.0000	0.0000
MTRES1|Q9P0P8	0.0522	0.7199	0.0044	0.0043	0.0217	0.0000	0.0000	0.0000	0.0000	0.0000	0.0008	0.0001
SNRPB|P14678	0.0001	1.0000	0.0000	0.0000	0.0001	0.0000	0.0000	0.0000	0.0000	0.0000	0.0000	0.0000
SNRPN|P63162	0.0000	1.0000	0.0000	0.0000	0.0000	0.0000	0.0000	0.0000	0.0000	0.0000	0.0000	0.0000
U2AF1|Q01081	0.9836	0.0802	0.0009	0.0000	0.9778	0.0000	0.0000	0.0003	0.0000	0.0000	0.0000	0.0000
CCDC59|Q9P031	0.0000	0.8473	0.0000	0.0000	0.0000	0.0591	0.0062	0.0000	0.0000	0.0000	0.0000	0.0000
CLIC1|O00299	0.0000	0.0000	0.0010	0.0000	0.0160	0.1889	0.0000	0.0036	0.0000	0.0000	0.0000	0.0001
ZCCHC17|Q9NP64	0.0000	0.0000	0.0000	0.0000	0.0000	0.0001	0.9999	0.0000	0.0000	0.0000	0.0000	0.0000
EIF4E1B|A6NMX2	0.0000	0.0000	0.0000	0.0000	0.0000	0.1086	0.9885	0.1025	0.0010	0.0000	0.0000	0.0000
GEMIN8|Q9NWZ8	0.0575	0.0009	0.0001	0.0000	0.0000	0.2825	0.0000	0.0002	0.0000	0.0000	0.0003	0.0049
MRPS7|Q9Y2R9	0.1436	0.1780	0.0123	0.0000	0.0008	0.0000	0.0000	0.0000	0.0000	0.0000	0.0000	0.0000
NUCKS1|Q9H1E3	0.0000	0.0000	0.0000	0.0000	0.0000	0.9999	0.0012	0.0000	0.0000	0.0000	0.0002	0.0000
RPS3|P23396	0.0095	0.6551	0.0052	0.0066	0.4079	0.0159	0.7224	0.0001	0.0004	0.0072	0.0000	0.0000
SYF2|O95926	0.0000	0.0000	0.0002	0.4748	0.6550	0.0000	0.0000	0.0000	0.0003	0.0000	0.0000	0.0000
EMG1|Q92979	0.0000	0.0000	0.0002	0.0000	0.0000	0.9794	0.0000	0.0000	0.0000	0.0000	0.1251	0.0000
RTRAF|Q9Y224	0.0000	1.0000	0.0000	0.0000	0.8506	0.0000	0.0000	0.0004	0.0000	0.0000	0.0000	0.0000
EIF4E2|O60573	0.0000	1.0000	0.0000	0.0000	0.0005	0.0000	0.0000	0.0000	0.0000	0.0000	0.0000	0.0000
EIF6|P56537	0.0103	0.0457	0.0001	0.0108	0.7324	0.0000	0.6992	0.0000	0.0051	0.0003	0.0067	0.0003
EXOSC4|Q9NPD3	0.0000	0.0000	0.0197	0.0000	0.0000	0.0008	0.9999	0.0000	0.0000	0.0000	0.0000	0.0000
YWHAZ|P63104	0.0000	0.0000	0.0000	0.9985	0.0004	0.0000	0.0000	0.0000	0.0000	0.0000	0.0000	0.0000
SNRNP35|Q16560	0.0002	0.0193	0.0000	0.0014	0.9115	0.0000	0.0000	0.0000	0.0000	0.0000	0.0009	0.0000
TFAM|Q00059	0.0000	0.0003	0.0014	0.9788	0.0062	0.0000	0.0000	0.0007	0.0000	0.0000	0.0001	0.9977
YWHAB|P31946	0.0000	0.0936	0.0003	0.9714	0.8571	0.0000	0.0000	0.0000	0.0000	0.0000	0.0000	0.0000
YWHAG|P61981	0.0000	0.0000	0.0000	0.7155	0.0000	0.0000	0.0000	0.1242	0.0000	0.0000	0.0052	0.0000
CHTOP|Q9Y3Y2	0.8563	0.2209	0.0415	0.0000	0.0055	0.0001	0.0141	0.0001	0.0016	0.0000	0.0000	0.0003
EIF4H|Q15056	0.0000	0.0006	0.0000	0.0000	0.9914	0.0000	0.0000	0.0000	0.0000	0.0000	0.1348	0.0000
RPL7|P18124	0.0000	0.6625	0.0000	0.0000	0.0000	0.0095	0.3816	0.0000	0.0000	0.0000	0.0000	0.0000
SRSF1|Q07955	0.2089	0.2071	0.0011	0.0000	0.8221	0.0000	0.0000	0.0003	0.0000	0.0000	0.0375	0.0001
ANP32A|P39687	0.0000	0.0000	0.0000	0.0000	0.0000	0.0000	0.3914	0.0007	0.0000	0.0000	0.0014	0.0000
RPS6|P62753	0.0000	0.9998	0.0000	0.0000	0.9963	0.0000	0.0000	0.0000	0.0000	0.0000	0.0000	0.0000
TPI1|P60174	0.0000	0.0001	0.0000	0.9990	0.0000	0.0000	0.0000	0.0000	0.0000	0.0000	0.0000	0.0000
UTP23|Q9BRU9	0.0000	0.0000	0.0000	0.0000	0.0000	0.0000	0.9999	0.0000	0.0000	0.0000	0.0000	0.0000
LIN28B|Q6ZN17	0.0003	0.8870	0.0150	0.0000	0.1501	0.0313	0.3314	0.0000	0.0000	0.0046	0.0008	0.0008
MRPL47|Q9HD33	0.0000	0.0078	0.0001	0.0360	0.0034	0.0000	0.6729	0.0000	0.0000	0.0000	0.0000	0.0000
SBDS|Q9Y3A5	0.0000	0.0383	0.0000	0.0000	0.0000	0.0001	0.9995	0.0000	0.0000	0.0000	0.0000	0.0000
ANP32B|Q92688	0.0000	0.0011	0.0001	0.0000	0.0000	0.0015	0.9992	0.0000	0.0000	0.0000	0.0000	0.0000
MRPL16|Q9NX20	0.0000	0.0035	0.0000	0.3974	0.0000	0.0000	0.0000	0.0003	0.0000	0.0000	0.0000	0.0000
PNO1|Q9NRX1	0.0000	0.0004	0.0000	0.0000	0.0004	0.0231	0.9950	0.0004	0.0006	0.0000	0.0000	0.0000
DNAJC8|O75937	0.0000	0.0000	0.0000	0.0000	0.9742	0.0005	0.0011	0.0000	0.0000	0.0000	0.0002	0.0000
UTP11|Q9Y3A2	0.0003	0.7068	0.0002	0.0000	0.0030	0.0083	0.5608	0.0000	0.0000	0.0000	0.0008	0.0004
PGAM1|P18669	0.0000	0.0719	0.0101	0.0000	0.0073	0.0000	0.0000	0.0064	0.0000	0.0000	0.0000	0.0001
RPL7L1|Q6DKI1	0.0000	0.8054	0.0000	0.0000	0.0000	0.0000	0.8343	0.0000	0.0000	0.0000	0.0000	0.0000
SNRPA1|P09661	0.0000	0.0000	0.0001	0.0000	0.0000	0.0013	0.0000	0.0000	0.0000	0.0000	0.7872	0.0000
YWHAE|P62258	0.0000	0.0000	0.0000	0.9997	0.0000	0.0000	0.0000	0.0000	0.0000	0.0000	0.0000	0.0000
MRPL28|Q13084	0.0000	0.9190	0.0000	0.0000	0.0000	0.0001	0.3055	0.0000	0.0001	0.0000	0.0000	0.0000
ALYREF|Q86V81	0.9962	0.2539	0.0005	0.0000	0.4308	0.0001	0.0001	0.0081	0.0175	0.0000	0.0000	0.0002
MRPS15|P82914	0.0028	0.2763	0.0000	0.0000	0.0001	0.0934	0.0322	0.0000	0.0000	0.0000	0.0419	0.0000
NOL7|Q9UMY1	0.0000	0.0000	0.0000	0.0000	0.0000	0.0000	1.0000	0.0000	0.0000	0.0000	0.0000	0.0000
RPL8|P62917	0.0000	0.0000	0.0000	0.9929	0.0000	0.0000	0.0000	0.0000	0.0000	0.0000	0.0001	0.0000
CDV3|Q9UKY7	0.0000	0.0141	0.0000	0.0003	0.9791	0.0000	0.0000	0.0000	0.0000	0.0000	0.0635	0.0000
EIF3J|O75822	0.0000	0.0002	0.0000	0.0009	0.6865	0.5067	0.0137	0.0000	0.0000	0.0000	0.0001	0.0000
FRG1|Q14331	0.0000	0.0000	0.0000	0.0000	0.0000	0.0000	0.9999	0.0000	0.9981	0.0000	0.0000	0.0000
MRPS18B|Q9Y676	0.0000	0.0001	0.2008	0.0000	0.9716	0.0000	0.0000	0.0000	0.0000	0.0000	0.0000	0.0000
RRP36|Q96EU6	0.0000	0.0008	0.0000	0.0000	0.0000	0.0015	0.9997	0.0000	0.0001	0.0000	0.0000	0.0000
DNAJC9|Q8WXX5	0.0000	0.0113	0.0000	0.0000	0.0000	0.9881	0.0009	0.0004	0.0000	0.0000	0.0004	0.0000
NSA2|O95478	0.0000	0.0042	0.0000	0.0000	0.0000	0.0000	0.9995	0.0000	0.0000	0.0000	0.0000	0.0000
ERP29|P30040	0.0000	0.0760	0.0000	0.0013	0.0000	0.0000	0.9588	0.0000	0.0000	0.0000	0.0000	0.0000
HSD17B10|Q99714	0.0000	0.0000	0.0000	0.9818	0.0000	0.0000	0.0000	0.0000	0.0000	0.0000	0.0404	0.0000
MRPL10|Q7Z7H8	0.0009	0.0000	0.0000	0.0000	0.0000	0.0005	0.9957	0.0000	0.0000	0.0000	0.0000	0.0000
PCNA|P12004	0.0000	0.0010	0.0000	0.8976	0.3602	0.0000	0.0000	0.0004	0.0002	0.0000	0.0000	0.0000
SRSF12|Q8WXF0	0.0000	1.0000	0.0000	0.0000	0.0000	0.0000	0.0000	0.0000	0.0000	0.0000	0.0001	0.0000
MRRF|Q96E11	0.0012	0.0000	0.0218	0.0000	0.0000	0.0001	0.3463	0.0000	0.0006	0.0000	0.0000	0.0000
SRSF10|O75494	0.9922	0.0844	0.0000	0.0000	0.0000	0.0000	0.0000	0.0000	0.0000	0.0000	0.0006	0.0000
MMTAG2|Q9BU76	0.0000	0.0000	0.0000	0.0000	0.0090	0.0563	0.8403	0.0000	0.0000	0.0000	0.0000	0.0000
RPS4X|P62701	0.0000	1.0000	0.0000	0.0000	0.0001	0.0000	0.0000	0.0000	0.0000	0.0000	0.0000	0.0000
RPS4Y1|P22090	0.0000	1.0000	0.0000	0.0000	0.0000	0.0000	0.0000	0.0000	0.0000	0.0000	0.0000	0.0000
RPS4Y2|Q8TD47	0.0000	0.6318	0.0000	0.0000	0.0000	0.0000	0.6558	0.0000	0.0000	0.0000	0.0015	0.0000
RPS3A|P61247	0.0000	0.9997	0.0000	0.0000	0.0052	0.0000	0.0003	0.0000	0.0000	0.0000	0.0000	0.0000
PQBP1|O60828	0.0000	0.0259	0.0000	0.0000	0.9512	0.0000	0.0000	0.0000	0.0000	0.0000	0.0066	0.0000
USB1|Q9BQ65	0.0000	0.0014	0.0005	0.0000	0.0005	0.9690	0.0000	0.0000	0.0000	0.0000	0.0000	0.0000
RBM7|Q9Y580	0.4770	0.8730	0.0000	0.0000	0.0460	0.0000	0.0004	0.0000	0.0000	0.0000	0.3266	0.0001
RPL7A|P62424	0.0000	0.9359	0.0000	0.0000	0.0000	0.0000	0.6761	0.0000	0.0000	0.0000	0.0000	0.0000
MRPL9|Q9BYD2	0.0000	0.0001	0.0001	0.0002	0.0001	0.5485	0.2000	0.0002	0.0002	0.0000	0.0000	0.0000
MAPRE1|Q15691	0.0000	0.0034	0.0000	0.9402	0.9927	0.0000	0.0000	0.0000	0.0000	0.0000	0.0001	0.0000
RPP30|P78346	0.0000	0.0001	0.0004	0.0000	0.0000	0.0000	0.9958	0.0000	0.0181	0.0000	0.0000	0.0000
CPSF4|O95639	0.0000	0.0001	0.0000	0.0000	0.9590	0.0000	0.0000	0.0000	0.0000	0.0000	0.0000	0.0000
SLBP|Q14493	0.0000	0.0010	0.0012	0.0000	0.0020	0.0020	0.1363	0.0000	0.0000	0.0000	0.0000	0.0002
PRDX4|Q13162	0.0000	0.0002	0.0000	0.0000	0.9909	0.0002	0.0001	0.0000	0.0000	0.0000	0.0000	0.0000
SRPRB|Q9Y5M8	0.0000	0.0000	0.0000	0.8601	0.0001	0.0004	0.0000	0.0001	0.0000	0.0000	0.0002	0.0000
ZCCHC9|Q8N567	0.0000	0.0000	0.0000	0.0000	0.0000	0.0010	1.0000	0.0000	0.0000	0.0000	0.0000	0.0000
ABT1|Q9ULW3	0.0000	0.0001	0.0000	0.0000	0.0000	0.0000	1.0000	0.0000	0.0000	0.0000	0.0000	0.0000
EXOSC6|Q5RKV6	0.0000	0.0000	0.0000	0.0000	0.0000	0.0010	1.0000	0.0000	0.0000	0.0000	0.0000	0.0000
SRSF5|Q13243	0.0394	0.6309	0.0000	0.0000	0.7973	0.0045	0.0000	0.0011	0.0000	0.0000	0.0261	0.0000
ARGLU1|Q9NWB6	0.1479	0.0000	0.0001	0.0000	0.0000	0.9940	0.0003	0.0000	0.0000	0.0000	0.0000	0.0000
EXOSC3|Q9NQT5	0.0000	0.0001	0.0000	0.0000	0.0000	0.0000	0.9999	0.0000	0.0000	0.0000	0.0000	0.0000
POLR2C|P19387	0.0000	0.0481	0.0000	0.0000	0.0390	0.0000	0.0050	0.0000	0.0001	0.0000	0.0006	0.0000
EXOSC8|Q96B26	0.0000	0.0000	0.0000	0.0000	0.0000	0.0034	0.9980	0.0000	0.0004	0.0000	0.0000	0.0000
METTL1|Q9UBP6	0.0154	0.0000	0.0000	0.0000	0.0000	0.0015	0.3180	0.0000	0.0005	0.0000	0.0000	0.0000
MTIF3|Q9H2K0	0.0000	0.0008	0.0031	0.0000	0.0000	0.0001	0.9725	0.0012	0.0125	0.0000	0.0000	0.0000
PABPN1L|A6NDY0	0.0000	0.9341	0.0000	0.0000	0.0622	0.0126	0.0000	0.0004	0.0000	0.0000	0.0023	0.0000
CMSS1|Q9BQ75	0.0000	0.8488	0.0000	0.0000	0.0010	0.0000	0.6767	0.0000	0.0002	0.0000	0.0000	0.0000
MRPL46|Q9H2W6	0.0000	0.0000	0.0000	0.0001	0.0000	0.0000	0.5173	0.0001	0.0000	0.0000	0.0106	0.0000
GEMIN2|O14893	0.0000	0.0000	0.0001	0.0000	0.0000	0.0000	0.0000	0.0000	0.0000	0.0000	0.9797	0.0000
RRP7A|Q9Y3A4	0.0000	0.0001	0.0000	0.0000	0.0000	0.0000	0.9999	0.0000	0.0000	0.0000	0.0000	0.0000
BUD23|O43709	0.0000	0.0000	0.0000	0.0000	0.0000	0.1701	0.0000	0.0000	0.0000	0.0000	0.9760	0.0000
EEF1D|P29692	0.0000	0.0376	0.0001	0.0000	0.0042	0.0000	0.0000	0.0003	0.0000	0.0000	0.9818	0.0000
RBM11|P57052	0.9986	0.0275	0.0001	0.0000	0.0000	0.0000	0.0000	0.0000	0.0000	0.0000	0.0000	0.0001
C1QBP|Q07021	0.0000	0.8979	0.0964	0.0006	0.0644	0.0000	0.0219	0.0000	0.0000	0.0000	0.0001	0.0000
RRP15|Q9Y3B9	0.0000	0.0000	0.0000	0.0000	0.9980	0.0000	0.0002	0.0000	0.0000	0.0000	0.0000	0.0000
SNRPA|P09012	0.9855	0.9959	0.0000	0.0000	0.0000	0.0000	0.0000	0.0000	0.0000	0.0000	0.0000	0.0000
SRSF8|Q9BRL6	0.0102	0.9998	0.0000	0.0000	0.0000	0.0000	0.0000	0.0003	0.0000	0.0000	0.0005	0.0000
TRA2A|Q13595	0.1248	0.9213	0.0000	0.0000	0.0061	0.0676	0.0000	0.0000	0.0001	0.0000	0.0000	0.0000
BOLL|Q8N9W6	0.0000	0.9997	0.0000	0.0011	0.9877	0.0000	0.0000	0.0000	0.0000	0.0000	0.0000	0.0021
RPP38|P78345	0.0000	0.0005	0.0000	0.0000	0.0000	0.0000	0.9999	0.0000	0.0000	0.0000	0.0000	0.0000
VDAC1|P21796	0.0000	0.0004	0.0017	0.1262	0.0001	0.0001	0.0013	0.0032	0.0001	0.0000	0.0028	0.0000
GTPBP8|Q8N3Z3	0.0000	0.0002	0.0000	0.0000	0.0000	0.9941	0.8756	0.0000	0.0000	0.0000	0.0000	0.0000
RDM1|Q8NG50	0.0000	0.0003	0.0000	0.0000	0.0000	0.0000	0.9614	0.0000	0.9973	0.0000	0.0000	0.0000
CNOT7|Q9UIV1	0.0000	0.9995	0.0000	0.0000	0.4252	0.0006	0.0000	0.0001	0.0000	0.0000	0.0000	0.0009
ISY1|Q9ULR0	0.0001	0.9615	0.0002	0.0001	0.1990	0.0000	0.0000	0.0000	0.0001	0.0000	0.0200	0.0003
HEXIM2|Q96MH2	0.0000	0.3501	0.0002	0.0000	0.0000	0.0034	0.0001	0.0000	0.0000	0.0000	0.0009	0.0000
RNASEH1|O60930	0.0000	0.0005	0.0000	0.0000	0.9992	0.0018	0.0000	0.0002	0.0000	0.0000	0.0000	0.0000
TRNAU1AP|Q9NX07	0.0000	0.0137	0.0033	0.0026	0.0000	0.0000	0.7255	0.0000	0.0009	0.0000	0.0020	0.0000
RPL6|Q02878	0.0078	0.0888	0.0000	0.0001	0.0000	0.0006	0.0090	0.0000	0.0000	0.0000	0.0000	0.0000
TRA2B|P62995	0.9862	0.9999	0.0000	0.0000	0.8646	0.0000	0.0000	0.0000	0.0000	0.0000	0.0000	0.0001
CCDC137|Q6PK04	0.0000	0.0702	0.0001	0.0000	0.0000	0.8568	0.1173	0.0000	0.0000	0.0000	0.0000	0.0000
PGAM5|Q96HS1	0.0000	0.9503	0.0002	0.0000	0.2989	0.0001	0.0023	0.0019	0.0001	0.0000	0.0000	0.0000
TRMT61A|Q96FX7	0.0000	0.0010	0.0000	0.0000	0.0000	0.1992	0.0020	0.0010	0.0000	0.0000	0.1879	0.0000
ZMAT3|Q9HA38	0.0011	0.0005	0.0001	0.0000	0.0017	0.0053	0.6314	0.0000	0.0000	0.0000	0.0000	0.0003
PIH1D1|Q9NWS0	0.0000	0.0883	0.0330	0.0152	0.0000	0.0000	0.0000	0.0021	0.0000	0.0000	0.0002	0.0001
SET|Q01105	0.0000	0.0000	0.5197	0.0000	0.0000	0.0137	0.0375	0.0000	0.0000	0.0000	0.0000	0.0000
TSNAX|Q99598	0.0000	0.4398	0.0037	0.0002	0.0000	0.0181	0.0001	0.0015	0.0000	0.0000	0.0000	0.0000
EXOSC7|Q15024	0.0000	0.0000	0.0000	0.0002	0.0200	0.0116	0.0000	0.0053	0.0000	0.0000	0.0000	0.0000
GTF2E2|P29084	0.0000	0.0007	0.0000	0.0000	0.0000	0.7234	0.5688	0.0000	0.0000	0.0000	0.0000	0.0001
IMP4|Q96G21	0.0000	0.0001	0.0000	0.0000	0.0000	0.0006	1.0000	0.0000	0.0000	0.0000	0.0000	0.0000
NGRN|Q9NPE2	0.0000	0.0073	0.0000	0.0000	0.0000	0.0057	0.9686	0.0000	0.0000	0.0000	0.0001	0.0000
RALYL|Q86SE5	0.0000	0.9846	0.0000	0.0000	0.0076	0.0113	0.0001	0.0005	0.0000	0.0000	0.0000	0.0000
SHFL|Q9NUL5	0.0000	1.0000	0.0000	0.0000	0.0000	0.0000	0.0000	0.0000	0.0000	0.0000	0.0000	0.0000
ZC3H8|Q8N5P1	0.0003	0.0037	0.0001	0.0000	0.0008	0.4922	0.0149	0.0000	0.0002	0.0000	0.2254	0.0013
BCDIN3D|Q7Z5W3	0.0002	0.0643	0.0037	0.0000	0.0033	0.2067	0.0037	0.0021	0.0000	0.0000	0.2046	0.0003
C11orf68|Q9H3H3	0.0000	0.9969	0.0003	0.0001	0.0022	0.0000	0.0013	0.0008	0.0000	0.0000	0.0000	0.0000
CNOT8|Q9UFF9	0.0000	1.0000	0.0000	0.0000	0.9894	0.0000	0.0000	0.0000	0.0000	0.0000	0.0000	0.0000
MRPL19|P49406	0.0000	0.0014	0.0000	0.0269	0.0000	0.0000	0.0007	0.0000	0.0000	0.0000	0.0010	0.0000
NANOS1|Q8WY41	0.0000	0.0000	0.0000	0.0000	0.1542	0.0544	0.0000	0.0000	0.0000	0.0000	0.0000	0.0000
EXOSC2|Q13868	0.0000	0.0298	0.0000	0.0000	0.0000	0.0016	0.9747	0.0000	0.0001	0.0000	0.0000	0.0000
FRRS1L|Q9P0K9	0.0001	0.8980	0.0350	0.0093	0.1115	0.0000	0.0000	0.0002	0.0022	0.0000	0.0000	0.0009
FSAF1|Q8NDD1	0.0000	0.0001	0.0000	0.0000	0.0035	0.9923	0.0000	0.0749	0.0000	0.0000	0.0000	0.0000
HNRNPCL1|O60812	0.0000	1.0000	0.0000	0.0000	0.0005	0.0000	0.0000	0.0000	0.0000	0.0000	0.0000	0.0000
HNRNPCL2|B2RXH8	0.0000	0.9999	0.0000	0.0000	0.0079	0.0000	0.0004	0.0000	0.0000	0.0000	0.0000	0.0000
HNRNPCL3|B7ZW38	0.0000	1.0000	0.0000	0.0000	0.0036	0.0000	0.0001	0.0000	0.0000	0.0000	0.0000	0.0000
NIFK|Q9BYG3	0.0000	0.4016	0.0000	0.0000	0.0023	0.9249	0.4606	0.0000	0.0000	0.0000	0.0000	0.0000
RPS2|P15880	0.0000	0.9997	0.0000	0.0000	0.9982	0.0000	0.0000	0.0000	0.0000	0.0000	0.0000	0.0002
NPM1|P06748	0.0000	0.0005	0.0000	0.0000	0.9980	0.0000	0.0080	0.0000	0.0000	0.0000	0.0000	0.0000
SMN1|Q16637	0.0000	0.0000	0.0000	0.0000	0.9423	0.0000	0.0000	0.0000	0.9989	0.0000	0.0000	0.0000
VDAC2|P45880	0.0000	0.0244	0.0066	0.9842	0.0002	0.0000	0.0000	0.0005	0.0000	0.0000	0.0000	0.0000
ZNF346|Q9UL40	0.0002	0.0000	0.0001	0.0000	0.0000	0.0011	0.9991	0.0000	0.0014	0.0000	0.0000	0.0000
DAZL|Q92904	0.0000	0.0107	0.0000	0.0000	0.9702	0.0011	0.0000	0.0000	0.0000	0.0000	0.0000	0.0000
RPSA|P08865	0.0000	0.9996	0.0000	0.5693	0.9946	0.0000	0.0000	0.0000	0.0000	0.0000	0.0002	0.0000
MRPL15|Q9P015	0.0000	0.0246	0.0000	0.0018	0.0109	0.0000	0.7595	0.0000	0.0000	0.0000	0.0000	0.0000
MRPS2|Q9Y399	0.0000	0.9462	0.0000	0.0004	0.0378	0.0000	0.0000	0.0003	0.0006	0.0000	0.0000	0.0500
CNN1|P51911	0.0000	0.3833	0.0000	0.0000	0.1796	0.0456	0.0000	0.0000	0.0000	0.0000	0.0521	0.0000
RPL5|P46777	0.0001	0.8147	0.0000	0.0000	0.3291	0.0340	0.1123	0.0000	0.0000	0.0007	0.0000	0.0001
TACO1|Q9BSH4	0.0000	0.2225	0.0415	0.0035	0.0696	0.0029	0.0408	0.0000	0.0004	0.0000	0.0000	0.0202
SLC25A5|P05141	0.0000	0.9976	0.0000	0.8625	0.0254	0.0000	0.0000	0.0000	0.0000	0.0000	0.0000	0.0000
RNASEH2A|O75792	0.0000	0.5312	0.0068	0.0000	0.0001	0.0000	0.0079	0.0000	0.0011	0.0000	0.0000	0.0000
MAK16|Q9BXY0	0.0000	0.0111	0.0025	0.0000	0.0384	0.0001	0.0119	0.0437	0.0001	0.0000	0.0000	0.0000
ZC3HAV1L|Q96H79	0.0000	0.1254	0.0000	0.0000	0.0017	0.9805	0.0000	0.0000	0.0000	0.0000	0.0000	0.0000
NOSIP|Q9Y314	0.0000	0.0022	0.0001	0.0000	0.9994	0.0000	0.0000	0.0018	0.0000	0.0000	0.0001	0.0000
PPIE|Q9UNP9	0.0000	0.0000	0.0000	0.0003	0.0002	0.7454	0.0074	0.0003	0.0000	0.0000	0.0000	0.0000
TCEA1|P23193	0.0000	0.0000	0.0000	0.0000	0.0003	0.3769	0.8814	0.0000	0.0001	0.0000	0.0000	0.0000
PUSL1|Q8N0Z8	0.0000	0.0000	0.0000	0.0000	0.0000	0.1831	0.0010	0.0002	0.0000	0.0000	0.0000	0.0000
DNAJC17|Q9NVM6	0.9993	0.0000	0.0001	0.0000	0.0000	0.0022	0.0004	0.0000	0.0000	0.0000	0.0011	0.0000
EIF2B1|Q14232	0.0000	0.0000	0.0149	0.0606	0.0001	0.0003	0.0005	0.0001	0.0000	0.0000	0.0004	0.0000
HNRNPA0|Q13151	0.0000	0.9999	0.0000	0.0000	0.9495	0.0000	0.0000	0.0000	0.0000	0.0000	0.0000	0.0000
MRPL2|Q5T653	0.0000	0.0036	0.0000	0.2496	0.0000	0.0000	0.0000	0.0000	0.0000	0.0000	0.0000	0.0000
RNPS1|Q15287	0.9934	0.0087	0.0000	0.0000	0.0000	0.0000	0.0000	0.0000	0.0000	0.0000	0.0000	0.0000
SKIC8|Q9GZS3	0.0185	0.0088	0.0013	0.0000	0.0020	0.0001	0.0018	0.0046	0.0002	0.0000	0.1307	0.0000
EBNA1BP2|Q99848	0.0000	0.0005	0.0000	0.0000	0.0000	0.0000	0.9999	0.0000	0.0000	0.0000	0.0000	0.0000
HNRNPC|P07910	0.0000	1.0000	0.0000	0.0000	0.9999	0.0000	0.0000	0.0000	0.0000	0.0000	0.0000	0.0000
MRPL45|Q9BRJ2	0.0000	0.0000	0.0000	0.0000	0.0001	0.9765	0.0000	0.0000	0.0000	0.0000	0.0003	0.0000
PABPN1|Q86U42	0.9419	0.0000	0.0000	0.0000	0.0000	0.0030	0.0000	0.0000	0.0001	0.0000	0.0000	0.0000
RALY|Q9UKM9	0.0000	0.8162	0.0000	0.0018	0.0035	0.0000	0.0000	0.0005	0.0000	0.0000	0.0001	0.0000
RPF2|Q9H7B2	0.0000	0.9189	0.0000	0.0000	0.0000	0.0001	0.2480	0.0000	0.0000	0.0000	0.0007	0.0000
LRRC59|Q96AG4	0.0000	0.0777	0.0000	0.0007	0.0000	0.0000	0.0000	0.0001	0.0000	0.0000	0.0000	0.0000
CNN2|Q99439	0.0000	0.0008	0.0006	0.0000	0.9971	0.0006	0.0000	0.0000	0.0000	0.0000	0.0009	0.0001
TOMM34|Q15785	0.0000	0.8343	0.0000	0.0002	0.0163	0.0000	0.0000	0.0034	0.0000	0.0000	0.0213	0.0000
TSEN34|Q9BSV6	0.0000	0.0000	0.0000	0.0000	0.0000	0.0000	1.0000	0.0000	0.0000	0.0000	0.0000	0.0000
MRPL4|Q9BYD3	0.0000	0.0527	0.0001	0.0000	0.0000	0.0000	0.0540	0.0000	0.0000	0.0000	0.0000	0.0000
AIMP1|Q12904	0.0005	0.7136	0.0000	0.0006	0.8492	0.0001	0.0076	0.0000	0.0000	0.0000	0.0000	0.0000
PRPF38A|Q8NAV1	0.0038	0.0000	0.0000	0.0000	0.0000	0.0156	0.0116	0.0000	0.0000	0.0000	0.0000	0.0000
PURB|Q96QR8	0.0000	0.3322	0.0357	0.8337	0.7380	0.0000	0.0028	0.0002	0.0011	0.0000	0.0000	0.0067
RBFOX3|A6NFN3	0.0000	0.0077	0.0000	0.0001	0.9739	0.0000	0.0000	0.0000	0.0000	0.0000	0.0032	0.0172
RNASEH2B|Q5TBB1	0.0000	0.1483	0.0000	0.0000	0.0000	0.8845	0.9790	0.0000	0.0000	0.0000	0.0000	0.0000
RPRD1A|Q96P16	0.0000	0.0002	0.0003	0.0000	0.0000	0.3274	0.9626	0.0000	0.0000	0.0000	0.0000	0.0000
TSR3|Q9UJK0	0.0000	0.0000	0.0000	0.0000	0.0000	0.9492	0.8873	0.0000	0.0000	0.0000	0.0000	0.0000
DIMT1|Q9UNQ2	0.0001	0.7250	0.0077	0.0000	0.0017	0.0943	0.3303	0.0000	0.0000	0.0000	0.0000	0.0000
LUZP4|Q9P127	0.2459	0.9771	0.0006	0.0000	0.0013	0.0000	0.0000	0.0000	0.0000	0.0000	0.0005	0.0020
PRKRA|O75569	0.0010	0.0004	0.0000	0.0000	0.0053	0.0059	0.0000	0.0003	0.0018	0.0000	0.0000	0.0001
TYMS|P04818	0.0000	0.0000	0.0836	0.0892	0.0000	0.0000	0.0001	0.0000	0.0000	0.0000	0.0061	0.0000
WDR82|Q6UXN9	0.0011	0.0002	0.0000	0.0000	0.0000	0.9992	0.0000	0.0001	0.0000	0.0000	0.0000	0.0000
BCCIP|Q9P287	0.0000	0.0038	0.0000	0.0000	0.0240	0.9560	0.5755	0.0000	0.0000	0.0000	0.0000	0.0000
SLC25A11|Q02978	0.0000	0.0000	0.0000	0.7861	0.0000	0.0002	0.0000	0.0074	0.0000	0.0000	0.0000	0.0000
CALU|O43852	0.0000	0.0000	0.0000	0.9526	0.0000	0.0000	0.0252	0.0000	0.0001	0.0000	0.0000	0.0000
EIF2S1|P05198	0.0000	0.0236	0.0073	0.0466	0.9397	0.0189	0.0000	0.0000	0.0000	0.0003	0.0030	0.0071
NGDN|Q8NEJ9	0.0000	0.0001	0.0000	0.0000	0.0000	0.9966	0.9960	0.0000	0.0000	0.0000	0.0000	0.0000
WDR83|Q9BRX9	0.0000	0.0032	0.0000	0.0000	0.0002	0.1829	0.0161	0.0001	0.0000	0.0000	0.0000	0.0000
TRMT10B|Q6PF06	0.0000	0.3141	0.0135	0.0000	0.0000	0.1119	0.5189	0.0001	0.0002	0.0000	0.0001	0.0004
RACK1|P63244	0.0001	0.0109	0.0000	0.0000	0.9961	0.0000	0.0006	0.0003	0.0002	0.0000	0.0000	0.0000
RPLP0|P05388	0.0000	0.9999	0.0066	0.4929	0.0005	0.0000	0.0000	0.0000	0.0000	0.0000	0.0000	0.0005
APEX1|P27695	0.3964	0.2683	0.0021	0.0001	0.3777	0.0024	0.6161	0.0000	0.0123	0.0301	0.0360	0.0007
FYTTD1|Q96QD9	0.9700	0.0004	0.0000	0.0000	0.0000	0.0000	0.0000	0.0000	0.0000	0.0000	0.0003	0.0000
AIMP2|Q13155	0.0000	0.1176	0.0000	0.0000	0.9811	0.0000	0.0000	0.0006	0.0000	0.0000	0.0069	0.0007
EIF3G|O75821	0.0000	0.0013	0.0000	0.0000	0.9685	0.0000	0.0000	0.0000	0.0000	0.0000	0.0014	0.0000
HNRNPA1L2|Q32P51	0.0007	0.0810	0.0000	0.0131	0.9984	0.0000	0.0000	0.0000	0.0001	0.0000	0.0000	0.0000
HNRNPA1L3|A0A2R8Y4L2	0.0002	0.0003	0.0000	0.0836	0.9974	0.0000	0.0000	0.0000	0.0003	0.0000	0.0000	0.0000
FBL|P22087	0.0001	0.6291	0.0000	0.0000	0.3814	0.0006	0.7274	0.0000	0.0001	0.0092	0.0000	0.0000
PURA|Q00577	0.0000	0.9982	0.0142	0.8818	0.9763	0.0000	0.0000	0.0005	0.0000	0.0000	0.0000	0.9836
RBMX2|Q9Y388	0.5224	0.0006	0.0000	0.0000	0.0011	0.0004	0.3441	0.0000	0.0000	0.0000	0.0000	0.0000
RNF113B|Q8IZP6	0.0003	0.0000	0.0001	0.0000	0.0000	0.3160	0.0002	0.0000	0.0000	0.0000	0.9445	0.0000
MRPS35|P82673	0.0000	0.0000	0.0000	0.0000	0.0001	0.0000	0.0001	0.0000	0.0000	0.0000	0.0005	0.0000
YBX1|P67809	0.0000	0.3765	0.0000	0.0003	0.9974	0.0000	0.0000	0.0000	0.0000	0.0000	0.0000	0.0018
AEN|Q8WTP8	0.0000	0.0032	0.0000	0.0000	0.0000	0.0019	0.8863	0.0000	0.0000	0.0000	0.0000	0.0000
EIF3I|Q13347	0.0000	0.0203	0.0000	0.0000	0.9887	0.0000	0.0006	0.0000	0.0000	0.0000	0.0001	0.0000
MRPL1|Q9BYD6	0.0000	0.0004	0.0000	0.0000	0.0000	0.0000	0.9245	0.0000	0.0000	0.0000	0.0000	0.0000
TSFM|P43897	0.0000	0.4010	0.0000	0.0000	0.0000	0.1528	0.0000	0.0000	0.0000	0.0000	0.0002	0.0000
ELAVL1|Q15717	0.0000	0.9995	0.0000	0.0000	0.9845	0.0000	0.0000	0.0001	0.0000	0.0000	0.0000	0.0000
RPRD1B|Q9NQG5	0.0000	0.0002	0.0003	0.0000	0.0000	0.0063	0.9643	0.0000	0.0000	0.0000	0.0000	0.0000
ZFP36|P26651	0.0000	1.0000	0.0000	0.0000	0.9586	0.0000	0.0000	0.0000	0.0000	0.0000	0.0000	0.0002
BUB3|O43684	0.0000	0.0000	0.0000	0.0000	0.0000	0.9999	0.0000	0.0001	0.0000	0.0000	0.0000	0.0000
MSI2|Q96DH6	0.0000	0.0656	0.0001	0.0000	0.9948	0.0000	0.0000	0.0011	0.0000	0.0000	0.0000	0.0000
PINX1|Q96BK5	0.0000	0.0000	0.0000	0.0000	0.0000	1.0000	0.9999	0.0000	0.0000	0.0000	0.0000	0.0000
CNN3|Q15417	0.0000	0.0171	0.0001	0.0020	0.0003	0.0000	0.0000	0.0555	0.0000	0.0000	0.9065	0.0000
SCML1|Q9UN30	0.0000	0.0000	0.0000	0.0000	0.0000	0.0001	0.9509	0.0000	0.0000	0.0000	0.1259	0.0000
DUSP11|O75319	0.0486	0.0000	0.0000	0.0000	0.0044	0.0079	0.0000	0.0000	0.0000	0.0000	0.0038	0.0000
ZRANB2|O95218	0.1932	0.1890	0.0000	0.0000	0.0128	0.0053	0.0791	0.0000	0.0000	0.0000	0.0109	0.0000
NUDC|Q9Y266	0.0000	0.4560	0.0002	0.0000	0.9987	0.0002	0.0000	0.0001	0.0000	0.0000	0.0001	0.0001
TRUB2|O95900	0.0000	0.0000	0.0000	0.0151	0.0000	0.0002	0.0000	0.2702	0.0005	0.0000	0.0000	0.0000
CHORDC1|Q9UHD1	0.0001	0.0000	0.0000	0.0000	0.5080	0.9866	0.0000	0.0001	0.0000	0.0000	0.0000	0.0000
HNRNPAB|Q99729	0.0000	0.9977	0.0000	0.0000	0.9766	0.0000	0.0000	0.0000	0.0000	0.0000	0.0000	0.0000
LDHA|P00338	0.0000	0.0000	0.0003	0.0001	0.0000	0.0000	0.0000	0.0054	0.0000	0.0000	0.9970	0.0000
MRPL44|Q9H9J2	0.0000	0.0009	0.0000	0.0000	0.0000	0.0976	0.9689	0.0000	0.0000	0.0000	0.0000	0.0000
EIF2S2|P20042	0.0000	0.0857	0.0000	0.0000	0.9781	0.0000	0.0696	0.0000	0.0000	0.0000	0.0000	0.0000
FBLL1|A6NHQ2	0.0001	0.9587	0.0000	0.0000	0.0001	0.0000	0.4545	0.0000	0.0000	0.0000	0.0000	0.0000
LDHB|P07195	0.0000	0.0014	0.0000	0.8370	0.0000	0.0000	0.0000	0.0082	0.0000	0.0000	0.0001	0.0000
MDH1|P40925	0.0000	0.0000	0.0000	0.9520	0.0000	0.0000	0.0012	0.0000	0.0000	0.0000	0.0033	0.0000
MTG1|Q9BT17	0.0007	0.0003	0.0000	0.0000	0.0001	0.7044	0.2659	0.0000	0.0000	0.0000	0.0000	0.0000
RSRC1|Q96IZ7	0.9495	0.5385	0.0014	0.0000	0.0000	0.0001	0.0001	0.0000	0.0007	0.0000	0.0000	0.0000
WDR5|P61964	0.0000	0.0000	0.0000	0.0000	0.0000	0.0628	0.9858	0.0001	0.0000	0.0000	0.0000	0.0000
GAPDH|P04406	0.0000	0.9894	0.0000	0.3091	0.0001	0.0000	0.0001	0.0000	0.0000	0.0000	0.0000	0.0000
GLRX3|O76003	0.0000	0.0022	0.0000	0.0002	0.0000	0.0042	0.7261	0.0031	0.0000	0.0000	0.0025	0.0000
ERI3|O43414	0.0002	0.0003	0.0172	0.0000	0.0953	0.0547	0.0234	0.0484	0.0048	0.0000	0.0000	0.0001
MDH2|P40926	0.0000	0.3207	0.0000	0.9694	0.0001	0.0000	0.0000	0.0000	0.0000	0.0000	0.0000	0.0000
MRPL39|Q9NYK5	0.0000	0.0004	0.0004	0.0922	0.0000	0.0096	0.0019	0.0001	0.0000	0.0000	0.0000	0.0000
ZFP36L1|Q07352	0.0000	1.0000	0.0000	0.0000	0.5848	0.0000	0.0000	0.0000	0.0000	0.0000	0.0000	0.0009
ANXA2|P07355	0.0000	0.0000	0.0000	0.9993	0.0000	0.0000	0.0000	0.0001	0.0000	0.0000	0.0000	0.0000
FAM50A|Q14320	0.0000	0.1001	0.0001	0.0000	0.0016	0.0012	0.9344	0.0000	0.0000	0.0000	0.0000	0.0000
SNRNP48|Q6IEG0	0.0036	0.8428	0.4365	0.0000	0.0044	0.0024	0.0002	0.0001	0.0018	0.0000	0.0000	0.1088
TRMT10A|Q8TBZ6	0.0000	0.6835	0.0024	0.0000	0.0000	0.0000	0.3302	0.0000	0.0000	0.0000	0.0000	0.0005
NSUN3|Q9H649	0.0000	0.0146	0.0000	0.0036	0.0000	0.0000	0.0390	0.0000	0.0000	0.0000	0.0000	0.0000
CD2BP2|O95400	0.0000	0.0026	0.0017	0.0000	0.1414	0.2194	0.7633	0.0000	0.0000	0.0000	0.0000	0.0000
QKI|Q96PU8	0.0000	1.0000	0.0000	0.0000	0.9976	0.0000	0.0000	0.0000	0.0000	0.0000	0.0000	0.0001
THOC6|Q86W42	0.0000	0.4863	0.0042	0.0000	0.3193	0.0001	0.0040	0.0001	0.0002	0.0000	0.0003	0.0002
DCAF7|P61962	0.0000	0.0001	0.1708	0.0004	0.0023	0.0000	0.0000	0.2895	0.0002	0.0000	0.0019	0.0004
PRPF18|Q99633	0.9999	0.0000	0.0000	0.0000	0.0000	0.0000	0.0000	0.0000	0.0011	0.0000	0.0001	0.0000
WDR77|Q9BQA1	0.0000	0.3471	0.0001	0.0000	0.0000	0.0000	0.7580	0.0001	0.0000	0.0000	0.0002	0.0000
CCDC97|Q96F63	0.0000	0.0211	0.0374	0.0000	0.0637	0.0000	0.0400	0.0000	0.0038	0.0000	0.0000	0.0000
RBFA|Q8N0V3	0.0000	0.0150	0.0000	0.0000	0.0000	0.0012	0.1595	0.0000	0.0000	0.0000	0.0000	0.0000
RNF113A|O15541	0.0037	0.8460	0.0001	0.0000	0.5808	0.0001	0.0005	0.0000	0.0000	0.0000	0.1121	0.0001
SRSF6|Q13247	0.8044	0.9437	0.0000	0.0000	0.0000	0.0004	0.0000	0.0001	0.0000	0.0000	0.0001	0.0000
TOB2|Q14106	0.0025	0.9221	0.0310	0.0000	0.0001	0.0000	0.0000	0.0005	0.0000	0.0000	0.0000	0.0021
ANXA1|P04083	0.0000	0.0000	0.0000	0.9969	0.0467	0.0000	0.0000	0.0000	0.0000	0.0000	0.0000	0.0000
HNRNPH3|P31942	0.0000	0.0226	0.0000	0.0000	0.9999	0.0000	0.0000	0.0002	0.0000	0.0000	0.0000	0.0000
KHDRBS3|O75525	0.0000	0.2549	0.0000	0.0000	0.9902	0.0015	0.0000	0.0000	0.0000	0.0000	0.0001	0.0000
POLR1C|O15160	0.0000	0.0004	0.0000	0.4537	0.0000	0.0000	0.0001	0.0041	0.0000	0.0000	0.0000	0.0000
TFB1M|Q8WVM0	0.0000	0.0000	0.0067	0.0071	0.0000	0.0000	0.0000	0.0001	0.0000	0.0000	0.0058	0.0000
PURG|Q9UJV8	0.3365	0.1317	0.2011	0.0000	0.0485	0.0059	0.3204	0.0000	0.0035	0.0003	0.0000	0.0001
MRPL3|P09001	0.0000	0.0305	0.0000	0.0000	0.3216	0.0017	0.6693	0.0000	0.0000	0.0000	0.0000	0.0000
ERI1|Q8IV48	0.0000	0.0005	0.0000	0.0000	0.0000	0.0000	1.0000	0.0000	0.0000	0.0000	0.0000	0.0000
KHDRBS2|Q5VWX1	0.0000	0.0007	0.0000	0.0002	0.9526	0.0176	0.0000	0.0000	0.0000	0.0000	0.0001	0.0000
RPF1|Q9H9Y2	0.0000	0.0000	0.0000	0.0000	0.0000	0.0002	1.0000	0.0000	0.0011	0.0000	0.0000	0.0000
TRUB1|Q8WWH5	0.0000	0.0000	0.0067	0.0176	0.0000	0.0144	0.0001	0.0912	0.0011	0.0000	0.0034	0.0000
STRAP|Q9Y3F4	0.0010	0.0003	0.0000	0.9552	0.9748	0.0000	0.0000	0.0000	0.0027	0.0000	0.0000	0.0002
EIF2B2|P49770	0.0000	0.0000	0.2190	0.0000	0.0000	0.0048	0.0012	0.3962	0.0009	0.0000	0.0000	0.0000
PPP1R8|Q12972	0.9999	0.0006	0.0000	0.0000	0.0000	0.0000	0.0000	0.0000	0.0005	0.0000	0.0000	0.0002
RPUSD3|Q6P087	0.0000	0.0816	0.0001	0.0001	0.0000	0.0042	0.7075	0.0000	0.0000	0.0000	0.0001	0.0000
THOC3|Q96J01	0.9708	0.0000	0.0000	0.0000	0.0000	0.0000	0.0000	0.0000	0.0957	0.0000	0.0000	0.0000
EIF3H|O15372	0.0000	0.0018	0.0000	0.0000	0.9932	0.0000	0.0000	0.0005	0.0000	0.0000	0.0355	0.0000
BRIX1|Q8TDN6	0.0000	0.8712	0.0000	0.0000	0.0001	0.0000	0.6098	0.0000	0.0001	0.0000	0.0000	0.0000
DND1|Q8IYX4	0.0000	0.0250	0.0000	0.0000	0.2920	0.9146	0.0000	0.0000	0.0000	0.0000	0.0000	0.0000
HNRNPA2B1|P22626	0.0010	0.9250	0.0001	0.0000	0.9858	0.0000	0.0000	0.0000	0.0000	0.0000	0.0001	0.0000
ISG20L2|Q9H9L3	0.0000	0.0002	0.0000	0.0000	0.0000	0.0000	0.9995	0.0000	0.0002	0.0000	0.0000	0.0000
MRM1|Q6IN84	0.0000	0.0014	0.0000	0.0000	0.0000	0.0000	0.6824	0.0000	0.0000	0.0000	0.0000	0.0000
THUMPD1|Q9NXG2	0.0000	0.0001	0.0000	0.0000	0.0001	0.0000	0.7497	0.0000	0.0000	0.0000	0.0002	0.0000
MBNL3|Q9NUK0	0.0003	0.9607	0.0000	0.0000	0.0969	0.0000	0.0000	0.0000	0.0000	0.0000	0.0001	0.0003
HNRNPD|Q14103	0.0000	0.9857	0.0000	0.0000	0.9882	0.0004	0.0000	0.0003	0.0000	0.0000	0.0000	0.0037
APTX|Q7Z2E3	0.0000	0.0011	0.0000	0.0000	0.0000	0.0000	0.9984	0.0000	0.0000	0.0000	0.0000	0.0000
PCBP1|Q15365	0.7157	0.9952	0.0007	0.2533	0.9971	0.0000	0.0000	0.0003	0.0000	0.0000	0.0000	0.0001
EIF3F|O00303	0.0000	0.0007	0.0000	0.0000	0.9899	0.0000	0.0000	0.0000	0.0000	0.0000	0.0000	0.0000
RBM43|Q6ZSC3	0.0000	0.0464	0.0000	0.0000	0.0652	0.9464	0.0001	0.0011	0.0000	0.0000	0.0000	0.0000
SNRNP40|Q96DI7	0.0000	0.0000	0.0000	0.0014	0.0000	0.0006	0.0000	0.0011	0.0000	0.0000	0.0000	0.0000
ELAVL2|Q12926	0.0000	0.9999	0.0000	0.0000	0.9982	0.0000	0.0000	0.0000	0.0000	0.0000	0.0000	0.0000
HEXIM1|O94992	0.0000	0.0004	0.6143	0.0000	0.0009	0.0000	0.8111	0.0000	0.0001	0.0000	0.0000	0.0047
RBM4B|Q9BQ04	0.0000	0.8234	0.0000	0.0000	0.4409	0.0001	0.1063	0.0000	0.0000	0.0000	0.0013	0.0001
CCDC86|Q9H6F5	0.0000	0.0012	0.0220	0.0001	0.0000	0.1504	0.6726	0.0000	0.0001	0.0000	0.0000	0.0000
LSM11|P83369	0.0000	0.1038	0.0000	0.0000	0.0000	0.0029	0.4611	0.0000	0.0000	0.0000	0.0000	0.0000
MRPS22|P82650	0.0000	0.0184	0.0000	0.3717	0.9204	0.0000	0.0000	0.0000	0.0000	0.0000	0.0025	0.0000
SEH1L|Q96EE3	0.0000	0.0000	0.0000	0.0000	0.0001	0.9969	0.0000	0.9712	0.0001	0.0000	0.0000	0.0000
SNUPN|O95149	0.0000	0.0003	0.0001	0.0000	0.0000	0.0298	0.0414	0.0000	0.0001	0.0000	0.0000	0.0000
TEFM|Q96QE5	0.0039	0.0013	0.0001	0.0000	0.1526	0.3753	0.0004	0.0000	0.0030	0.0000	0.0000	0.0058
WARS2|Q9UGM6	0.0000	0.0001	0.0000	0.9836	0.0000	0.0000	0.0000	0.0001	0.0000	0.0000	0.0006	0.0000
SURF6|O75683	0.0000	0.0001	0.0000	0.0000	0.0000	0.0001	0.9999	0.0000	0.0000	0.0000	0.0000	0.0000
HACD3|Q9P035	0.0000	0.0000	0.0000	0.0291	0.0000	0.0014	0.0000	0.0219	0.0000	0.0000	0.0003	0.0000
MSI1|O43347	0.0000	0.9968	0.0085	0.0000	0.9739	0.0000	0.0000	0.0002	0.0000	0.0000	0.0000	0.0020
SLC25A3|Q00325	0.0000	0.0112	0.0000	0.5319	0.0004	0.0000	0.0001	0.0001	0.0000	0.0000	0.0000	0.0000
ELAC1|Q9H777	0.0000	0.0025	0.0048	0.0105	0.6460	0.0000	0.0000	0.0130	0.0000	0.0000	0.0000	0.0001
RPP40|O75818	0.0000	0.0000	0.0000	0.0001	0.0000	0.0000	0.6400	0.0000	0.0000	0.0000	0.0000	0.0000
ALDOA|P04075	0.0000	0.0000	0.0000	0.9938	0.0000	0.0000	0.0000	0.0011	0.0000	0.0000	0.0001	0.0000
ALDOC|P09972	0.0000	0.0000	0.0003	0.9803	0.0000	0.0000	0.0000	0.0003	0.0000	0.0000	0.0002	0.0000
DRG2|P55039	0.0000	0.0001	0.0000	0.0000	0.0000	0.0009	0.9899	0.0000	0.0000	0.0000	0.0000	0.0000
RBM4|Q9BWF3	0.0000	0.5618	0.0001	0.0000	0.9741	0.0003	0.0002	0.0000	0.0000	0.0000	0.0030	0.0004
YBX2|Q9Y2T7	0.0000	0.9164	0.0051	0.0016	0.6703	0.0001	0.0000	0.0000	0.0000	0.0000	0.0011	0.6852
PCBP2|Q15366	0.0006	0.3078	0.0257	0.1987	0.1906	0.0000	0.0000	0.0331	0.0000	0.0000	0.0003	0.0026
PHF6|Q8IWS0	0.0000	0.0000	0.0000	0.0000	0.0000	0.9995	0.9978	0.0000	0.0000	0.0000	0.0000	0.0000
RRS1|Q15050	0.0000	0.0000	0.0000	0.0000	0.0000	0.4503	0.9991	0.0000	0.0000	0.0000	0.0000	0.0000
SUGT1|Q9Y2Z0	0.0000	1.0000	0.0000	0.0000	0.9973	0.0000	0.0000	0.0000	0.0000	0.0000	0.0000	0.0001
RTCA|O00442	0.0000	0.0036	0.0003	0.0872	0.9689	0.0000	0.0000	0.0015	0.0000	0.0000	0.0000	0.0000
TARBP2|Q15633	0.0000	0.5264	0.0000	0.0000	0.9432	0.0001	0.0105	0.0000	0.0000	0.0000	0.0017	0.0000
TDRD10|Q5VZ19	0.0000	0.0127	0.0006	0.0061	0.0049	0.0014	0.0149	0.3976	0.0002	0.0000	0.0000	0.0000
ADAT3|Q96EY9	0.0000	0.0000	0.0017	0.0000	0.0000	0.6774	0.9948	0.0000	0.0000	0.0000	0.0000	0.0000
APOBEC4|Q8WW27	0.0000	0.0000	0.0000	0.0000	0.0000	0.0000	0.0000	0.1135	0.0007	0.0000	0.0086	0.0000
DRG1|Q9Y295	0.0000	0.5974	0.1639	0.0000	0.0000	0.0035	0.0764	0.0000	0.0000	0.0000	0.0000	0.0000
ELAVL3|Q14576	0.0000	0.0024	0.0000	0.0000	0.9911	0.0005	0.0000	0.0005	0.0000	0.0000	0.0000	0.0000
RBM48|Q5RL73	0.0000	0.0008	0.0004	0.0000	0.0015	0.0004	0.9772	0.0000	0.0000	0.0000	0.0000	0.0000
RAE1|P78406	0.0000	0.0692	0.0002	0.0000	0.0012	0.0090	0.0000	0.0552	0.0001	0.0000	0.0000	0.0000
MACROH2A1|O75367	0.0001	0.0017	0.0000	0.0000	0.0000	0.9994	0.0000	0.0000	0.0000	0.0000	0.0000	0.0000
ST13|P50502	0.0007	0.1093	0.0000	0.0003	0.7375	0.1979	0.0000	0.0012	0.0020	0.0000	0.0000	0.0024
PABPC4L|P0CB38	0.0000	0.0077	0.0000	0.0000	0.9997	0.0001	0.0000	0.0001	0.0000	0.0000	0.0000	0.0000
PPID|Q08752	0.0004	0.0464	0.0015	0.3756	0.0001	0.0001	0.5939	0.0000	0.0004	0.0000	0.0022	0.0000
LUC7L|Q9NQ29	0.9993	0.0000	0.0000	0.0000	0.0000	0.0000	0.0000	0.0000	0.0000	0.0000	0.0089	0.0001
PCBP3|P57721	0.2530	0.0002	0.0000	0.0000	0.0055	0.0874	0.0000	0.0415	0.0001	0.0000	0.0000	0.0000
PRMT1|Q99873	0.0000	0.0002	0.0000	0.0000	0.9951	0.0000	0.0000	0.0000	0.0000	0.0000	0.0001	0.0000
ARPC1B|O15143	0.0000	0.0038	0.0000	0.0000	0.9862	0.0000	0.0000	0.0046	0.0016	0.0000	0.0000	0.0000
CDK9|P50750	0.0000	0.0062	0.0029	0.8957	0.0013	0.0000	0.0012	0.0004	0.0083	0.0000	0.0000	0.0002
HNRNPA1|P09651	0.2425	0.0006	0.0000	0.9727	0.9297	0.0000	0.0000	0.0002	0.0000	0.0000	0.0000	0.0000
YBX3|P16989	0.0000	1.0000	0.0000	0.0000	0.9992	0.0000	0.0000	0.0000	0.0000	0.0000	0.0000	0.9462
ZNF830|Q96NB3	0.9444	0.0000	0.0002	0.0000	0.0000	0.9998	0.0005	0.0001	0.0000	0.0000	0.0000	0.0000
APOBEC3F|Q8IUX4	0.0000	0.9999	0.0000	0.0000	0.0003	0.0000	0.0000	0.0000	0.0000	0.0000	0.0000	0.0000
MBNL2|Q5VZF2	0.0000	0.9997	0.0000	0.0000	0.9950	0.0000	0.0000	0.0001	0.0000	0.0000	0.0000	0.0039
RCL1|Q9Y2P8	0.0000	0.0868	0.0001	0.0001	0.1619	0.0000	0.3932	0.0000	0.0000	0.0000	0.0000	0.0000
SAMSN1|Q9NSI8	0.0000	0.2357	0.0019	0.0000	0.0000	0.0003	0.0010	0.0000	0.0000	0.0000	0.1377	0.0000
EIF3M|Q7L2H7	0.0000	0.0001	0.0000	0.0000	0.9856	0.0000	0.0243	0.0000	0.0000	0.0000	0.0000	0.0000
DEK|P35659	0.0000	0.0000	0.0000	0.0000	0.0000	0.9988	0.0001	0.0002	0.0000	0.0000	0.0000	0.0000
NAP1L4|Q99733	0.0000	0.0001	0.0000	0.9379	0.0000	0.0000	0.0039	0.0000	0.0000	0.0000	0.0001	0.0000
TIAL1|Q01085	0.0000	0.5686	0.0000	0.0000	0.9996	0.0001	0.0000	0.0000	0.0000	0.0000	0.0000	0.0000
SPOUT1|Q5T280	0.0000	0.0000	0.0000	0.0000	0.0000	0.9996	0.0000	0.0000	0.0000	0.0000	0.0000	0.0000
WBP4|O75554	0.9973	0.0000	0.0000	0.0000	0.0000	0.0001	0.0000	0.0000	0.0001	0.0000	0.0129	0.0000
PSMD4|P55036	0.0000	0.0030	0.0000	0.0000	0.1976	0.0000	0.0904	0.0000	0.0001	0.0000	0.0000	0.0000
RPUSD4|Q96CM3	0.0000	0.9717	0.0000	0.0000	0.0000	0.0002	0.0000	0.0006	0.0000	0.0000	0.0000	0.0000
CDC37|Q16543	0.0000	0.0002	0.0000	0.0000	0.9996	0.0008	0.0000	0.0000	0.0000	0.0000	0.0000	0.0000
HNRNPA3|P51991	0.0002	0.0194	0.0000	0.0000	0.9940	0.0003	0.0000	0.0007	0.0000	0.0000	0.0000	0.0000
LYAR|Q9NX58	0.0000	0.9998	0.0002	0.0000	0.0236	0.0000	0.0000	0.0000	0.0000	0.0000	0.0005	0.8901
FEN1|P39748	0.0000	0.9534	0.0000	0.0000	0.0017	0.0013	0.3208	0.0000	0.0000	0.0000	0.0000	0.0000
MRPL38|Q96DV4	0.0000	0.0000	0.0297	0.0008	0.1067	0.0026	0.0000	0.0003	0.0000	0.0000	0.0002	0.0000
NELFE|P18615	0.0000	0.2866	0.0005	0.0000	0.2111	0.7531	0.0021	0.0091	0.0000	0.0001	0.0003	0.0000
NUP43|Q8NFH3	0.0000	0.0000	0.0000	0.0000	0.0000	0.9999	0.0000	0.9792	0.0000	0.0000	0.0000	0.0000
SASH3|O75995	0.0000	0.0169	0.0053	0.0000	0.0000	0.0003	0.0000	0.0002	0.0000	0.0000	0.0001	0.0000
KRR1|Q13601	0.0000	0.9994	0.0000	0.0000	0.0002	0.0004	0.0014	0.0000	0.0000	0.0000	0.0000	0.0000
MTERF4|Q7Z6M4	0.0000	0.0001	0.0000	0.0000	0.0000	0.9976	0.0145	0.0000	0.0000	0.0000	0.0000	0.0000
APOBEC3B|Q9UH17	0.0000	0.0000	0.0000	0.0000	0.0000	0.0108	0.9959	0.0000	0.0000	0.0000	0.0000	0.0000
PABPC5|Q96DU9	0.0000	0.0000	0.0000	0.0000	0.9999	0.0001	0.0000	0.0000	0.0000	0.0000	0.0000	0.0000
MTHFSD|Q2M296	0.0000	0.0004	0.0000	0.0000	0.0003	0.1017	0.0100	0.0000	0.0000	0.0000	0.1091	0.0000
WDR55|Q9H6Y2	0.0000	0.0111	0.0001	0.0000	0.0000	0.0002	0.7273	0.0000	0.0000	0.0000	0.0086	0.0000
AAR2|Q9Y312	0.0000	0.0001	0.6146	0.0482	0.0000	0.0020	0.0000	0.0362	0.0001	0.0000	0.0031	0.0007
APOBEC3G|Q9HC16	0.0000	1.0000	0.0000	0.0000	0.0482	0.0000	0.0000	0.0000	0.0000	0.0000	0.0000	0.0001
NSUN4|Q96CB9	0.0000	0.0000	0.0000	0.0000	0.0000	0.0000	0.0069	0.0002	0.0008	0.0000	0.0000	0.0000
ELAVL4|P26378	0.0000	0.0001	0.0000	0.0000	0.9999	0.0000	0.0000	0.0000	0.0000	0.0000	0.0000	0.0000
LSM14B|Q9BX40	0.0000	0.9997	0.0000	0.0000	0.8506	0.0000	0.0000	0.0079	0.0000	0.0000	0.0000	0.0000
PELO|Q9BRX2	0.0000	0.0000	0.0000	0.0000	0.9850	0.0092	0.0002	0.0000	0.0000	0.0000	0.0008	0.0000
WDR74|Q6RFH5	0.0000	0.0016	0.0000	0.0000	0.0000	0.0071	0.9427	0.0032	0.0002	0.0000	0.0001	0.0000
APOBEC3D|Q96AK3	0.0000	0.0065	0.0000	0.0000	0.0000	0.0027	0.9491	0.0000	0.0000	0.0000	0.0000	0.0000
METAP1|P53582	0.0000	0.0000	0.0000	0.0003	0.0000	0.1034	0.0000	0.0026	0.0000	0.0000	0.0023	0.0000
TIA1|P31483	0.0000	0.9428	0.0000	0.0000	0.9929	0.0003	0.0006	0.0000	0.0000	0.0000	0.0000	0.0001
ZNF385A|Q96PM9	0.0000	0.0007	0.0000	0.0000	0.0000	0.0000	0.9995	0.0000	0.0000	0.0000	0.0000	0.0000
GTPBP10|A4D1E9	0.0000	0.0299	0.0000	0.0000	0.0000	0.7732	0.0471	0.0000	0.0000	0.0000	0.0050	0.0000
WDR89|Q96FK6	0.0625	0.0416	0.0022	0.0000	0.2831	0.2384	0.0262	0.0003	0.0000	0.0000	0.0000	0.0001
MBNL1|Q9NR56	0.0000	0.0005	0.0002	0.0000	0.9975	0.0000	0.0000	0.0007	0.0000	0.0000	0.0000	0.0000
PTCD2|Q8WV60	0.0000	0.0012	0.0000	0.0000	0.0000	0.0005	0.6791	0.0000	0.0000	0.0000	0.7996	0.0000
HGH1|Q9BTY7	0.0000	0.0002	0.0003	0.0000	0.0016	0.0572	0.0036	0.0244	0.0002	0.0000	0.0086	0.0000
ILF2|Q12905	0.0806	0.8491	0.0004	0.0000	0.4692	0.0000	0.3100	0.0000	0.0001	0.0001	0.0000	0.0006
MCAT|Q8IVS2	0.0000	0.0002	0.0000	0.0035	0.0000	0.0862	0.0000	0.0000	0.0000	0.0000	0.0000	0.0000
RBFOX2|O43251	0.0000	0.3087	0.0000	0.0000	0.8812	0.0000	0.0000	0.0000	0.0000	0.0000	0.0001	0.0000
RBMXL1|Q96E39	0.0000	0.9998	0.0000	0.0000	0.0000	0.0000	0.0000	0.0013	0.0000	0.0000	0.0082	0.0000
NAP1L1|P55209	0.0009	0.0004	0.0487	0.0041	0.0222	0.0420	0.0305	0.0004	0.0046	0.0000	0.0000	0.0001
RBMX|P38159	0.0000	0.9999	0.0000	0.0000	0.9263	0.0000	0.0000	0.0000	0.0000	0.0000	0.0000	0.0000
LUC7L2|Q9Y383	0.9963	0.0000	0.0000	0.0000	0.0000	0.0000	0.0000	0.0000	0.0002	0.0000	0.0001	0.0000
PAK1IP1|Q9NWT1	0.0000	0.0361	0.0001	0.0000	0.0000	0.0002	0.9979	0.0000	0.0001	0.0000	0.0000	0.0000
RBMXL2|O75526	0.0000	0.9983	0.0000	0.0000	0.6341	0.0000	0.0000	0.0000	0.0000	0.0000	0.0000	0.0000
KIN|O60870	0.0000	0.0108	0.0000	0.0000	0.0063	0.9202	0.0044	0.0000	0.0000	0.0000	0.0000	0.0000
ALKBH5|Q6P6C2	0.9979	0.0000	0.0000	0.0000	0.0000	0.0000	0.0000	0.0000	0.0000	0.0000	0.0393	0.0000
NDRG1|Q92597	0.0000	0.0003	0.0007	0.9836	0.0013	0.0000	0.0000	0.0002	0.0000	0.0000	0.0003	0.0000
PA2G4|Q9UQ80	0.0000	0.0001	0.0000	0.0000	0.0000	0.0000	1.0000	0.0000	0.0000	0.0000	0.0000	0.0000
PHAX|Q9H814	0.0000	0.0010	0.0000	0.0000	0.0000	0.0000	0.0000	0.0136	0.9913	0.0000	0.0001	0.0000
PRMT8|Q9NR22	0.0000	0.2326	0.0017	0.1978	0.0000	0.0000	0.0000	0.0002	0.0000	0.0000	0.0000	0.0000
MRPS31|Q92665	0.0000	0.0012	0.0000	0.0000	0.0000	0.7532	0.9726	0.0000	0.0000	0.0000	0.0000	0.0000
DXO|O77932	0.0003	0.0004	0.0000	0.0112	0.0000	0.0000	0.0002	0.0000	0.0000	0.0000	0.4024	0.0000
MRPS9|P82933	0.0000	0.3198	0.0128	0.0000	0.0000	0.0355	0.1058	0.0023	0.0000	0.0000	0.0000	0.0000
OLA1|Q9NTK5	0.0000	0.0000	0.0000	0.3604	0.0060	0.0013	0.0067	0.0000	0.0000	0.0000	0.0000	0.0000
SNIP1|Q8TAD8	0.2290	0.7367	0.0010	0.0000	0.0824	0.0001	0.0937	0.0000	0.0000	0.0000	0.0001	0.0019
TFB2M|Q9H5Q4	0.0000	0.0814	0.0022	0.0000	0.0000	0.0003	0.0000	0.0507	0.0077	0.0000	0.0000	0.0022
WTAP|Q15007	0.9875	0.0000	0.0000	0.0000	0.0000	0.0000	0.0000	0.0000	0.0000	0.0000	0.0295	0.0000
ACAA2|P42765	0.0000	0.0001	0.0000	0.1832	0.0039	0.0000	0.0001	0.0000	0.0000	0.0000	0.0002	0.0000
DNAJA1|P31689	0.0000	0.0018	0.0000	0.2542	0.9999	0.0000	0.0000	0.0000	0.0000	0.0000	0.0000	0.0000
NXF5|Q9H1B4	0.0000	0.0099	0.0000	0.0000	0.9997	0.0000	0.0000	0.0010	0.0000	0.0000	0.0000	0.0001
RBFOX1|Q9NWB1	0.9574	0.0944	0.0000	0.0001	0.9940	0.0000	0.0000	0.0000	0.0012	0.0000	0.0000	0.0010
DAP3|P51398	0.0000	0.0001	0.0000	0.0000	0.0000	0.0737	0.0000	0.0471	0.0000	0.0000	0.0000	0.0000
MTERF1|Q99551	0.0000	0.0000	0.0005	0.0272	0.0000	0.0161	0.0000	0.0168	0.0000	0.0000	0.0000	0.0000
ASCC1|Q8N9N2	0.6547	0.9992	0.0002	0.0000	0.9919	0.0000	0.0000	0.0003	0.0000	0.0000	0.0000	0.0002
RBM17|Q96I25	0.3766	0.9989	0.0002	0.0000	0.9379	0.0000	0.0000	0.0000	0.0001	0.0000	0.0000	0.0213
PCBP4|P57723	0.0000	0.2501	0.0000	0.0000	0.9949	0.0000	0.0000	0.0057	0.0000	0.0000	0.0000	0.0000
QTRT1|Q9BXR0	0.0000	0.0075	0.0000	0.0000	0.0011	0.0000	0.1648	0.0000	0.0000	0.0000	0.0006	0.0000
RPL3|P39023	0.0000	0.9931	0.0007	0.9793	0.9699	0.0000	0.0000	0.0002	0.0000	0.0000	0.0000	0.0056
TRMT10C|Q7L0Y3	0.0000	0.0018	0.0000	0.0000	0.0000	0.0003	0.9098	0.0000	0.0000	0.0000	0.0008	0.0000
ZCCHC3|Q9NUD5	0.0000	0.8664	0.0000	0.0000	0.6978	0.0000	0.0488	0.0000	0.0000	0.0000	0.0000	0.0000
PRKAR2A|P13861	0.0000	0.0009	0.0000	0.8952	0.0001	0.0000	0.0000	0.0003	0.0000	0.0000	0.0001	0.0000
EIF4A1|P60842	0.0000	0.0108	0.0000	0.0000	0.9987	0.0001	0.0000	0.0000	0.0000	0.0000	0.0000	0.0000
MTG2|Q9H4K7	0.0000	0.1585	0.0000	0.0000	0.1497	0.0007	0.0718	0.0000	0.0000	0.0000	0.0000	0.0000
RBMS1|P29558	0.0000	0.6929	0.0000	0.0000	0.8271	0.0001	0.0555	0.0000	0.0000	0.0000	0.0000	0.0001
DAZAP1|Q96EP5	0.0000	1.0000	0.0000	0.0000	0.9780	0.0000	0.0000	0.0000	0.0000	0.0000	0.0000	0.0000
EIF4A2|Q14240	0.0000	0.0035	0.0000	0.9753	0.9981	0.0000	0.0000	0.0000	0.0000	0.0000	0.0000	0.0000
RBMS2|Q15434	0.0000	0.9991	0.0000	0.0000	0.9891	0.0000	0.0000	0.0000	0.0000	0.0000	0.0000	0.0000
RPL3L|Q92901	0.0000	0.9939	0.0000	0.0000	0.5630	0.0017	0.0002	0.0000	0.0000	0.0000	0.0015	0.0079
SERBP1|Q8NC51	0.0000	0.2953	0.0000	0.0000	0.9993	0.0000	0.0000	0.0000	0.0000	0.0000	0.0007	0.0000
SSB|P05455	0.0000	0.0001	0.0001	0.0000	0.0000	0.1089	0.9865	0.0000	0.0002	0.0000	0.0000	0.0000
TEX13A|Q9BXU3	0.0174	0.5382	0.0002	0.0000	0.0002	0.0000	0.0020	0.0000	0.0000	0.0000	0.1533	0.0001
PAFAH1B1|P43034	0.0000	0.0000	0.0000	0.0000	0.0006	0.0086	0.0002	0.5490	0.0000	0.0000	0.0009	0.0000
EIF4A3|P38919	0.0002	0.9978	0.0002	0.0000	0.9735	0.0000	0.0000	0.0018	0.0000	0.0000	0.0000	0.0001
AARSD1|Q9BTE6	0.0000	0.0006	0.0002	0.0001	0.0000	0.0009	0.9747	0.0000	0.0000	0.0000	0.0000	0.0000
DNAJA2|O60884	0.0000	0.0000	0.0000	0.9886	0.0000	0.0000	0.0000	0.0000	0.0000	0.0000	0.0000	0.0000
NOB1|Q9ULX3	0.0083	0.0162	0.0008	0.0000	0.0362	0.1572	0.5174	0.0000	0.0001	0.0000	0.0232	0.0001
WDR4|P57081	0.0000	0.0000	0.0000	0.0000	0.0000	0.9999	0.0000	0.0019	0.0000	0.0000	0.0005	0.0000
HABP4|Q5JVS0	0.0371	0.0178	0.0004	0.0000	0.3298	0.0000	0.8993	0.0000	0.9413	0.0240	0.0000	0.0000
RBM41|Q96IZ5	0.0453	0.2353	0.0004	0.0000	0.2348	0.7600	0.0020	0.0005	0.0001	0.0000	0.0000	0.0010
SGMS1|Q86VZ5	0.0001	0.0025	0.0122	0.0000	0.0023	0.0000	0.0000	0.0123	0.0000	0.0000	0.5940	0.0004
MRPS27|Q92552	0.0000	1.0000	0.0000	0.0000	0.0002	0.0000	0.0000	0.0001	0.0000	0.0000	0.0000	0.0000
SCML4|Q8N228	0.0000	0.0000	0.0000	0.0000	0.0000	0.0001	0.8493	0.0000	0.0000	0.0000	0.8722	0.0000
TARDBP|Q13148	0.0009	0.2462	0.0004	0.0000	0.9965	0.0001	0.0004	0.0006	0.0000	0.0000	0.0000	0.0000
HNRNPF|P52597	0.0000	0.9995	0.0000	0.0000	0.9895	0.0001	0.0000	0.0000	0.0000	0.0000	0.0000	0.0005
NKAP|Q8N5F7	0.9990	0.0000	0.0025	0.0000	0.0000	0.0000	0.0000	0.0000	0.0019	0.0000	0.0000	0.0000
SAMD8|Q96LT4	0.0000	0.0000	0.0000	0.0000	0.0000	0.0077	0.0000	0.0000	0.0000	0.0000	0.9998	0.0000
MKRN2|Q9H000	0.0000	0.8832	0.0000	0.0043	0.9662	0.0000	0.0000	0.0002	0.0000	0.0000	0.0003	0.0009
ANKS4B|Q8N8V4	0.0000	0.9566	0.0000	0.0000	0.0000	0.0000	0.0166	0.0024	0.0006	0.0000	0.0000	0.0000
CALR|P27797	0.0000	0.1008	0.0000	0.0000	0.9816	0.0000	0.0000	0.0011	0.0001	0.0000	0.0000	0.0000
MTERF3|Q96E29	0.0000	0.0000	0.0000	0.0000	0.0000	0.9924	0.2879	0.0096	0.0000	0.0000	0.0000	0.0000
PGK1|P00558	0.0000	0.0002	0.0000	0.9980	0.0000	0.0000	0.0000	0.0000	0.0000	0.0000	0.0000	0.0000
SAMD14|Q8IZD0	0.0000	0.2048	0.0006	0.0000	0.0000	0.0172	0.6994	0.0000	0.0000	0.0000	0.0001	0.0000
BZW1|Q7L1Q6	0.0000	0.0249	0.0001	0.0010	0.0534	0.0015	0.2223	0.0000	0.0000	0.0000	0.0000	0.0000
BZW2|Q9Y6E2	0.0000	0.6360	0.0011	0.0000	0.0206	0.0040	0.4444	0.0001	0.0001	0.0000	0.0000	0.0000
UHMK1|Q8TAS1	0.0000	0.0000	0.0000	0.0000	0.0000	0.0469	0.1583	0.0000	0.0000	0.0000	0.0000	0.0000
DCP2|Q8IU60	0.0000	1.0000	0.0000	0.0000	0.0001	0.0000	0.0000	0.0000	0.0000	0.0000	0.0000	0.0000
HNRNPDL|O14979	0.0000	0.9996	0.0000	0.0000	0.9946	0.0010	0.0000	0.0000	0.0000	0.0000	0.0000	0.0000
MRM3|Q9HC36	0.0002	0.0519	0.0000	0.0000	0.0013	0.0238	0.0034	0.0006	0.0000	0.0000	0.0428	0.0000
RBM22|Q9NW64	0.0002	0.0991	0.0007	0.0000	0.0289	0.0387	0.0001	0.0025	0.0010	0.0000	0.0000	0.0001
POLDIP3|Q9BY77	0.9971	0.0042	0.0000	0.0000	0.0000	0.0000	0.0002	0.0000	0.0000	0.0000	0.0081	0.0000
RCC1|P18754	0.0002	0.1096	0.0001	0.0000	0.0173	0.9499	0.1829	0.0002	0.0000	0.0000	0.0000	0.0000
REXO4|Q9GZR2	0.0000	0.2606	0.0000	0.0021	0.0000	0.0000	0.1693	0.0000	0.0000	0.0000	0.0000	0.0000
MRPL37|Q9BZE1	0.0116	0.3968	0.0006	0.0000	0.1228	0.3906	0.0000	0.0006	0.0000	0.0000	0.0000	0.0038
NUP42|O15504	0.0000	0.0000	0.0001	0.0000	0.0000	0.0000	0.0000	0.9999	0.0000	0.0000	0.0000	0.0000
WDR12|Q9GZL7	0.0000	0.0006	0.0000	0.0000	0.0000	0.0000	1.0000	0.0000	0.0000	0.0000	0.0000	0.0000
SF3B4|Q15427	0.0000	0.7648	0.0018	0.0000	0.5174	0.0001	0.0000	0.0003	0.0000	0.0000	0.0000	0.0472
CLP1|Q92989	0.1922	0.0001	0.0000	0.9746	0.0059	0.0000	0.0000	0.0000	0.0090	0.0000	0.0001	0.0000
CWC25|Q9NXE8	0.0321	0.0416	0.0000	0.0001	0.0000	0.0000	0.0029	0.0000	0.0000	0.0000	0.0018	0.0000
PAICS|P22234	0.0000	0.0001	0.0000	0.3058	0.0001	0.0000	0.0000	0.0000	0.0000	0.0000	0.0000	0.0000
RBBP4|Q09028	0.9986	0.0952	0.0000	0.0000	0.9894	0.0000	0.0000	0.0000	0.0005	0.0000	0.0000	0.0006
RBBP7|Q16576	0.0001	0.9290	0.0043	0.0000	0.9993	0.0000	0.0000	0.0000	0.0000	0.0000	0.0000	0.0020
ZC3H15|Q8WU90	0.0000	0.0005	0.0000	0.0002	0.0000	0.0003	0.9990	0.0000	0.0000	0.0000	0.0000	0.0000
ACAT1|P24752	0.0000	0.0001	0.0025	0.9998	0.0000	0.0000	0.0000	0.0000	0.0000	0.0000	0.0000	0.0000
DDX39A|O00148	0.2031	0.6281	0.0216	0.0000	0.9067	0.0022	0.0442	0.0008	0.0474	0.0008	0.0000	0.0025
PUS1|Q9Y606	0.0000	0.0000	0.0000	0.9999	0.0000	0.0000	0.0000	0.0000	0.0000	0.0000	0.0000	0.0000
RPL4|P36578	0.0000	0.0750	0.0000	0.0000	0.0000	0.0134	0.0304	0.0000	0.0000	0.0000	0.0000	0.0000
DDX39B|Q13838	0.9798	0.0202	0.0002	0.0000	0.8670	0.0003	0.0030	0.0000	0.0021	0.0000	0.0000	0.0022
NSUN5|Q96P11	0.0000	0.0166	0.0000	0.0000	0.0000	0.0062	0.9993	0.0000	0.0000	0.0000	0.0000	0.0000
SRFBP1|Q8NEF9	0.0021	0.0069	0.0000	0.0000	0.0000	0.1828	0.0015	0.0000	0.0000	0.0000	0.9802	0.0000
GOT2|P00505	0.0000	0.0000	0.0000	0.9894	0.0000	0.0000	0.0000	0.0114	0.0000	0.0000	0.0000	0.0000
MRPS5|P82675	0.0000	0.9993	0.0000	0.0000	0.0000	0.0000	0.0000	0.0000	0.0000	0.0000	0.0001	0.0000
RBM34|P42696	0.0000	0.0000	0.0000	0.0000	0.0000	0.0001	1.0000	0.0000	0.0000	0.0000	0.0000	0.0000
CSTF1|Q05048	0.0000	0.0012	0.0000	0.0000	0.9827	0.0000	0.0000	0.0000	0.0000	0.0000	0.0000	0.0000
EIF5|P55010	0.0000	0.0589	0.0000	0.0000	0.0045	0.0007	0.4941	0.0000	0.0000	0.0000	0.0000	0.0000
AHCY|P23526	0.0000	0.0028	0.0000	0.0049	0.0047	0.0000	0.0001	0.0001	0.0001	0.0000	0.0000	0.0000
LUC7L3|O95232	0.9350	0.0001	0.0003	0.0000	0.0000	0.0009	0.0023	0.0000	0.0000	0.0000	0.0000	0.0000
TXNDC5|Q8NBS9	0.0000	0.9179	0.0000	0.0176	0.0000	0.0000	0.0000	0.0000	0.0000	0.0000	0.0016	0.0000
WDR18|Q9BV38	0.0000	0.0003	0.0000	0.0000	0.0000	0.0000	0.9999	0.0000	0.0000	0.0000	0.0000	0.0000
FAM98B|Q52LJ0	0.0000	0.0109	0.0000	0.0000	0.9995	0.0000	0.0002	0.0000	0.0000	0.0000	0.0000	0.0000
PSMC2|P35998	0.0000	0.0000	0.0000	0.0353	0.0000	0.1444	0.0031	0.0000	0.0000	0.0000	0.0000	0.0000
AAMP|Q13685	0.0000	0.0161	0.0210	0.0000	0.0010	0.0000	0.0089	0.0264	0.0007	0.0000	0.0000	0.0000
ENO1|P06733	0.0000	0.0000	0.0000	0.9981	0.0000	0.0000	0.0000	0.0000	0.0000	0.0000	0.0000	0.0000
RSRC2|Q7L4I2	0.9993	0.9039	0.0001	0.0000	0.0001	0.0000	0.0004	0.0000	0.0012	0.0000	0.0000	0.0001
TRNT1|Q96Q11	0.0000	0.0010	0.0000	0.0025	0.0008	0.0000	0.0000	0.0402	0.0000	0.0000	0.0003	0.0000
ZC3H10|Q96K80	0.0003	0.9124	0.0001	0.0000	0.9950	0.0000	0.0000	0.0000	0.0000	0.0000	0.0000	0.2528
BYSL|Q13895	0.0001	0.6087	0.0011	0.0000	0.0002	0.0063	0.6991	0.0000	0.0000	0.0000	0.0000	0.0000
EEF1G|P26641	0.0000	0.4750	0.0000	0.0000	0.9999	0.0000	0.0000	0.0000	0.0000	0.0000	0.0000	0.0000
ERAL1|O75616	0.0000	0.0000	0.0021	0.0000	0.0000	0.2489	0.0000	0.9193	0.0000	0.0000	0.0026	0.0000
ETF1|P62495	0.0000	0.9996	0.0000	0.0000	0.9900	0.0000	0.0000	0.0000	0.0000	0.0000	0.0000	0.0000
RBMS3|Q6XE24	0.0000	0.8908	0.0000	0.0000	0.9825	0.0063	0.0007	0.0000	0.0000	0.0000	0.0000	0.0029
SNRNP70|P08621	0.9982	0.0000	0.0000	0.0000	0.0000	0.0000	0.0000	0.0000	0.0017	0.0000	0.0000	0.0000
EXOSC9|Q06265	0.0822	0.0008	0.0003	0.0747	0.0000	0.0000	0.0000	0.0000	0.0001	0.0000	0.0019	0.0000
GTF2E1|P29083	0.0000	0.9841	0.0000	0.0000	0.0015	0.0005	0.0155	0.0000	0.0000	0.0000	0.0001	0.0000
MFAP1|P55081	0.0000	0.0104	0.0000	0.0000	0.9891	0.0006	0.0977	0.0000	0.0000	0.0000	0.0000	0.0000
MRPS30|Q9NP92	0.0000	0.0000	0.0000	0.2540	0.0000	0.0000	0.0007	0.0000	0.0000	0.0000	0.0000	0.0000
RBM23|Q86U06	0.6165	0.4987	0.0001	0.0000	0.0491	0.0011	0.0000	0.0002	0.0278	0.0000	0.0000	0.0004
PDIA6|Q15084	0.0000	0.0000	0.0000	0.9957	0.0000	0.0000	0.0000	0.0050	0.0000	0.0000	0.0000	0.0000
PSMC1|P62191	0.0000	0.0026	0.0000	0.9823	0.0000	0.0001	0.0000	0.0000	0.0000	0.0000	0.0000	0.0000
EED|O75530	0.0000	0.0000	0.0000	0.0000	0.0000	0.9999	0.0000	0.0002	0.0000	0.0000	0.0000	0.0000
NUSAP1|Q9BXS6	0.0000	0.0001	0.0000	0.0000	0.0000	0.9958	0.9553	0.0000	0.0000	0.0000	0.0001	0.0000
KHDRBS1|Q07666	0.0000	0.0097	0.0000	0.0000	0.9998	0.0004	0.0000	0.0000	0.0000	0.0000	0.0000	0.0000
TUBB|P07437	0.0000	0.0013	0.0001	0.7212	0.0014	0.0000	0.0000	0.0000	0.0000	0.0000	0.0168	0.0000
DCAF13|Q9NV06	0.0000	0.0275	0.0001	0.0000	0.0000	0.0009	0.9960	0.0000	0.0000	0.0000	0.0000	0.0000
EIF3E|P60228	0.0000	0.0002	0.0000	0.0000	0.9749	0.0001	0.0012	0.0000	0.0002	0.0000	0.0000	0.0000
GDI2|P50395	0.0000	0.0001	0.0000	0.9907	0.0000	0.0000	0.0000	0.0001	0.0000	0.0000	0.0000	0.0000
MTRF1|O75570	0.0000	0.6505	0.0000	0.0000	0.0000	0.0001	0.0042	0.0000	0.0000	0.0000	0.0000	0.0000
TUBB4B|P68371	0.0000	0.0011	0.0000	0.9406	0.0000	0.0000	0.0000	0.0000	0.0000	0.0000	0.0002	0.0000
GPATCH4|Q5T3I0	0.0000	0.0427	0.0000	0.0000	0.0000	0.7389	0.3199	0.0000	0.0000	0.0000	0.0000	0.0000
GRWD1|Q9BQ67	0.0000	0.0000	0.0000	0.0000	0.0000	0.9998	1.0000	0.0000	0.0000	0.0000	0.0000	0.0000
SAMD7|Q7Z3H4	0.0000	0.0725	0.6295	0.2648	0.0005	0.0000	0.0000	0.0000	0.0000	0.0000	0.0000	0.0002
PPP2R2A|P63151	0.0041	0.0617	0.0004	0.0000	0.4405	0.4337	0.0051	0.0002	0.0001	0.0001	0.0000	0.0001
TBL2|Q9Y4P3	0.0000	0.1380	0.0879	0.0180	0.0014	0.0000	0.0000	0.0001	0.0000	0.0000	0.1114	0.0014
HNRNPH1|P31943	0.0000	0.1435	0.0000	0.0000	0.9967	0.0000	0.0000	0.1021	0.0000	0.0000	0.0000	0.0001
HNRNPH2|P55795	0.0000	0.0224	0.0002	0.0000	0.9979	0.0000	0.0000	0.0198	0.0000	0.0000	0.0000	0.0000
TUBA1C|Q9BQE3	0.0000	0.5768	0.0000	0.0000	0.9992	0.0000	0.0000	0.0000	0.0000	0.0000	0.0219	0.0000
BFAR|Q9NZS9	0.0000	0.0021	0.1247	0.0212	0.0261	0.0282	0.0000	0.2246	0.0000	0.0000	0.0000	0.0001
ZNF277|Q9NRM2	0.0000	0.0004	0.0000	0.0000	0.0532	0.0010	0.0001	0.0000	0.0000	0.0000	0.0001	0.0001
FARS2|O95363	0.0000	0.7141	0.0000	0.0027	0.0001	0.0000	0.0160	0.0001	0.0000	0.0000	0.0002	0.0000
TUBA1B|P68363	0.0000	0.9996	0.0000	0.2110	0.0001	0.0000	0.0000	0.0002	0.0000	0.0000	0.0000	0.0000
DDX47|Q9H0S4	0.0000	0.0000	0.0000	0.0000	0.0000	0.0000	1.0000	0.0000	0.0000	0.0000	0.0000	0.0000
TUFM|P49411	0.0000	0.0001	0.0000	0.9063	0.9974	0.0000	0.0000	0.0000	0.0000	0.0000	0.0000	0.0000
METTL14|Q9HCE5	0.0000	0.0001	0.0000	0.0000	0.0001	0.0001	0.0002	0.0000	0.0000	0.0000	0.0041	0.0000
METTL17|Q9H7H0	0.0000	0.0042	0.0000	0.0000	0.0001	0.4767	0.2077	0.0000	0.0000	0.0000	0.0000	0.0000
RRP8|O43159	0.0000	0.0000	0.0000	0.0000	0.0000	0.0000	1.0000	0.0000	0.0024	0.0000	0.0000	0.0000
RUVBL1|Q9Y265	0.0000	0.8965	0.0000	0.0004	0.9504	0.0000	0.0002	0.0000	0.0000	0.0000	0.0000	0.0000
FKBP5|Q13451	0.0000	0.3396	0.0000	0.0010	0.0033	0.3264	0.0004	0.0001	0.0000	0.0000	0.0000	0.0000
KNOP1|Q1ED39	0.0000	0.4993	0.0001	0.0000	0.0025	0.0002	0.8849	0.0000	0.0000	0.0000	0.0000	0.0000
PPHLN1|Q8NEY8	0.0001	0.5515	0.0010	0.0000	0.0074	0.0820	0.0002	0.0001	0.0000	0.0000	0.0144	0.0001
FKBP4|Q02790	0.0000	0.0000	0.0010	0.9869	0.0000	0.0000	0.0000	0.0000	0.0000	0.0000	0.0000	0.0000
ZPR1|O75312	0.0000	0.0000	0.0000	0.0000	0.0000	0.0000	0.9994	0.0000	0.9991	0.0000	0.0000	0.0000
NR5A1|Q13285	0.0003	0.9011	0.0016	0.0000	0.0058	0.0004	0.3286	0.0000	0.0000	0.0000	0.0000	0.0000
RNH1|P13489	0.0000	0.0003	0.0000	0.0000	0.9891	0.0000	0.0000	0.0015	0.0000	0.0000	0.0315	0.0000
RRP1|P56182	0.0000	0.0000	0.0000	0.0000	0.0000	0.0014	0.9998	0.0000	0.0000	0.0000	0.0000	0.0000
USH1G|Q495M9	0.3104	0.0000	0.0044	0.0000	0.0000	0.0000	0.0000	0.0001	0.9958	0.0000	0.0000	0.0003
EEF1A1|P68104	0.0000	0.0006	0.0000	0.1459	0.0000	0.0000	0.7149	0.0000	0.0000	0.0000	0.0097	0.0000
EEF1A1P5|Q5VTE0	0.0000	0.0006	0.0000	0.1222	0.0000	0.0000	0.8233	0.0000	0.0000	0.0000	0.0026	0.0000
INTS12|Q96CB8	0.0000	0.0702	0.0003	0.0000	0.0003	0.6223	0.6610	0.0002	0.0000	0.0000	0.0000	0.0000
EEF1A2|Q05639	0.0000	0.0000	0.0000	0.9936	0.0000	0.0000	0.0032	0.0000	0.0000	0.0000	0.0000	0.0000
HNRNPK|P61978	0.6026	0.0084	0.0000	0.8824	0.9864	0.0000	0.0004	0.0000	0.0014	0.0000	0.0000	0.0000
LSM14A|Q8ND56	0.0000	1.0000	0.0000	0.0000	0.9971	0.0000	0.0000	0.0000	0.0000	0.0000	0.0000	0.0000
RUVBL2|Q9Y230	0.0004	0.8497	0.0043	0.0046	0.0000	0.0008	0.0009	0.0005	0.0000	0.0000	0.0019	0.0000
TRMT11|Q7Z4G4	0.0000	0.0006	0.1321	0.0046	0.0000	0.0000	0.0000	0.0123	0.0000	0.0000	0.0005	0.0001
RCC1L|Q96I51	0.0000	0.0009	0.0000	0.0014	0.0014	0.0000	0.0000	0.0000	0.0000	0.0000	0.4523	0.0000
SF3A2|Q15428	0.9995	0.0000	0.0000	0.0000	0.0000	0.0000	0.0000	0.0000	0.0001	0.0000	0.0000	0.0000
CELF3|Q5SZQ8	0.0000	0.0579	0.0000	0.0000	0.9993	0.0000	0.0000	0.0004	0.0000	0.0000	0.0000	0.0000
RIOX2|Q8IUF8	0.0000	0.0022	0.0000	0.0000	0.0000	0.0000	0.9999	0.0000	0.0000	0.0000	0.0000	0.0000
TSEN2|Q8NCE0	0.0000	0.0058	0.0000	0.0000	0.0000	0.0001	0.9991	0.0000	0.0000	0.0000	0.0000	0.0000
CS|O75390	0.0000	0.0251	0.0000	0.8807	0.0000	0.0000	0.0000	0.0000	0.0000	0.0000	0.0000	0.0000
G3BP1|Q13283	0.0000	0.9037	0.0000	0.0000	0.9970	0.0000	0.0002	0.0000	0.0000	0.0000	0.0000	0.0000
VIM|P08670	0.0000	0.0000	0.0000	0.8870	0.0000	0.0000	0.0000	0.0021	0.0000	0.0000	0.0009	0.0000
NSUN6|Q8TEA1	0.0025	0.8016	0.0005	0.0000	0.0034	0.0417	0.1385	0.0000	0.0000	0.0000	0.0000	0.0000
PDCD4|Q53EL6	0.0101	0.6528	0.0010	0.0000	0.0052	0.0000	0.0965	0.0000	0.0943	0.0000	0.0000	0.0000
ZNHIT6|Q9NWK9	0.0000	0.0011	0.0001	0.0000	0.0019	0.1775	0.0393	0.0178	0.0033	0.0000	0.0000	0.0000
CPSF7|Q8N684	0.0000	0.0020	0.0000	0.0000	0.9764	0.0000	0.0000	0.0000	0.0000	0.0000	0.0030	0.0000
NONO|Q15233	0.9997	0.0096	0.0000	0.0000	0.0000	0.0000	0.0000	0.0000	0.0000	0.0000	0.3468	0.0000
WARS1|P23381	0.0000	0.0001	0.0000	0.0041	0.0000	0.0000	0.9204	0.0000	0.0000	0.0000	0.0000	0.0000
CWC27|Q6UX04	0.0000	0.0009	0.0001	0.0002	0.0000	0.6587	0.0000	0.0000	0.0000	0.0000	0.2297	0.0001
EIF2S3|P41091	0.0000	0.0052	0.0000	0.0000	0.9967	0.0000	0.0009	0.0000	0.0000	0.0000	0.0000	0.0000
EIF2S3B|Q2VIR3	0.0000	0.0080	0.0000	0.0000	0.9970	0.0002	0.0129	0.0000	0.0000	0.0000	0.0000	0.0000
DUS1L|Q6P1R4	0.0003	0.6039	0.0002	0.0003	0.7938	0.1540	0.0084	0.0001	0.0000	0.0001	0.0000	0.0001
PPAN|Q9NQ55	0.0000	0.0015	0.0000	0.0000	0.0000	0.0001	0.9998	0.0000	0.0000	0.0000	0.0000	0.0000
CORO1C|Q9ULV4	0.0000	0.0209	0.0000	0.9878	0.9828	0.0000	0.0000	0.0000	0.0000	0.0000	0.0000	0.0000
HADHB|P55084	0.0000	0.0000	0.0003	0.0357	0.0000	0.0000	0.0000	0.0126	0.0000	0.0000	0.1392	0.0000
ASZ1|Q8WWH4	0.0000	0.0000	0.0000	0.0000	0.0000	0.1316	0.9132	0.0000	0.0000	0.0000	0.0011	0.0000
LTV1|Q96GA3	0.0000	0.9999	0.0000	0.0000	0.0000	0.0000	0.0001	0.0000	0.0000	0.0000	0.0000	0.0000
PARS2|Q7L3T8	0.0000	0.4581	0.0000	0.0000	0.0000	0.0000	0.5361	0.0000	0.0000	0.0000	0.0116	0.0000
RRP9|O43818	0.0000	0.0231	0.0000	0.0000	0.0001	0.0054	0.9976	0.0000	0.0000	0.0000	0.0000	0.0000
U2AF2|P26368	0.9748	0.9998	0.0000	0.0000	0.0002	0.0000	0.0000	0.0000	0.0000	0.0000	0.0000	0.0000
GPKOW|Q92917	0.0000	0.6437	0.0295	0.2663	0.0006	0.0000	0.0002	0.0002	0.0000	0.0000	0.0509	0.0000
RBM45|Q8IUH3	0.0000	0.0755	0.9997	0.0000	0.8787	0.0000	0.0000	0.0002	0.0000	0.0000	0.0000	0.0004
RNMT|O43148	0.0000	0.0000	0.0000	0.0003	0.0000	0.6166	0.3887	0.0001	0.0004	0.0000	0.0000	0.0000
SEC61A1|P61619	0.0000	0.0001	0.0000	0.0341	0.0000	0.0000	0.0000	0.0198	0.0000	0.0000	0.1129	0.0000
UPF3A|Q9H1J1	0.0000	0.0242	0.0000	0.0000	0.8603	0.0032	0.0000	0.0000	0.0000	0.0000	0.1125	0.0000
WDSUB1|Q8N9V3	0.0000	0.3794	0.0000	0.0000	0.0070	0.0094	0.0090	0.0012	0.0001	0.0000	0.0000	0.0000
NARS2|Q96I59	0.0001	0.9916	0.0004	0.0002	0.0783	0.0000	0.0001	0.0000	0.0000	0.0000	0.0011	0.0053
YARS2|Q9Y2Z4	0.0000	0.0810	0.0000	0.0251	0.0000	0.0000	0.5635	0.0000	0.0000	0.0000	0.0000	0.0000
ZNF622|Q969S3	0.0000	0.7963	0.0000	0.0000	0.0190	0.0001	0.0966	0.0000	0.0007	0.0000	0.0000	0.0017
DDX19A|Q9NUU7	0.0000	0.0188	0.0000	0.0000	0.9999	0.0000	0.0000	0.0000	0.0000	0.0000	0.0000	0.0000
METAP2|P50579	0.0000	0.0001	0.0000	0.0000	0.9287	0.0001	0.0032	0.0000	0.0000	0.0000	0.0016	0.0000
NOP53|Q9NZM5	0.0000	0.8798	0.0015	0.0000	0.0001	0.0000	0.7962	0.0000	0.0000	0.0000	0.0000	0.0000
ZNF207|O43670	0.0000	0.1575	0.0000	0.0000	0.0007	0.9073	0.0000	0.0000	0.0000	0.0000	0.0000	0.0000
DDX19B|Q9UMR2	0.0000	0.1028	0.0000	0.0000	0.9998	0.0000	0.0000	0.0000	0.0000	0.0000	0.0001	0.0000
PAIP1|Q9H074	0.0002	0.0652	0.0000	0.0000	0.0000	0.9760	0.7782	0.0000	0.0000	0.0000	0.0000	0.0000
UTP3|Q9NQZ2	0.0000	0.0000	0.0000	0.0000	0.0000	0.6633	0.9974	0.0000	0.0001	0.0000	0.0000	0.0000
ZRSR2P1|Q15695	0.0047	0.0262	0.0001	0.0000	0.0035	0.0225	0.9229	0.0000	0.0000	0.0000	0.0000	0.0000
GRSF1|Q12849	0.0000	0.0001	0.0035	0.0098	0.0008	0.0006	0.0004	0.0059	0.0000	0.0000	0.0000	0.0000
RBM42|Q9BTD8	0.0000	0.0012	0.0000	0.0000	0.9956	0.0000	0.0037	0.0000	0.0000	0.0000	0.0000	0.0000
CELF6|Q96J87	0.0000	0.0050	0.0001	0.0000	0.9992	0.0000	0.0003	0.0000	0.0000	0.0000	0.0000	0.0000
PUS3|Q9BZE2	0.0163	0.0008	0.0000	0.0000	0.1283	0.7675	0.0000	0.0027	0.0042	0.0000	0.0000	0.0000
G3BP2|Q9UN86	0.0000	0.9999	0.0000	0.0000	0.9736	0.0000	0.0000	0.0000	0.0000	0.0000	0.0000	0.0000
HDAC1|Q13547	0.0000	0.1125	0.0000	0.0101	0.0064	0.0341	0.0460	0.0000	0.0000	0.0000	0.0000	0.0000
IFIT5|Q13325	0.0000	0.0291	0.0040	0.0000	0.0000	0.0073	0.0000	0.0045	0.0002	0.0000	0.0000	0.0001
MKRN1|Q9UHC7	0.0000	0.0000	0.0584	0.0000	0.0166	0.0004	0.0000	0.0053	0.0042	0.0000	0.0000	0.0083
ZRSR2|Q15696	0.0052	0.0885	0.0001	0.0000	0.0008	0.0306	0.7905	0.0000	0.0000	0.0000	0.0000	0.0000
DDX25|Q9UHL0	0.0000	0.1023	0.0001	0.0002	0.9919	0.0000	0.0003	0.0000	0.0000	0.0000	0.0000	0.0000
DDX49|Q9Y6V7	0.0000	0.9615	0.0024	0.0000	0.0002	0.0002	0.0191	0.0001	0.0000	0.0000	0.0000	0.0001
DDX6|P26196	0.0000	0.9985	0.0014	0.0017	0.0620	0.0000	0.0004	0.0000	0.0000	0.0000	0.0003	0.0001
PGD|P52209	0.0000	0.0000	0.0000	0.9892	0.0000	0.0000	0.0000	0.0000	0.0000	0.0000	0.0015	0.0000
UPF3B|Q9BZI7	0.0000	0.7258	0.0002	0.0000	0.0042	0.0004	0.0000	0.0303	0.0000	0.0000	0.2997	0.0000
CLK1|P49759	0.0610	0.1434	0.0006	0.0000	0.0009	0.8065	0.0014	0.0015	0.0005	0.0000	0.0000	0.0002
SRSF11|Q05519	0.9857	0.0001	0.0003	0.0000	0.0000	0.0000	0.0000	0.0000	0.0010	0.0000	0.0001	0.0000
TENT2|Q6PIY7	0.0000	0.0078	0.0030	0.0000	0.2394	0.0000	0.2619	0.0000	0.0000	0.0000	0.0000	0.0001
CELF5|Q8N6W0	0.0000	0.0056	0.0001	0.0000	1.0000	0.0000	0.0000	0.0000	0.0000	0.0000	0.0000	0.0000
MKRN4P|Q13434	0.0004	0.0000	0.6009	0.0000	0.0000	0.0000	0.0000	0.0037	0.0012	0.0000	0.0000	0.0009
NLE1|Q9NVX2	0.0000	0.0003	0.0036	0.0000	0.0000	0.0000	0.9947	0.0004	0.0000	0.0000	0.0000	0.0000
PDCD7|Q8N8D1	0.0000	0.0000	0.0000	0.5625	0.0149	0.0000	0.0013	0.0000	0.0000	0.0000	0.0000	0.0000
CELF1|Q92879	0.0000	1.0000	0.0000	0.0000	0.9726	0.0000	0.0000	0.0000	0.0000	0.0000	0.0000	0.0000
CELF4|Q9BZC1	0.0000	0.0009	0.4233	0.0000	0.9625	0.0000	0.0000	0.0001	0.0000	0.0000	0.0000	0.0000
DAZ3|Q9NR90	0.0000	0.1440	0.0000	0.0018	0.9965	0.0004	0.0000	0.0001	0.0000	0.0000	0.0000	0.0001
ANXA7|P20073	0.0000	0.0025	0.0008	0.9510	0.9830	0.0000	0.0000	0.0000	0.0000	0.0000	0.0000	0.0000
HDAC2|Q92769	0.0001	0.9652	0.0000	0.0000	0.6302	0.0008	0.0072	0.0000	0.0012	0.0000	0.0000	0.0087
CLK3|P49761	0.9991	0.0000	0.0000	0.0000	0.0000	0.0082	0.0000	0.0000	0.0009	0.0000	0.0000	0.0001
RSL1D1|O76021	0.0000	0.0006	0.0000	0.0000	0.0000	0.0022	0.9999	0.0000	0.0000	0.0000	0.0000	0.0000
LARP6|Q9BRS8	0.0000	0.0002	0.0000	0.0000	0.0000	0.2948	0.0000	0.0003	0.0000	0.0000	0.6523	0.0000
PRCC|Q92733	0.0000	0.7896	0.0042	0.0004	0.0001	0.0000	0.0678	0.0000	0.0001	0.0000	0.0001	0.0000
NOVA2|Q9UNW9	0.0000	0.1731	0.0000	0.0000	0.9986	0.0000	0.0000	0.0005	0.0000	0.0000	0.0000	0.0006
PPIL4|Q8WUA2	0.0000	0.0192	0.0000	0.0000	0.0001	0.0001	0.8537	0.0000	0.0000	0.0000	0.6467	0.0000
DUS2|Q9NX74	0.0000	0.0015	0.0000	0.1909	0.0000	0.0001	0.0000	0.0000	0.0000	0.0000	0.0000	0.0000
FSCN1|Q16658	0.0000	0.0004	0.0004	0.9375	0.9834	0.0000	0.0000	0.0001	0.0000	0.0000	0.0000	0.0000
DNAJC7|Q99615	0.0000	0.0001	0.0000	0.0000	0.9997	0.0000	0.0000	0.0000	0.0000	0.0000	0.0000	0.0000
NAF1|Q96HR8	0.0000	0.9225	0.0007	0.0000	0.9965	0.0028	0.0000	0.0000	0.0000	0.0000	0.0000	0.0046
SRSF4|Q08170	0.9980	0.3549	0.0001	0.0000	0.5764	0.0000	0.0000	0.0002	0.0004	0.0000	0.0007	0.0131
ZFP36L2|P47974	0.0000	1.0000	0.0008	0.0000	0.9987	0.0000	0.0000	0.0000	0.0000	0.0000	0.0000	0.9204
NUFIP1|Q9UHK0	0.0000	0.5256	0.0481	0.0000	0.4394	0.0000	0.0007	0.0000	0.0000	0.0000	0.0254	0.8439
NMT1|P30419	0.0000	0.3915	0.0005	0.0000	0.0489	0.0001	0.5165	0.0000	0.0000	0.0000	0.0000	0.0000
RBMY1A1|P0DJD3	0.0003	0.9902	0.0000	0.0000	0.5573	0.0000	0.0000	0.0000	0.0000	0.0000	0.1546	0.0000
RBMY1B|A6NDE4	0.0002	0.9922	0.0000	0.0000	0.5683	0.0000	0.0000	0.0000	0.0000	0.0000	0.1329	0.0000
RBMY1C|P0DJD4	0.0004	0.9909	0.0000	0.0000	0.5981	0.0000	0.0000	0.0000	0.0000	0.0000	0.1217	0.0000
RBMY1D|P0C7P1	0.0002	0.9881	0.0000	0.0000	0.7819	0.0000	0.0000	0.0000	0.0000	0.0000	0.1284	0.0000
RBMY1E|A6NEQ0	0.0001	0.9844	0.0000	0.0000	0.8305	0.0000	0.0000	0.0000	0.0000	0.0000	0.1266	0.0000
RBMY1F|Q15415	0.0025	0.9837	0.0000	0.0000	0.2462	0.0000	0.0000	0.0000	0.0000	0.0000	0.2929	0.0000
TRMT6|Q9UJA5	0.0000	0.0038	0.0000	0.0000	0.0000	0.0104	0.4471	0.0141	0.0000	0.0000	0.0000	0.0000
PHF10|Q8WUB8	0.0000	0.0223	0.0000	0.0000	0.0000	0.0000	0.0002	0.0000	0.0000	0.0000	0.0014	0.0000
CLK2|P49760	0.9973	0.0013	0.0020	0.0000	0.0000	0.0002	0.0003	0.0000	0.0000	0.0000	0.0000	0.0000
GSPT1|P15170	0.0000	0.0217	0.0007	0.0006	0.7709	0.0000	0.0000	0.0009	0.0202	0.0000	0.0015	0.0009
PPP5C|P53041	0.0033	0.0866	0.0001	0.0000	0.1450	0.0000	0.0243	0.0000	0.0008	0.0000	0.0001	0.0003
PRPF31|Q8WWY3	0.1356	0.8761	0.0271	0.0000	0.0245	0.0001	0.0006	0.0003	0.7906	0.0000	0.0000	0.0047
DARS1|P14868	0.0000	0.0000	0.0000	0.9797	0.0000	0.0000	0.0000	0.0202	0.0000	0.0000	0.0000	0.0000
LENG9|Q96B70	0.0000	0.1018	0.0003	0.0000	0.0000	0.2692	0.4721	0.0002	0.0000	0.0000	0.0001	0.0000
PWP1|Q13610	0.0000	0.0000	0.0000	0.0000	0.0000	0.9991	1.0000	0.0000	0.0000	0.0000	0.0000	0.0000
SF3A3|Q12874	0.9974	0.0195	0.0000	0.0000	0.4740	0.0000	0.0000	0.0002	0.0429	0.0000	0.0000	0.0121
NMD3|Q96D46	0.0001	0.0001	0.0080	0.0000	0.0004	0.0011	0.9868	0.0000	0.0003	0.0000	0.0000	0.0000
THUMPD2|Q9BTF0	0.0000	0.1509	0.0000	0.0011	0.0000	0.0000	0.1051	0.0000	0.0000	0.0000	0.0000	0.0000
DNAJC3|Q13217	0.0001	0.0036	0.0020	0.0001	0.0249	0.0013	0.0011	0.0087	0.0531	0.0000	0.0000	0.0001
PRPF19|Q9UMS4	0.0634	0.9503	0.0005	0.0000	0.0136	0.0000	0.1412	0.0000	0.0061	0.0000	0.0000	0.0000
SHMT2|P34897	0.0000	0.0000	0.0000	0.3397	0.0000	0.0000	0.0000	0.0133	0.0000	0.0000	0.0000	0.0000
SRP54|P61011	1.0000	0.0014	0.0000	0.0000	0.0002	0.0000	0.0000	0.0000	0.0016	0.0000	0.0000	0.0000
TRMT2B|Q96GJ1	0.0000	0.0195	0.0000	0.0000	0.0000	0.5683	0.0001	0.0032	0.0000	0.0000	0.0002	0.0000
ANXA11|P50995	0.0000	0.0014	0.0000	0.0007	0.9980	0.0000	0.0001	0.0000	0.0000	0.0000	0.0000	0.0002
PDIA3|P30101	0.0000	0.0002	0.0000	0.9029	0.9201	0.0000	0.0000	0.0000	0.0000	0.0000	0.0000	0.0000
RTCB|Q9Y3I0	0.0000	0.9996	0.0009	0.6455	0.9974	0.0000	0.0000	0.0000	0.0000	0.0000	0.0000	0.0057
HARS2|P49590	0.0000	0.0000	0.0000	0.9992	0.0000	0.0000	0.0000	0.0004	0.0000	0.0000	0.0000	0.0000
MKRN3|Q13064	0.0002	0.0003	0.0043	0.3376	0.0000	0.0000	0.0000	0.0001	0.0016	0.0000	0.0023	0.0020
NOVA1|P51513	0.0000	0.0042	0.0000	0.0776	0.9694	0.0000	0.0000	0.0006	0.0000	0.0000	0.0001	0.0016
THUMPD3|Q9BV44	0.0000	0.0011	0.0000	0.0000	0.0000	0.0140	0.9982	0.0000	0.0001	0.0000	0.0000	0.0000
CELF2|O95319	0.0000	0.0900	0.0000	0.0000	0.9985	0.0002	0.0000	0.0001	0.0000	0.0000	0.0000	0.0000
EDC3|Q96F86	0.0000	0.9999	0.0000	0.0000	0.0000	0.0000	0.0002	0.0000	0.0000	0.0000	0.0000	0.0000
FARSA|Q9Y285	0.0000	0.0000	0.0000	0.9658	0.0000	0.0000	0.0001	0.0002	0.0000	0.0000	0.0000	0.0000
P4HB|P07237	0.0000	0.0012	0.0000	0.0000	0.9996	0.0000	0.0002	0.0000	0.0000	0.0000	0.0000	0.0000
SREK1|Q8WXA9	0.9834	0.0593	0.0003	0.0000	0.0016	0.0000	0.0000	0.0001	0.0000	0.0000	0.0026	0.0230
DLD|P09622	0.0000	0.0015	0.0002	0.5548	0.0024	0.0000	0.0001	0.0000	0.0095	0.0000	0.0000	0.0000
HARS1|P12081	0.0000	0.0004	0.0001	0.9893	0.0029	0.0000	0.0286	0.0001	0.0000	0.0000	0.0000	0.0000
POLR1G|O15446	0.0000	0.0000	0.0000	0.0000	0.0000	0.9992	0.9995	0.0000	0.0000	0.0000	0.0000	0.0000
TOE1|Q96GM8	0.9730	0.0002	0.0005	0.0000	0.0000	0.0007	0.9881	0.0000	0.0001	0.0000	0.0000	0.0000
ARCN1|P48444	0.0000	0.0000	0.0000	0.9912	0.0000	0.0000	0.0000	0.0000	0.0000	0.0000	0.0000	0.0000
SMU1|Q2TAY7	0.1247	0.2513	0.0090	0.0000	0.6593	0.0162	0.0020	0.0014	0.0729	0.0006	0.0000	0.0291
CDADC1|Q9BWV3	0.0000	0.0000	0.0023	0.0018	0.0000	0.0002	0.0219	0.0001	0.0083	0.0000	0.0000	0.0000
DKC1|O60832	0.0000	0.0000	0.0000	0.0000	0.0000	0.0000	0.9994	0.0000	0.9998	0.0000	0.0000	0.0000
EXD1|Q8NHP7	0.0000	0.0000	0.0001	0.0000	0.0000	0.0024	0.8460	0.0001	0.0000	0.0000	0.0000	0.0000
IMPDH2|P12268	0.0000	0.0997	0.0000	0.0001	0.9910	0.0000	0.0000	0.0001	0.0066	0.0000	0.0001	0.0004
PLRG1|O43660	0.9990	0.0007	0.0004	0.0000	0.7574	0.0000	0.0001	0.0000	0.0062	0.0000	0.0000	0.0096
SARS1|P49591	0.0000	0.0001	0.0000	0.6563	0.0000	0.0000	0.0001	0.0000	0.0000	0.0000	0.0000	0.0000
TBL1XR1|Q9BZK7	0.0000	0.9067	0.0005	0.0000	0.0134	0.0011	0.0000	0.1091	0.0000	0.0000	0.0001	0.0003
G6PD|P11413	0.0000	0.0000	0.0000	0.8806	0.0000	0.0000	0.0000	0.0000	0.0000	0.0000	0.0038	0.0000
GTPBP6|O43824	0.0000	0.0005	0.0002	0.0000	0.0000	0.0254	0.9799	0.0001	0.0001	0.0000	0.0000	0.0000
NOC4L|Q9BVI4	0.0000	0.0000	0.0014	0.0000	0.0000	0.0091	0.9981	0.0000	0.0000	0.0000	0.0000	0.0000
GTF2F1|P35269	0.0000	0.0007	0.0001	0.1970	0.0000	0.0000	0.9162	0.0000	0.0000	0.0000	0.0001	0.0000
RNPC3|Q96LT9	0.0005	0.1841	0.0000	0.0001	0.0263	0.0000	0.0053	0.0000	0.0000	0.0000	0.0900	0.0004
FAM98A|Q8NCA5	0.0000	0.9995	0.0000	0.0000	0.9917	0.0000	0.0000	0.0000	0.0000	0.0000	0.0000	0.0000
SARS2|Q9NP81	0.0000	0.3826	0.0000	0.0000	0.0000	0.6261	0.0966	0.0000	0.0000	0.0000	0.0001	0.0000
UTP15|Q8TED0	0.0003	0.9419	0.0024	0.0000	0.0036	0.0002	0.6511	0.0000	0.0001	0.0000	0.0000	0.0000
GTF3C5|Q9Y5Q8	0.0000	0.0000	0.0000	0.0000	0.0000	0.0000	0.9925	0.0000	0.0000	0.0000	0.0007	0.0000
RIOK3|O14730	0.0001	0.0540	0.0000	0.0000	0.0035	0.0004	0.7007	0.0002	0.0103	0.0000	0.0000	0.0000
MEX3A|A1L020	0.0000	0.9999	0.0000	0.0000	0.9951	0.0000	0.0000	0.0000	0.0000	0.0000	0.0000	0.0002
PNLDC1|Q8NA58	0.0000	0.0033	0.0000	0.0000	0.0001	0.0179	0.0006	0.7975	0.0000	0.0000	0.0000	0.0000
SAMD3|Q8N6K7	0.0000	0.0378	0.0000	0.0000	0.0102	0.3087	0.0033	0.0000	0.0000	0.0000	0.0000	0.0001
KPNA3|O00505	0.0000	0.0068	0.0000	0.0000	0.9998	0.0000	0.0000	0.0001	0.0000	0.0000	0.0000	0.0000
KPNA4|O00629	0.0000	0.0028	0.0000	0.0000	0.9895	0.0000	0.0011	0.0000	0.0000	0.0000	0.0000	0.0000
PRPF4|O43172	0.9334	0.0006	0.0000	0.0000	0.0000	0.0000	0.0015	0.0000	0.0000	0.0000	0.0001	0.0000
RCC2|Q9P258	0.0000	0.0001	0.0000	0.0000	0.0000	0.9489	0.9997	0.0000	0.0000	0.0000	0.0000	0.0000
DYNC1LI1|Q9Y6G9	0.0000	0.0003	0.0000	0.0000	0.0000	0.9995	0.0000	0.0423	0.0000	0.0000	0.0000	0.0000
EARS2|Q5JPH6	0.0000	0.0006	0.0000	0.0422	0.0000	0.0002	0.0241	0.0003	0.0000	0.0000	0.0007	0.0000
EIF2B4|Q9UI10	0.0000	0.0003	0.0000	0.0000	0.0000	0.0033	0.2066	0.0000	0.0000	0.0000	0.8083	0.0000
PSPC1|Q8WXF1	0.9852	0.0612	0.0002	0.0000	0.9607	0.0000	0.0001	0.0000	0.0000	0.0000	0.0000	0.0000
API5|Q9BZZ5	0.0000	0.0413	0.0000	0.0000	0.0001	0.9068	0.0333	0.0037	0.0000	0.0000	0.0002	0.0000
FUS|P35637	0.0000	0.1575	0.0000	0.0000	0.8774	0.0001	0.0000	0.0638	0.0000	0.0000	0.0000	0.0000
ZC3H12D|A2A288	0.0000	0.9999	0.0001	0.0000	0.0000	0.0000	0.0000	0.0000	0.0000	0.0000	0.0001	0.0000
NELFA|Q9H3P2	0.0000	0.0000	0.1822	0.0000	0.0003	0.0000	0.0000	0.0000	0.0000	0.0000	0.8633	0.0009
TXLNG|Q9NUQ3	0.0000	0.0000	0.0000	0.0000	0.0000	0.9994	0.0058	0.0024	0.0000	0.0000	0.0000	0.0000
YARS1|P54577	0.0000	0.0000	0.0000	0.6390	0.0000	0.0010	0.0000	0.0047	0.0000	0.0000	0.0000	0.0000
ATP5F1B|P06576	0.0000	0.0000	0.0000	0.7885	0.0000	0.0007	0.0000	0.0054	0.0000	0.0000	0.0000	0.0000
KPNA2|P52292	0.0000	0.0395	0.0002	0.0000	0.9975	0.0000	0.0000	0.0054	0.0000	0.0000	0.0000	0.0000
NOP58|Q9Y2X3	0.0000	0.9761	0.0000	0.0000	0.0089	0.0005	0.3719	0.0000	0.0000	0.0000	0.0000	0.0000
SLC3A2|P08195	0.0000	0.0000	0.0000	0.0001	0.0000	0.0000	0.0000	0.0001	0.0000	0.0000	0.9993	0.0000
PSIP1|O75475	0.0001	0.0074	0.0000	0.0000	0.0004	0.2574	0.0000	0.0064	0.0036	0.0000	0.0025	0.0002
RBM39|Q14498	1.0000	0.0004	0.0000	0.0000	0.0000	0.0000	0.0016	0.0000	0.0000	0.0000	0.0000	0.0000
CCDC9|Q9Y3X0	0.0087	0.2954	0.0140	0.0000	0.0011	0.0364	0.0000	0.0000	0.0039	0.0000	0.0029	0.0017
CCT6A|P40227	0.0000	0.0000	0.0000	0.1193	0.0000	0.0002	0.0000	0.0000	0.0000	0.0000	0.0156	0.0000
CDC73|Q6P1J9	0.0000	0.2173	0.0000	0.0000	0.9924	0.0000	0.0000	0.0022	0.0000	0.0000	0.0000	0.0000
DNAJC21|Q5F1R6	0.0000	0.0004	0.0000	0.0000	0.0000	0.0000	1.0000	0.0000	0.0000	0.0000	0.0000	0.0000
NXF3|Q9H4D5	0.0000	0.9964	0.0003	0.0000	0.0000	0.0000	0.0000	0.0001	0.0000	0.0000	0.0005	0.0000
PAF1|Q8N7H5	0.0000	0.0010	0.0001	0.0000	0.0000	0.0001	0.0001	0.0000	0.0000	0.0000	0.9965	0.0000
PKM|P14618	0.0000	0.0002	0.0000	0.9074	0.0000	0.0000	0.0000	0.1059	0.0000	0.0000	0.0000	0.0000
PRMT3|O60678	0.0000	0.0006	0.0000	0.0000	0.0000	0.0000	0.0241	0.0000	0.0000	0.0000	0.3678	0.0000
PTBP2|Q9UKA9	0.0000	0.0000	0.0242	0.0000	0.0166	0.0228	0.0000	0.0710	0.0000	0.0000	0.0000	0.0000
ZGPAT|Q8N5A5	0.0000	0.0000	0.0000	0.0016	0.0000	0.0000	0.0000	0.0714	0.0000	0.0000	0.7901	0.0000
LCP2|Q13094	0.0000	0.1204	0.0000	0.0000	0.0000	0.0000	0.0000	0.0364	0.0000	0.0000	0.0000	0.0000
PHGDH|O43175	0.0000	0.0000	0.0003	0.9974	0.0000	0.0000	0.0000	0.0003	0.0000	0.0000	0.0000	0.0000
RBM46|Q8TBY0	0.0000	0.9269	0.0001	0.0000	0.9507	0.0000	0.0001	0.0000	0.0000	0.0000	0.0000	0.0001
CCT2|P78371	0.0000	0.0000	0.0000	0.7423	0.0000	0.0000	0.0000	0.3101	0.0000	0.0000	0.0000	0.0000
KPNA6|O60684	0.0000	0.0054	0.0000	0.0000	0.9980	0.0000	0.0000	0.0000	0.0000	0.0000	0.0001	0.0000
SNW1|Q13573	0.4064	0.0000	0.0022	0.4783	0.0000	0.0000	0.0000	0.0000	0.0002	0.0000	0.0000	0.0000
CWF19L1|Q69YN2	0.0000	0.0000	0.0000	0.0000	0.0000	0.9958	0.0021	0.0012	0.0000	0.0000	0.0000	0.0000
KPNA1|P52294	0.0000	0.0026	0.0000	0.7853	0.9804	0.0000	0.0000	0.0000	0.0000	0.0000	0.0000	0.0000
RBBP5|Q15291	0.0000	0.0038	0.0000	0.0000	0.9576	0.0000	0.0016	0.0000	0.0000	0.0000	0.0000	0.0000
RO60|P10155	0.0000	0.0066	0.0000	0.0000	0.9993	0.0001	0.0000	0.0003	0.0000	0.0000	0.0000	0.0001
CCT4|P50991	0.0000	0.0001	0.0000	0.9767	0.0000	0.0000	0.0000	0.0000	0.0000	0.0000	0.0000	0.0000
TRIM26|Q12899	0.0002	0.0000	0.0004	0.0000	0.0000	0.0007	0.9142	0.0000	0.0162	0.0000	0.0000	0.0000
CNOT2|Q9NZN8	0.0000	0.9998	0.0000	0.0000	0.9404	0.0000	0.0000	0.0000	0.0000	0.0000	0.0000	0.0000
DDX28|Q9NUL7	0.0000	0.1063	0.0000	0.0000	0.0000	0.0017	0.9462	0.0000	0.0000	0.0000	0.0017	0.0000
ZNF768|Q9H5H4	0.0000	0.0001	0.0000	0.0000	0.0000	0.9985	0.0001	0.1127	0.0000	0.0000	0.0000	0.0000
CCT5|P48643	0.0000	0.0000	0.0000	0.9989	0.0000	0.0000	0.0000	0.0000	0.0000	0.0000	0.0000	0.0000
HNRNPLL|Q8WVV9	0.0045	0.0120	0.0108	0.0000	0.0332	0.0223	0.0002	0.0176	0.0705	0.0000	0.0001	0.0127
CCT7|Q99832	0.0000	0.0001	0.0000	0.2747	0.0000	0.0000	0.0000	0.0000	0.0000	0.0000	0.0013	0.0000
DALRD3|Q5D0E6	0.0000	0.0317	0.0145	0.0000	0.0000	0.0000	0.2422	0.0039	0.0114	0.0000	0.0000	0.0000
PATL2|C9JE40	0.0006	0.0532	0.0002	0.0001	0.8281	0.0024	0.0002	0.0011	0.0041	0.0000	0.0000	0.0151
STIP1|P31948	0.0000	0.0467	0.0000	0.8069	0.9992	0.0000	0.0000	0.0000	0.0000	0.0000	0.0000	0.0000
ZCCHC7|Q8N3Z6	0.0000	0.0000	0.0000	0.0000	0.0000	0.0000	1.0000	0.0000	0.0000	0.0000	0.0000	0.0000
DBR1|Q9UK59	0.0220	0.3469	0.0009	0.0000	0.0228	0.0000	0.0019	0.0000	0.0387	0.0000	0.0007	0.0086
WDR25|Q64LD2	0.0000	0.2515	0.0005	0.0002	0.0001	0.2340	0.0000	0.1271	0.0000	0.0000	0.0116	0.0001
CCT3|P49368	0.0000	0.0011	0.0000	0.7517	0.0000	0.0000	0.0047	0.0000	0.0001	0.0000	0.0000	0.0000
RPUSD2|Q8IZ73	0.0000	0.9894	0.0000	0.0000	0.3550	0.0000	0.0003	0.0000	0.0000	0.0000	0.0082	0.0000
SPATS2|Q86XZ4	0.0000	0.0064	0.0000	0.0000	0.9974	0.0002	0.0000	0.0000	0.0000	0.0000	0.0000	0.0000
PPM1G|O15355	0.0015	0.0005	0.0476	0.0000	0.0350	0.0000	0.9622	0.0001	0.0765	0.0000	0.0000	0.0002
PRPF38B|Q5VTL8	0.0041	0.8418	0.0002	0.0000	0.0025	0.0000	0.0088	0.0000	0.0001	0.0000	0.0036	0.0002
TXLNA|P40222	0.0000	0.7641	0.0000	0.0000	0.4857	0.0339	0.0681	0.0000	0.0000	0.0000	0.0000	0.0000
DDX56|Q9NY93	0.0000	0.0025	0.0001	0.0000	0.0000	0.0001	0.9991	0.0000	0.0001	0.0000	0.0000	0.0000
CCT8|P50990	0.0003	0.0881	0.0000	0.9650	0.5708	0.0000	0.0000	0.0000	0.0000	0.0000	0.0000	0.0000
EIF3D|O15371	0.0000	0.1191	0.0000	0.0000	0.0000	0.0000	0.3032	0.0000	0.0000	0.0000	0.9747	0.0000
NARS1|O43776	0.0001	0.0249	0.0016	0.0000	0.0000	0.0033	0.6227	0.0000	0.0002	0.0000	0.0000	0.0000
WRAP53|Q9BUR4	0.0000	0.0886	0.0000	0.0000	0.0000	0.0000	0.0000	0.0848	0.0000	0.0000	0.0000	0.0000
FASTK|Q14296	0.0000	0.0029	0.0000	0.0000	0.9908	0.0000	0.0000	0.0000	0.0000	0.0000	0.0002	0.0000
GNL3|Q9BVP2	0.0000	0.9545	0.0000	0.0000	0.0056	0.0008	0.4793	0.0000	0.0000	0.0000	0.0000	0.0000
CPSF6|Q16630	0.9998	0.0000	0.0000	0.0000	0.0000	0.0002	0.0000	0.0000	0.0003	0.0000	0.0000	0.0000
EIF2AK2|P19525	0.0000	0.0510	0.0001	0.0167	0.0017	0.0039	0.0006	0.0786	0.0001	0.0000	0.0000	0.0001
PTBP3|O95758	0.0000	0.2528	0.0055	0.0000	0.0404	0.0000	0.0000	0.0088	0.0000	0.0000	0.0000	0.0000
RIOK2|Q9BVS4	0.0003	0.8227	0.0000	0.0000	0.0715	0.0000	0.4474	0.0000	0.0002	0.0000	0.0000	0.0000
ATP5F1A|P25705	0.0000	0.0000	0.0000	0.6782	0.0004	0.0000	0.0000	0.0000	0.0000	0.0000	0.0553	0.0000
HP1BP3|Q5SSJ5	0.0000	0.0000	0.0000	0.0000	0.0000	0.9880	0.0000	0.0000	0.0000	0.0000	0.0000	0.0000
DNAJC1|Q96KC8	0.0000	0.0011	0.0000	0.0000	0.0000	0.0004	0.0000	0.0000	0.0000	0.0000	0.9849	0.0000
CNKSR3|Q6P9H4	0.0000	0.0071	0.0000	0.0001	0.0000	0.0004	0.0002	0.0000	0.0000	0.0000	0.2237	0.0000
TCP1|P17987	0.0000	0.0268	0.0000	0.9799	0.9981	0.0000	0.0000	0.0000	0.0000	0.0000	0.0000	0.0000
UTP18|Q9Y5J1	0.0000	0.2772	0.0000	0.0000	0.3666	0.0002	0.8533	0.0000	0.0000	0.0000	0.0000	0.0000
IK|Q13123	0.0000	0.9393	0.0002	0.0000	0.0019	0.0019	0.2120	0.0000	0.0000	0.0000	0.0000	0.0000
PTBP1|P26599	0.1247	0.9999	0.0001	0.0000	0.9974	0.0000	0.0000	0.0000	0.0000	0.0000	0.0000	0.0000
DAZ2|Q13117	0.0000	0.3478	0.0000	0.0000	0.9992	0.0016	0.0000	0.0000	0.0000	0.0000	0.0000	0.0000
NSRP1|Q9H0G5	0.9695	0.0026	0.0000	0.0000	0.0000	0.0000	0.0003	0.0000	0.0000	0.0000	0.0001	0.0000
SPATS2L|Q9NUQ6	0.0000	0.0050	0.0000	0.0013	0.0027	0.0000	0.1638	0.0000	0.0000	0.0000	0.1135	0.0000
PUF60|Q9UHX1	0.0000	0.9999	0.0003	0.0000	0.0006	0.0000	0.0000	0.0000	0.0000	0.0000	0.0000	0.0000
YTHDF1|Q9BYJ9	0.0000	0.9999	0.0000	0.0000	0.9780	0.0000	0.0000	0.0000	0.0000	0.0000	0.0000	0.0000
AATF|Q9NY61	0.0000	0.0019	0.0096	0.0000	0.0000	0.9260	0.7007	0.0048	0.0132	0.0000	0.0000	0.0000
ASNS|P08243	0.0000	0.0001	0.0000	0.1336	0.0096	0.0000	0.0001	0.0000	0.0000	0.0000	0.0000	0.0000
TDRKH|Q9Y2W6	0.0000	0.0001	0.0000	0.0000	0.0000	0.0010	0.5340	0.0369	0.0140	0.0000	0.0000	0.0000
METTL16|Q86W50	0.0000	0.0150	0.0009	0.0125	0.0015	0.0000	0.0001	0.0000	0.0000	0.0000	0.0002	0.0001
CTNNBL1|Q8WYA6	0.0000	0.0000	0.0000	0.0000	0.0000	0.0807	0.9178	0.0008	0.0028	0.0000	0.0004	0.0000
CARS2|Q9HA77	0.0000	0.5036	0.0000	0.0000	0.0099	0.0016	0.0002	0.0008	0.0000	0.0000	0.0000	0.0000
EIF3L|Q9Y262	0.0000	0.5922	0.0035	0.0667	0.1073	0.0000	0.0000	0.0033	0.0000	0.0000	0.0000	0.0001
USP39|Q53GS9	0.0000	0.0005	0.0000	0.0000	0.0000	0.9984	0.0323	0.0003	0.0000	0.0000	0.0000	0.0000
CPEB1|Q9BZB8	0.0000	1.0000	0.0000	0.0000	0.8498	0.0000	0.0000	0.0000	0.0000	0.0000	0.0000	0.0000
RMP64|Q6NW34	0.0002	0.0001	0.0002	0.0000	0.0000	0.0029	0.0000	0.0000	0.0000	0.0000	0.9740	0.0001
SRPK3|Q9UPE1	0.0000	0.2083	0.0036	0.0000	0.0066	0.0002	0.0005	0.0230	0.0123	0.0000	0.0000	0.0038
RIOK1|Q9BRS2	0.0000	0.0018	0.0010	0.0000	0.0008	0.0001	0.9381	0.0000	0.0004	0.0000	0.0000	0.0000
MEX3B|Q6ZN04	0.0000	0.9973	0.0000	0.0000	0.0860	0.0000	0.0004	0.0000	0.0000	0.0000	0.0000	0.0000
FKBP9|O95302	0.0000	0.8934	0.0000	0.4492	0.0000	0.0000	0.0000	0.0000	0.0000	0.0000	0.0000	0.0000
STAU2|Q9NUL3	0.0001	0.9491	0.0000	0.0000	0.2713	0.0001	0.3657	0.0000	0.0000	0.0000	0.0000	0.0000
FUBP3|Q96I24	0.0000	0.9998	0.0002	0.0000	0.9995	0.0000	0.0000	0.0000	0.0000	0.0000	0.0000	0.0002
TENT4B|Q8NDF8	0.0000	0.0000	0.0000	0.0000	0.0000	0.0004	0.9994	0.0000	0.0000	0.0000	0.0000	0.0000
ZYX|Q15942	0.0000	0.0000	0.0000	0.0000	0.0000	0.0000	0.0000	0.0000	0.0000	0.0000	0.9999	0.0000
HSPD1|P10809	0.0000	0.0139	0.0044	0.9962	0.0815	0.0000	0.0022	0.0000	0.0000	0.0000	0.0001	0.0000
KLC1|Q07866	0.0000	0.0224	0.0000	0.2556	0.9969	0.0000	0.0000	0.0000	0.0000	0.0000	0.0001	0.0000
SENP3|Q9H4L4	0.0000	0.0001	0.0000	0.0000	0.0000	0.0004	0.9998	0.0000	0.0000	0.0000	0.0000	0.0000
BAG3|O95817	0.0000	0.0041	0.0000	0.2191	0.9987	0.0000	0.0000	0.0001	0.0000	0.0000	0.0000	0.0000
CNOT4|O95628	0.0000	1.0000	0.0000	0.0000	0.9484	0.0000	0.0000	0.0000	0.0000	0.0000	0.0000	0.0000
ADAD1|Q96M93	0.0000	0.0188	0.0036	0.0000	0.0000	0.0343	0.0052	0.1174	0.0000	0.0000	0.0001	0.0000
COIL|P38432	0.0000	0.0003	0.0028	0.0000	0.0000	0.0000	0.0044	0.0023	0.9921	0.0000	0.0000	0.0000
CSTF2|P33240	0.0000	0.2454	0.0020	0.3357	0.0165	0.0000	0.0000	0.0038	0.0000	0.0000	0.0008	0.0000
IGF2BP1|Q9NZI8	0.0000	1.0000	0.0000	0.0000	0.9995	0.0000	0.0000	0.0000	0.0000	0.0000	0.0000	0.0000
MSN|P26038	0.0000	0.0000	0.0001	0.9425	0.0000	0.0000	0.0000	0.0000	0.0000	0.0000	0.0003	0.0000
SHQ1|Q6PI26	0.0000	0.0008	0.0004	0.0000	0.0000	0.7690	0.3352	0.0000	0.0000	0.0000	0.0053	0.0000
STAU1|O95793	0.0000	1.0000	0.0000	0.0000	0.9410	0.0000	0.0000	0.0000	0.0000	0.0000	0.0000	0.0000
RARS2|Q5T160	0.0000	0.0003	0.0000	0.0254	0.0000	0.1961	0.0000	0.0026	0.0000	0.0000	0.0002	0.0000
CDC40|O60508	0.0008	0.0379	0.0502	0.0002	0.0247	0.0000	0.0002	0.0003	0.0005	0.0000	0.0009	0.0008
DAZ4|Q86SG3	0.0000	0.2442	0.0000	0.0000	0.9702	0.5118	0.0000	0.0000	0.0000	0.0000	0.0000	0.0001
IGF2BP3|O00425	0.0000	0.9999	0.0000	0.0000	0.9294	0.0000	0.0000	0.0000	0.0000	0.0000	0.0001	0.0000
NCOA5|Q9HCD5	0.0000	0.9995	0.0000	0.0000	0.0674	0.0000	0.0000	0.0000	0.0000	0.0000	0.0000	0.0000
YTHDF2|Q9Y5A9	0.0000	0.9970	0.0000	0.0000	0.9978	0.0000	0.0000	0.0018	0.0000	0.0000	0.0000	0.0000
CCNK|O75909	0.0119	0.0707	0.0001	0.0000	0.0014	0.0015	0.2404	0.0000	0.0000	0.0000	0.0000	0.0000
CDKN2AIP|Q9NXV6	0.0000	0.0000	0.0035	0.0000	0.0000	0.1852	0.0834	0.0014	0.0240	0.0000	0.0000	0.0000
METTL3|Q86U44	0.9947	0.0000	0.0000	0.0000	0.0000	0.0000	0.0000	0.0000	0.0027	0.0000	0.0757	0.0006
DCP1A|Q9NPI6	0.0000	0.9999	0.0000	0.0000	0.0000	0.0000	0.0001	0.0001	0.0000	0.0000	0.0000	0.0000
GNL3L|Q9NVN8	0.0000	0.0010	0.0000	0.0000	0.0000	0.0043	0.9985	0.0000	0.0002	0.0000	0.0000	0.0000
LARP7|Q4G0J3	0.0000	0.0005	0.0007	0.0000	0.0000	0.7162	0.9913	0.0001	0.0001	0.0000	0.0000	0.0000
MTDH|Q86UE4	0.0000	0.3775	0.0095	0.0000	0.0006	0.0000	0.0016	0.0000	0.0000	0.0000	0.4478	0.0000
MTPAP|Q9NVV4	0.0000	0.0000	0.0000	0.0526	0.0000	0.0001	0.0041	0.0023	0.0000	0.0000	0.0001	0.0000
ZNF326|Q5BKZ1	0.0000	0.9999	0.0007	0.0000	0.0403	0.0000	0.0000	0.0000	0.0000	0.0000	0.0009	0.9048
ADAD2|Q8NCV1	0.0000	0.0002	0.0002	0.0000	0.0000	0.1008	0.0000	0.0008	0.0000	0.0000	0.0008	0.0000
LRRC47|Q8N1G4	0.0000	0.0000	0.0005	0.9883	0.0000	0.0000	0.0000	0.0009	0.0000	0.0000	0.0000	0.0000
PRORP|O15091	0.0000	0.0007	0.0000	0.0000	0.0000	0.0062	0.9354	0.0001	0.0000	0.0000	0.0000	0.0000
RDX|P35241	0.0000	0.0000	0.0000	0.8925	0.0000	0.0000	0.0068	0.0000	0.0000	0.0000	0.0000	0.0000
EIF2D|P41214	0.0000	0.8567	0.0000	0.0000	0.0000	0.0002	0.2734	0.0001	0.0000	0.0000	0.0000	0.0000
EIF2A|Q9BY44	0.0000	0.0003	0.0000	0.0000	0.9980	0.0000	0.0001	0.0000	0.0000	0.0000	0.0000	0.0000
YTHDF3|Q7Z739	0.0000	0.9999	0.0000	0.0000	0.9949	0.0000	0.0000	0.0006	0.0000	0.0000	0.0000	0.0000
EZR|P15311	0.0000	0.0000	0.0000	0.4931	0.0000	0.0000	0.0000	0.0000	0.0000	0.0000	0.0094	0.0000
LMNB1|P20700	0.0144	0.0168	0.0072	0.7544	0.0002	0.0000	0.0000	0.0119	0.0008	0.0000	0.0000	0.0001
SLU7|O95391	0.9908	0.0082	0.0000	0.0000	0.0000	0.0000	0.0000	0.0000	0.0022	0.0000	0.0000	0.0000
RANGAP1|P46060	0.0000	0.0019	0.0037	0.1102	0.3776	0.4721	0.0001	0.0987	0.0003	0.0000	0.0002	0.0003
PES1|O00541	0.0000	0.4708	0.0029	0.0000	0.0015	0.8365	0.6369	0.0000	0.0000	0.0000	0.0000	0.0003
CPEB2|Q7Z5Q1	0.0000	0.0052	0.0004	0.0000	0.3240	0.0008	0.0051	0.0000	0.0042	0.0000	0.0000	0.0001
FARSB|Q9NSD9	0.0000	0.0000	0.0001	0.9759	0.0000	0.0000	0.0000	0.0000	0.0000	0.0000	0.0001	0.0000
HNRNPL|P14866	0.0000	1.0000	0.0000	0.0000	0.9668	0.0000	0.0000	0.0000	0.0000	0.0000	0.0002	0.0000
PPP2R1A|P30153	0.0004	0.0319	0.0764	0.0464	0.1589	0.5447	0.0007	0.0432	0.0059	0.0047	0.0057	0.0017
CTPS1|P17812	0.0000	0.6239	0.0000	0.0000	0.0019	0.0123	0.0001	0.0004	0.0000	0.0000	0.0064	0.0000
ATIC|P31939	0.0000	0.0000	0.0001	0.9990	0.0000	0.0000	0.0000	0.0000	0.0000	0.0000	0.0000	0.0000
CANX|P27824	0.0000	0.0000	0.0000	0.9978	0.0000	0.0000	0.0000	0.0001	0.0000	0.0000	0.0000	0.0000
TAF15|Q92804	0.0058	0.4166	0.0001	0.0009	0.9983	0.0000	0.0000	0.0003	0.0000	0.0000	0.0000	0.0000
EPS8L3|Q8TE67	0.0001	0.9998	0.0009	0.0000	0.0096	0.0000	0.0000	0.0010	0.0000	0.0000	0.0000	0.0034
GATAD2B|Q8WXI9	0.9918	0.0003	0.0016	0.0000	0.0000	0.0000	0.0001	0.0000	0.0000	0.0000	0.0000	0.0000
MARS2|Q96GW9	0.0000	0.0031	0.0000	0.0000	0.0000	0.0405	0.0003	0.0024	0.0000	0.0000	0.0000	0.0000
RBM47|A0AV96	0.0000	0.9997	0.0004	0.0000	0.9664	0.0000	0.0000	0.0000	0.0000	0.0000	0.0000	0.0008
A1CF|Q9NQ94	0.0000	0.9884	0.0000	0.0000	0.9898	0.0000	0.0001	0.0000	0.0000	0.0000	0.0000	0.0000
FIP1L1|Q6UN15	0.0000	0.9999	0.0000	0.0000	0.0000	0.0000	0.0000	0.0000	0.0000	0.0000	0.0000	0.0000
NOP56|O00567	0.0000	0.8976	0.0002	0.0000	0.0003	0.0001	0.8564	0.0000	0.0000	0.0000	0.0000	0.0000
EEFSEC|P57772	0.0000	0.1491	0.0024	0.0000	0.0000	0.1427	0.0042	0.0361	0.0000	0.0000	0.0081	0.0000
KARS1|Q15046	0.0000	0.0000	0.0002	0.9140	0.0000	0.0000	0.0000	0.0000	0.0000	0.0000	0.0007	0.0000
RNGTT|O60942	0.0000	0.0139	0.0000	0.0000	0.0000	0.0000	0.0044	0.0000	0.0000	0.0000	0.0000	0.0000
SRRM3|A6NNA2	0.9928	0.0208	0.0000	0.0000	0.0000	0.0002	0.0002	0.0000	0.0000	0.0000	0.0000	0.0000
UTP6|Q9NYH9	0.0000	0.0004	0.0000	0.0000	0.0000	0.0000	0.9999	0.0000	0.0000	0.0000	0.0000	0.0000
CTIF|O43310	0.0017	0.0056	0.0002	0.0000	0.0005	0.0003	0.0008	0.0000	0.0001	0.0000	0.9807	0.0002
ABCE1|P61221	0.0000	0.0000	0.0000	0.9835	0.0000	0.0000	0.0000	0.0000	0.0000	0.0000	0.0000	0.0000
DDX52|Q9Y2R4	0.0000	0.0006	0.0000	0.0041	0.0000	0.0000	0.0000	0.5410	0.0000	0.0000	0.0792	0.0000
IGF2BP2|Q9Y6M1	0.0000	1.0000	0.0000	0.0000	0.9925	0.0000	0.0000	0.0000	0.0000	0.0000	0.0000	0.0001
DDX55|Q8NHQ9	0.0001	0.5307	0.0028	0.0000	0.0017	0.0018	0.8039	0.0005	0.0324	0.0000	0.0000	0.0000
INTS11|Q5TA45	0.0275	0.2613	0.0008	0.0000	0.0037	0.0001	0.0000	0.0002	0.0002	0.0000	0.0069	0.0008
MYEF2|Q9P2K5	0.0006	0.0007	0.0001	0.0562	0.9850	0.0000	0.0082	0.0000	0.0000	0.0000	0.0000	0.0000
CKAP4|Q07065	0.0000	0.0000	0.0000	0.1344	0.0000	0.0017	0.0000	0.0051	0.0000	0.0000	0.0000	0.0000
NEIL3|Q8TAT5	0.0000	0.0002	0.0000	0.0000	0.0000	0.9997	0.0001	0.0001	0.0000	0.0000	0.0000	0.0000
RAVER1|Q8IY67	0.0003	0.0916	0.0000	0.0000	0.0004	0.0002	0.7667	0.0000	0.0000	0.0000	0.0028	0.0000
WDR1|O75083	0.0000	0.0006	0.0000	0.0000	0.0000	0.0000	0.0000	0.0000	0.0000	0.0000	0.9989	0.0000
GNL1|P36915	0.0000	0.0000	0.0000	0.2598	0.0000	0.0000	0.0000	0.0000	0.0000	0.0000	0.0002	0.0000
RPN1|P04843	0.0000	0.0012	0.0000	0.9111	0.0000	0.0000	0.0000	0.0003	0.0000	0.0000	0.0016	0.0000
CARM1|Q86X55	0.0000	0.0133	0.0007	0.0000	0.9881	0.0000	0.0005	0.0000	0.0000	0.0000	0.0003	0.0002
TOMM70|O94826	0.0000	0.0007	0.0000	0.7001	0.0000	0.0000	0.0000	0.0000	0.0000	0.0000	0.0000	0.0000
PDE12|Q6L8Q7	0.0000	0.0000	0.0024	0.0000	0.0000	0.0000	0.9947	0.0000	0.0000	0.0000	0.0000	0.0000
XRCC6|P12956	0.0000	0.0021	0.0001	0.0000	0.0000	0.9995	0.0001	0.0001	0.0000	0.0000	0.0006	0.0000
ENOX2|Q16206	0.0000	0.0081	0.0003	0.0000	0.4598	0.0000	0.0000	0.3085	0.0000	0.0000	0.0031	0.0000
WDR46|O15213	0.0000	0.0002	0.0000	0.0000	0.0000	0.0011	0.9999	0.0000	0.0000	0.0000	0.0000	0.0000
EIF4B|P23588	0.0000	0.0240	0.0000	0.0000	0.9932	0.0000	0.0001	0.0000	0.0000	0.0000	0.0000	0.0000
LTA4H|P09960	0.0000	0.0000	0.0004	0.0000	0.0000	0.0002	0.0000	0.0371	0.0000	0.0000	0.5690	0.0000
SRRM4|A7MD48	0.9914	0.1545	0.0000	0.0000	0.0000	0.0123	0.0000	0.0000	0.0000	0.0000	0.0000	0.0000
DDX5|P17844	0.1104	0.5959	0.0003	0.0000	0.5125	0.0000	0.3754	0.0000	0.0000	0.0001	0.0024	0.0009
KHDC4|Q7Z7F0	0.0000	0.9876	0.0001	0.0000	0.0702	0.0000	0.0036	0.0000	0.0000	0.0000	0.0000	0.0001
LBR|Q14739	0.0000	0.0838	0.0000	0.0167	0.0000	0.0004	0.0000	0.0973	0.0000	0.0000	0.0002	0.0000
CSTF2T|Q9H0L4	0.0000	0.9998	0.0005	0.0000	0.9954	0.0000	0.0000	0.0001	0.0000	0.0000	0.0000	0.0000
RPA1|P27694	0.0000	0.0059	0.9996	0.0000	0.0002	0.0000	0.0000	0.0129	0.0000	0.0000	0.0000	0.0002
DCP1B|Q8IZD4	0.0000	0.9998	0.0000	0.0000	0.9930	0.0000	0.0000	0.0000	0.0000	0.0000	0.0000	0.0000
BUD13|Q9BRD0	0.0013	0.5993	0.0001	0.0000	0.0005	0.0025	0.5347	0.0000	0.0007	0.0000	0.0000	0.0000
DDX59|Q5T1V6	0.0000	0.0000	0.0000	0.0005	0.0780	0.0010	0.8251	0.0000	0.0000	0.0000	0.0000	0.0000
NXF1|Q9UBU9	0.0004	0.4315	0.0132	0.0000	0.7700	0.0917	0.0083	0.0163	0.0001	0.0000	0.0000	0.0005
PABPC1L|Q4VXU2	0.0000	0.3191	0.8745	0.0000	0.0967	0.0000	0.0000	0.0006	0.0000	0.0000	0.0000	0.0007
CFAP52|Q8N1V2	0.0000	0.0109	0.0004	0.0000	0.9458	0.0000	0.0000	0.0002	0.0000	0.0000	0.0000	0.0000
NCBP3|Q53F19	0.0000	0.5528	0.0000	0.0000	0.0004	0.1724	0.0034	0.0000	0.0000	0.0000	0.0000	0.0000
DNAJC2|Q99543	0.0000	0.0595	0.0016	0.0007	0.0007	0.0004	0.2659	0.0000	0.0000	0.0000	0.0003	0.0000
EXD2|Q9NVH0	0.0000	0.0001	0.0000	0.0000	0.0000	0.9999	0.0000	0.0026	0.0000	0.0000	0.0000	0.0000
FXR1|P51114	0.0000	0.9998	0.0000	0.0000	0.0490	0.0000	0.0000	0.0000	0.0000	0.0000	0.0000	0.0000
DDX41|Q9UJV9	0.0000	0.9993	0.0000	0.0000	0.0000	0.0000	0.0040	0.0000	0.0000	0.0000	0.0000	0.0000
ABCF2|Q9UG63	0.0000	0.9387	0.0000	0.0000	0.0000	0.0000	0.2502	0.0000	0.0000	0.0000	0.0000	0.0000
L3MBTL4|Q8NA19	0.0000	0.0463	0.0000	0.0000	0.0050	0.0029	0.0441	0.0000	0.0000	0.0000	0.0000	0.0000
SYNCRIP|O60506	0.0000	0.9970	0.0000	0.6791	0.9890	0.0000	0.0000	0.0000	0.0000	0.0000	0.0000	0.0005
TKT|P29401	0.0000	0.0002	0.0000	0.8811	0.0000	0.0000	0.0000	0.0018	0.0000	0.0000	0.0000	0.0000
FDXACB1|Q9BRP7	0.0000	0.2631	0.0037	0.0000	0.0000	0.0016	0.0732	0.0637	0.0000	0.0000	0.0007	0.0000
TRMT2A|Q8IZ69	0.0001	0.6250	0.4506	0.0000	0.1926	0.0000	0.0000	0.0008	0.0001	0.0000	0.0067	0.6182
NXF2|Q9GZY0	0.0000	0.9983	0.0005	0.0000	0.5687	0.0002	0.0013	0.0000	0.0000	0.0000	0.0000	0.0022
SAMHD1|Q9Y3Z3	0.0000	0.0000	0.0005	0.0000	0.0000	0.9996	0.0003	0.0001	0.0000	0.0000	0.0000	0.0000
SRP68|Q9UHB9	0.0000	0.2664	0.0000	0.0000	0.7886	0.0067	0.0178	0.0000	0.0000	0.0000	0.0000	0.0000
GSPT2|Q8IYD1	0.0000	0.0029	0.0026	0.0000	0.8612	0.0000	0.0000	0.0010	0.0082	0.0000	0.0000	0.0000
NELFB|Q8WX92	0.0000	0.0001	0.0000	0.0068	0.0000	0.0001	0.0076	0.1527	0.0000	0.0000	0.0000	0.0000
PLS3|P13797	0.0000	0.0252	0.0000	0.6578	0.0001	0.0000	0.0000	0.0018	0.0000	0.0000	0.0000	0.0000
TRIM25|Q14258	0.0000	0.0409	0.0027	0.0000	0.2250	0.0008	0.0000	0.0044	0.0000	0.0000	0.1009	0.0014
DDX53|Q86TM3	0.0000	0.0002	0.0970	0.0001	0.0000	0.0000	0.0000	0.0049	0.0000	0.0000	0.1459	0.0000
PABPC3|Q9H361	0.0000	0.9995	0.0000	0.0000	0.9771	0.0000	0.0000	0.0000	0.0000	0.0000	0.0000	0.0000
TBRG4|Q969Z0	0.0001	0.0001	0.0000	0.0001	0.0000	0.0000	0.1464	0.0000	0.0000	0.0000	0.0001	0.0000
FMR1|Q06787	0.0000	0.6585	0.0008	0.0000	0.4023	0.7306	0.1453	0.0001	0.0001	0.5449	0.0000	0.0000
HNRNPR|O43390	0.0000	0.9995	0.0000	0.0000	0.9961	0.0000	0.0000	0.0000	0.0000	0.0000	0.0000	0.0000
GTPBP4|Q9BZE4	0.0000	0.0000	0.0000	0.0000	0.0000	0.0000	1.0000	0.0000	0.0000	0.0000	0.0000	0.0000
NOP9|Q86U38	0.0000	0.0001	0.0001	0.0000	0.0001	0.9750	0.0161	0.0001	0.0000	0.0000	0.0000	0.0000
PABPC1|P11940	0.0000	0.9636	0.0018	0.0093	0.9960	0.0000	0.0000	0.0000	0.0000	0.0000	0.0000	0.0000
TP73|O15350	0.0000	0.0042	0.9995	0.0000	0.0010	0.0000	0.0000	0.0017	0.0000	0.0000	0.0000	0.9944
PAPOLB|Q9NRJ5	0.0000	0.0003	0.0131	0.0008	0.0064	0.0000	0.0000	0.0009	0.0000	0.0000	0.0000	0.0000
PRMT5|O14744	0.0000	0.1399	0.0003	0.0000	0.0019	0.9837	0.0001	0.0002	0.0000	0.0000	0.0000	0.0000
DYNC1I2|Q13409	0.0000	0.0001	0.0000	0.0074	0.0000	0.0010	0.0000	0.0007	0.0000	0.0000	0.0003	0.0000
SRPRA|P08240	0.0000	0.0000	0.0000	0.9137	0.0001	0.0000	0.0000	0.0064	0.0000	0.0000	0.0000	0.0000
HSPA2|P54652	0.0001	0.8689	0.0043	0.8973	0.0100	0.0000	0.0067	0.0000	0.0001	0.0000	0.0001	0.0000
PARN|O95453	0.0000	0.7683	0.0000	0.0000	0.9990	0.0001	0.0000	0.0000	0.0000	0.0000	0.0000	0.0000
SF1|Q15637	0.9576	0.1347	0.0000	0.0000	0.9902	0.0000	0.0094	0.0000	0.0000	0.0024	0.0000	0.0004
HSPA1A|P0DMV8	0.0000	0.7218	0.0000	0.9842	0.0068	0.0000	0.0013	0.0000	0.0000	0.0000	0.0000	0.0000
HSPA1B|P0DMV9	0.0000	0.7218	0.0000	0.9842	0.0068	0.0000	0.0013	0.0000	0.0000	0.0000	0.0000	0.0000
HSPA1L|P34931	0.0000	0.0000	0.0000	0.9989	0.0000	0.0000	0.0000	0.0000	0.0000	0.0000	0.0000	0.0000
WBP11|Q9Y2W2	0.0002	0.1427	0.0072	0.0061	0.0000	0.0000	0.0007	0.0000	0.0000	0.0000	0.0109	0.0001
ENOX1|Q8TC92	0.0009	0.0522	0.1384	0.0004	0.1641	0.0036	0.0000	0.8826	0.0006	0.0000	0.0012	0.0010
HSPA6|P17066	0.2110	0.0000	0.0000	0.9853	0.0000	0.0000	0.0000	0.0000	0.0006	0.0000	0.0000	0.0000
FUBP1|Q96AE4	0.0000	0.2216	0.0001	0.0000	0.9988	0.0001	0.0000	0.0012	0.0000	0.0000	0.0000	0.0013
PABPC4|Q13310	0.0000	0.9763	0.0004	0.8304	0.9193	0.0000	0.0000	0.0010	0.0000	0.0000	0.0000	0.0000
TTLL12|Q14166	0.0000	0.0002	0.0004	0.0349	0.0000	0.0001	0.0000	0.2760	0.0000	0.0000	0.0001	0.0000
DARS2|Q6PI48	0.0000	0.0000	0.0001	0.0000	0.0000	0.0268	0.3706	0.0279	0.0000	0.0000	0.0000	0.0000
PDIA4|P13667	0.0000	0.0003	0.0000	0.9460	0.0178	0.0000	0.0000	0.0000	0.0000	0.0000	0.0000	0.0000
SUGP1|Q8IWZ8	0.0000	0.0004	0.0000	0.0000	0.0000	0.9544	0.2703	0.0000	0.0000	0.0000	0.0000	0.0000
AKAP8L|Q9ULX6	0.9267	0.0258	0.6949	0.0000	0.8550	0.0003	0.0010	0.0047	0.0078	0.0000	0.0000	0.0010
HSPA8|P11142	0.0002	0.8076	0.0005	0.0337	0.5589	0.0001	0.6439	0.0000	0.0000	0.0000	0.0000	0.0000
PPWD1|Q96BP3	0.0000	0.0000	0.0000	0.0491	0.0000	0.0000	0.2936	0.0000	0.0000	0.0000	0.0003	0.0000
DDX43|Q9NXZ2	0.0000	0.7850	0.0005	0.0000	0.0014	0.0022	0.0674	0.0000	0.0000	0.0000	0.0000	0.0000
PUM3|Q15397	0.0000	0.0002	0.0000	0.0000	0.0000	0.9993	0.9994	0.0000	0.0000	0.0000	0.0000	0.0000
EML2|O95834	0.0000	0.0005	0.0003	0.8170	0.0000	0.0002	0.0000	0.0028	0.0000	0.0000	0.0032	0.0000
RECQL|P46063	0.0000	0.0000	0.0000	0.0000	0.9988	0.0000	0.0001	0.0000	0.0000	0.0000	0.0000	0.0000
TXNRD1|Q16881	0.0000	0.0007	0.0055	0.1444	0.0002	0.0356	0.1653	0.0003	0.0000	0.0000	0.0000	0.0000
DUS3L|Q96G46	0.0010	0.0148	0.0060	0.0000	0.0035	0.0000	0.8668	0.0000	0.0044	0.0000	0.0001	0.0001
MEX3D|Q86XN8	0.0000	0.9937	0.0000	0.0000	0.9969	0.0000	0.0000	0.0000	0.0000	0.0000	0.0000	0.0120
TDRD3|Q9H7E2	0.0000	0.7737	0.0000	0.0000	0.8005	0.0000	0.0000	0.0000	0.0000	0.0000	0.0007	0.0000
HSPA5|P11021	0.0000	0.9963	0.9984	0.0828	0.9185	0.0000	0.0000	0.0000	0.0000	0.0000	0.0000	0.0006
WDR70|Q9NW82	0.0000	0.0007	0.1849	0.1269	0.0009	0.0003	0.0000	0.0061	0.0002	0.0000	0.0000	0.0000
SRPK1|Q96SB4	0.0000	0.9998	0.0000	0.0000	0.0000	0.0000	0.0004	0.0000	0.0000	0.0000	0.0000	0.0000
ANKS3|Q6ZW76	0.0000	0.0002	0.0454	0.0001	0.0020	0.0002	0.0002	0.0007	0.0004	0.0000	0.1018	0.0001
EWSR1|Q01844	0.0040	0.5701	0.0055	0.0000	0.6115	0.0003	0.0162	0.0001	0.0002	0.0002	0.0011	0.0016
THOC1|Q96FV9	0.0000	0.0000	0.0001	0.0000	0.0000	0.9963	0.0047	0.0000	0.0000	0.0000	0.0000	0.0000
LSG1|Q9H089	0.0000	0.0003	0.0000	0.0000	0.0000	0.0000	0.0013	0.0026	0.9983	0.0000	0.0000	0.0000
MEX3C|Q5U5Q3	0.0000	0.0006	0.0000	0.0000	0.9923	0.0000	0.0000	0.0000	0.0000	0.0000	0.0000	0.0002
TRMT1|Q9NXH9	0.0000	0.2309	0.0000	0.0000	0.6710	0.0548	0.0371	0.0000	0.0000	0.0000	0.0000	0.0000
DDX3Y|O15523	0.0000	0.8700	0.0000	0.0000	0.9978	0.0000	0.0000	0.0000	0.0000	0.0000	0.0024	0.0000
RARS1|P54136	0.0000	0.0013	0.0000	0.9195	0.0000	0.0000	0.0000	0.0000	0.0000	0.0000	0.0000	0.0000
SCMH1|Q96GD3	0.0000	0.0001	0.0000	0.0000	0.0000	0.2928	0.0039	0.0046	0.0001	0.0000	0.0059	0.0000
PUS7|Q96PZ0	0.0000	0.7953	0.0002	0.0000	0.3277	0.0000	0.0237	0.0000	0.0001	0.0000	0.0000	0.0000
DDX3X|O00571	0.0000	0.1239	0.0000	0.0000	0.9910	0.0000	0.0000	0.0031	0.0000	0.0000	0.0324	0.0000
FASTKD3|Q14CZ7	0.0000	0.0347	0.0011	0.0000	0.0000	0.0088	0.1421	0.0002	0.0000	0.0000	0.0000	0.0000
ALKBH8|Q96BT7	0.0002	0.0000	0.0000	0.0000	0.0005	0.0996	0.0007	0.0008	0.0000	0.0000	0.0000	0.0000
LMNA|P02545	0.9945	0.1775	0.0045	0.0000	0.0015	0.0000	0.0007	0.0000	0.0037	0.0000	0.0000	0.0002
RPAP3|Q9H6T3	0.0000	0.0000	0.0000	0.0001	0.0000	0.0008	0.0448	0.0000	0.0000	0.0000	0.1006	0.0000
DDX51|Q8N8A6	0.0000	0.0001	0.0000	0.0000	0.0000	0.0003	1.0000	0.0000	0.0000	0.0000	0.0000	0.0000
LEO1|Q8WVC0	0.0000	0.4924	0.0001	0.0000	0.0002	0.0004	0.7974	0.0000	0.0003	0.0000	0.0000	0.0000
MTA2|O94776	0.0001	0.0000	0.0011	0.0804	0.0000	0.0070	0.0000	0.0086	0.0000	0.0000	0.0000	0.0000
GTPBP1|O00178	0.0000	0.0014	0.0079	0.0001	0.0002	0.1320	0.0000	0.0285	0.0000	0.0000	0.0012	0.0000
GUF1|Q8N442	0.0000	0.4008	0.0000	0.0002	0.0000	0.0000	0.0036	0.0006	0.0000	0.0000	0.0014	0.0000
PRPF39|Q86UA1	0.0000	0.9077	0.0128	0.0000	0.7355	0.0000	0.0000	0.0001	0.0001	0.0000	0.0000	0.0520
RBM14|Q96PK6	0.0000	0.0105	0.0000	0.0000	0.0000	0.0025	0.9966	0.0000	0.0005	0.0000	0.0000	0.0000
DDX18|Q9NVP1	0.0000	0.9737	0.0006	0.0000	0.0000	0.0000	0.0054	0.0000	0.0000	0.0000	0.0014	0.0000
HDGFL2|Q7Z4V5	0.0000	0.0210	0.0007	0.0000	0.0000	0.0029	0.3913	0.0000	0.0000	0.0000	0.3154	0.0000
SRP72|O76094	0.0000	0.0319	0.0000	0.0000	0.9999	0.0000	0.0000	0.0000	0.0000	0.0000	0.0000	0.0000
STRBP|Q96SI9	0.0000	1.0000	0.0000	0.0000	0.0001	0.0000	0.0000	0.0000	0.0000	0.0000	0.0000	0.0000
ANXA6|P08133	0.0000	0.0016	0.0000	0.9989	0.9895	0.0000	0.0000	0.0000	0.0000	0.0000	0.0000	0.0002
ARMC8|Q8IUR7	0.0000	0.0000	0.0028	0.0022	0.1435	0.0000	0.0030	0.0014	0.0000	0.0000	0.0000	0.0000
FXR2|P51116	0.0000	0.9999	0.0003	0.2283	0.9862	0.0000	0.0000	0.0000	0.0000	0.0000	0.0000	0.0000
SAMD15|Q9P1V8	0.0000	0.0031	0.0598	0.0000	0.0590	0.0203	0.0000	0.0054	0.0001	0.0000	0.0074	0.0002
WDR43|Q15061	0.0000	0.0000	0.0012	0.0000	0.0000	0.0013	0.9604	0.0001	0.2349	0.0000	0.0000	0.0000
DHX58|Q96C10	0.0000	0.0711	0.0000	0.0000	0.9912	0.0007	0.0000	0.0001	0.0000	0.0000	0.0000	0.0000
HSPA9|P38646	0.0002	0.8629	0.0038	0.0869	0.3755	0.0000	0.3068	0.0000	0.0000	0.0000	0.0000	0.0000
HEATR3|Q7Z4Q2	0.0000	0.0000	0.0000	0.0000	0.0000	0.8467	0.9975	0.0002	0.0001	0.0000	0.0000	0.0000
TP63|Q9H3D4	0.0002	0.0042	0.0001	0.0000	0.0077	0.0000	0.0000	0.0429	0.0080	0.0000	0.0000	0.0015
UNKL|Q9H9P5	0.0002	0.8835	0.4611	0.0000	0.7284	0.0000	0.0000	0.0000	0.0015	0.0000	0.0000	0.0253
ESRP1|Q6NXG1	0.0000	0.0151	0.1182	0.0003	0.0001	0.0000	0.0000	0.0001	0.0000	0.0000	0.5631	0.0000
MPHOSPH10|O00566	0.0000	0.0000	0.0000	0.0000	0.0000	0.9818	1.0000	0.0000	0.0000	0.0000	0.0000	0.0000
SAMD11|Q96NU1	0.0000	0.9445	0.0000	0.0000	0.0001	0.0018	0.0002	0.0000	0.0000	0.0000	0.7865	0.0002
PRPF3|O43395	0.9856	0.0018	0.0003	0.0000	0.0000	0.0000	0.0017	0.0000	0.0005	0.0000	0.0000	0.0000
THOC5|Q13769	0.0000	0.1810	0.0000	0.0000	0.0002	0.3914	0.0491	0.0000	0.0000	0.0000	0.0000	0.0000
CPSF3|Q9UKF6	0.0000	0.0210	0.0001	0.0000	0.9827	0.0000	0.0068	0.0000	0.0000	0.0000	0.0000	0.0000
HBS1L|Q9Y450	0.0000	0.9118	0.0003	0.0000	0.2611	0.0003	0.0003	0.0002	0.0000	0.0000	0.3454	0.0022
STIM1|Q13586	0.0000	0.0142	0.0000	0.0000	0.0000	0.0000	0.0113	0.0000	0.0000	0.0000	0.9487	0.0000
UTP4|Q969X6	0.0000	0.0000	0.0000	0.0000	0.0000	0.9996	0.9985	0.0045	0.0000	0.0000	0.0000	0.0000
SDAD1|Q9NVU7	0.0000	0.0028	0.0000	0.0000	0.0000	0.0000	0.9999	0.0000	0.0000	0.0000	0.0000	0.0000
NOL10|Q9BSC4	0.0000	0.0010	0.0000	0.0000	0.0000	0.0000	0.9998	0.0000	0.0000	0.0000	0.0000	0.0000
SRPK2|P78362	0.0000	0.0088	0.0000	0.9393	0.0000	0.0000	0.0000	0.0000	0.0000	0.0000	0.0000	0.0000
MEPCE|Q7L2J0	0.0000	0.1140	0.0172	0.0000	0.0000	0.0001	0.0009	0.0000	0.0000	0.0000	0.5249	0.0001
PTCD3|Q96EY7	0.0000	0.0003	0.0064	0.1530	0.0000	0.0003	0.0097	0.0006	0.0047	0.0000	0.0001	0.0000
NKRF|O15226	0.0000	0.0001	0.0000	0.0000	0.0000	0.0000	0.9998	0.0000	0.0000	0.0000	0.0000	0.0000
ERI2|A8K979	0.0000	0.0203	0.0000	0.0000	0.0000	0.1055	0.4828	0.0000	0.0000	0.0000	0.0000	0.0000
RAVER2|Q9HCJ3	0.0001	0.0006	0.0000	0.0000	0.0001	0.0000	0.0001	0.0000	0.0000	0.0000	0.6642	0.0001
AKAP8|O43823	0.0000	0.0000	0.0000	0.0000	0.0000	0.0000	1.0000	0.0000	0.0000	0.0000	0.0000	0.0000
GMPS|P49915	0.0000	0.0653	0.0000	0.0188	0.0000	0.0000	0.0000	0.0006	0.0000	0.0000	0.0367	0.0000
SAMD4B|Q5PRF9	0.0000	0.0000	0.0000	0.0000	0.9748	0.0001	0.0000	0.0328	0.0000	0.0000	0.0002	0.0000
TMPO|P42166	0.0001	0.0004	0.0000	0.0000	0.0000	0.9997	0.0000	0.0001	0.0000	0.0000	0.0000	0.0000
AKAP17A|Q02040	0.9968	0.0008	0.0000	0.0000	0.0000	0.0000	0.0000	0.0000	0.0000	0.0000	0.0716	0.0000
NUFIP2|Q7Z417	0.0000	1.0000	0.0000	0.0000	0.9883	0.0000	0.0000	0.0000	0.0000	0.0000	0.0000	0.0000
CPEB3|Q8NE35	0.0000	1.0000	0.0000	0.0000	0.9908	0.0000	0.0000	0.0000	0.0000	0.0000	0.0000	0.0000
GLE1|Q53GS7	0.0000	1.0000	0.0000	0.0000	0.9270	0.0000	0.0000	0.0000	0.0000	0.0000	0.0000	0.0000
NOA1|Q8NC60	0.0000	0.0001	0.0000	0.0001	0.0000	0.0021	0.0003	0.0006	0.0000	0.0000	0.0006	0.0000
NOLC1|Q14978	0.0001	0.1432	0.0000	0.0000	0.6541	0.0007	0.4857	0.0000	0.0000	0.0000	0.0129	0.0000
PTCD1|O75127	0.0000	0.0000	0.0000	0.0000	0.0000	0.0001	0.0000	0.1647	0.0000	0.0000	0.0867	0.0000
SCML2|Q9UQR0	0.0000	0.0202	0.0000	0.0000	0.0003	0.0000	0.0000	0.0000	0.0000	0.0000	0.9999	0.0000
PARP12|Q9H0J9	0.0000	0.9999	0.0007	0.0000	0.9791	0.0000	0.0000	0.0000	0.0000	0.0000	0.0000	0.8267
PUS7L|Q9H0K6	0.0372	0.3115	0.0005	0.0000	0.0396	0.8616	0.0521	0.0001	0.0002	0.0001	0.0000	0.0002
NOL9|Q5SY16	0.0000	0.0001	0.0000	0.0000	0.0000	0.0000	0.9999	0.0000	0.0000	0.0000	0.0000	0.0000
CASC3|O15234	0.7873	0.9256	0.0002	0.0000	0.9895	0.0008	0.0033	0.0000	0.0004	0.5524	0.0000	0.0026
DHX35|Q9H5Z1	0.0000	0.0002	0.0011	0.0012	0.0000	0.0000	0.0403	0.0001	0.0000	0.0000	0.0000	0.0000
KRI1|Q8N9T8	0.0000	0.0987	0.0008	0.0000	0.0003	0.0773	0.0074	0.0010	0.0000	0.0000	0.0000	0.0000
TRAP1|Q12931	0.0000	0.0001	0.0000	0.1843	0.0000	0.0000	0.0001	0.0020	0.0003	0.0000	0.0002	0.0000
KIF2A|O00139	0.0000	0.0018	0.0000	0.9272	0.0000	0.0000	0.0000	0.0010	0.0000	0.0000	0.0000	0.0000
CLPB|Q9H078	0.0000	0.0092	0.2183	0.0000	0.0000	0.0000	0.7916	0.0000	0.0000	0.0000	0.0000	0.0000
DHX33|Q9H6R0	0.0000	0.0000	0.0000	0.0000	0.0000	0.0000	0.9999	0.0000	0.0000	0.0000	0.0000	0.0000
SFPQ|P23246	0.9971	0.0063	0.0004	0.0000	0.4508	0.0005	0.0000	0.0002	0.0017	0.0000	0.0004	0.4114
ZCCHC8|Q6NZY4	0.0000	0.0004	0.0046	0.0000	0.0000	0.0036	0.0004	0.0490	0.0006	0.0000	0.0001	0.0000
CAST|P20810	0.0000	0.0000	0.0000	0.0000	0.0000	0.0001	0.0030	0.0000	0.0000	0.0000	0.0788	0.0000
PEG10|Q86TG7	0.0000	0.9998	0.0000	0.0000	0.9080	0.0000	0.0000	0.0000	0.0000	0.0000	0.0000	0.0000
ZRANB1|Q9UGI0	0.0000	0.0014	0.0075	0.0000	0.0030	0.0060	0.0000	0.0023	0.0000	0.0000	0.0003	0.0001
ABCF3|Q9NUQ8	0.0000	0.0000	0.0000	0.9292	0.0000	0.0000	0.0001	0.0004	0.0000	0.0000	0.0001	0.0000
CAPRIN1|Q14444	0.0000	1.0000	0.0000	0.0000	0.2799	0.0000	0.0000	0.0000	0.0000	0.0000	0.0000	0.0000
SSRP1|Q08945	0.0000	0.0027	0.0000	0.0000	0.0000	0.9995	0.8256	0.0000	0.0000	0.0000	0.0000	0.0000
FASTKD2|Q9NYY8	0.0001	0.0000	0.0409	0.0000	0.0003	0.0246	0.0794	0.0052	0.0002	0.0000	0.0000	0.0000
NCL|P19338	0.0000	0.0004	0.0000	0.0000	0.0000	0.0000	1.0000	0.0000	0.0000	0.0000	0.0000	0.0000
RTF1|Q92541	0.0000	0.0000	0.0000	0.0002	0.0000	0.0290	0.9980	0.0000	0.0000	0.0000	0.0000	0.0000
DDHD2|O94830	0.0000	0.0001	0.0001	0.0010	0.0000	0.0086	0.0000	0.1014	0.0000	0.0000	0.0000	0.0000
KHSRP|Q92945	0.0000	0.9997	0.0000	0.0000	0.9913	0.0000	0.0000	0.0000	0.0000	0.0000	0.0018	0.8783
CSTF3|Q12996	0.0000	0.0014	0.0001	0.9795	0.0000	0.0000	0.0028	0.0000	0.0004	0.0000	0.0000	0.0000
DQX1|Q8TE96	0.0000	0.0000	0.0002	0.0000	0.0000	0.0000	0.1252	0.0008	0.0003	0.0000	0.0001	0.0000
PNN|Q9H307	0.5821	0.0047	0.0000	0.0000	0.0000	0.0000	0.0000	0.0000	0.0000	0.0000	1.0000	0.0000
NSUN7|Q8NE18	0.0000	0.3227	0.0000	0.0000	0.0000	0.0000	0.0005	0.0028	0.0005	0.0000	0.0000	0.0000
SAMD4A|Q9UPU9	0.0000	0.0242	0.0000	0.0000	0.7220	0.0104	0.0000	0.1139	0.0000	0.0000	0.0001	0.0000
TARS2|Q9BW92	0.0000	0.8763	0.0002	0.0000	0.0000	0.0042	0.0022	0.0193	0.0000	0.0000	0.0000	0.0000
NOL11|Q9H8H0	0.0000	0.0003	0.0002	0.0000	0.0000	0.0000	0.9998	0.0001	0.0001	0.0000	0.0000	0.0000
OAS2|P29728	0.0000	0.0490	0.0000	0.0000	0.9452	0.0000	0.0037	0.0000	0.0000	0.0000	0.0002	0.0000
CNKSR1|Q969H4	0.0000	0.9981	0.0001	0.0000	0.0002	0.0001	0.0000	0.0037	0.0001	0.0000	0.0000	0.0000
EIF2B5|Q13144	0.0000	0.1779	0.0071	0.0000	0.1319	0.0000	0.0079	0.0023	0.0001	0.0000	0.0000	0.0001
EPS8L1|Q8TE68	0.0000	0.3046	0.0000	0.0011	0.0000	0.0000	0.0001	0.0000	0.0000	0.0000	0.0542	0.0000
LRSAM1|Q6UWE0	0.0010	0.3630	0.0018	0.0000	0.0122	0.6694	0.0002	0.0020	0.0000	0.0000	0.0000	0.0002
TARS1|P26639	0.0000	0.9881	0.0011	0.0000	0.8568	0.0000	0.0000	0.0001	0.0000	0.0000	0.0003	0.0000
DDX4|Q9NQI0	0.0000	0.9996	0.0000	0.0000	0.0000	0.0000	0.0010	0.0012	0.0000	0.0000	0.0000	0.0000
HSP90AB1|P08238	0.0000	0.9997	0.0000	0.0000	0.9987	0.0000	0.0000	0.0000	0.0000	0.0000	0.0000	0.0000
LARP4|Q71RC2	0.0000	0.0001	0.0000	0.0000	0.9920	0.0000	0.0011	0.0000	0.0000	0.0000	0.0000	0.0000
SARM1|Q6SZW1	0.0000	0.0096	0.0000	0.2112	0.0388	0.0000	0.0000	0.0000	0.0000	0.0000	0.0105	0.0000
CCNT1|O60563	0.9985	0.0001	0.0000	0.0000	0.0000	0.0001	0.0000	0.0000	0.0008	0.0000	0.0000	0.0000
CTCF|P49711	0.0000	0.0000	0.0002	0.0000	0.0000	0.9995	0.0002	0.0000	0.0000	0.0000	0.0000	0.0000
ESRP2|Q9H6T0	0.0000	0.1173	0.4935	0.0006	0.0741	0.0000	0.0000	0.0011	0.0000	0.0000	0.0005	0.0384
MTIF2|P46199	0.0000	0.0090	0.0001	0.0000	0.0000	0.0001	0.8460	0.0000	0.0000	0.0000	0.0000	0.0000
PLOD1|Q02809	0.0000	0.9267	0.0000	0.0000	0.0027	0.0000	0.0002	0.0000	0.0000	0.0000	0.0002	0.0000
YTHDC1|Q96MU7	0.9923	0.0533	0.0003	0.0000	0.0000	0.0001	0.0002	0.0000	0.0001	0.0000	0.0001	0.0000
CPEB4|Q17RY0	0.0000	0.9997	0.0000	0.0000	0.9195	0.0000	0.0000	0.0000	0.0000	0.0000	0.0000	0.0000
DDX17|Q92841	0.0000	0.6995	0.0001	0.0213	0.0014	0.0000	0.7360	0.0000	0.0002	0.0000	0.0000	0.0000
HNRNPM|P52272	0.0016	0.7372	0.0011	0.1577	0.4775	0.0047	0.4135	0.0001	0.0005	0.0116	0.0004	0.0000
GNL2|Q13823	0.0000	0.0002	0.0000	0.0000	0.0000	0.0017	0.9997	0.0000	0.0000	0.0000	0.0000	0.0000
HSP90AA1|P07900	0.0000	0.0028	0.0000	0.9827	0.9989	0.0000	0.0000	0.0000	0.0000	0.0000	0.0000	0.0000
XRCC5|P13010	0.0000	0.0000	0.0000	0.0000	0.0000	0.9980	0.9999	0.0000	0.0000	0.0000	0.0000	0.0000
TRMT1L|Q7Z2T5	0.0000	0.0012	0.0000	0.0001	0.0000	0.6913	0.0073	0.0000	0.0005	0.0000	0.0001	0.0000
LAS1L|Q9Y4W2	0.0000	0.0023	0.0000	0.0000	0.0000	0.0019	0.9964	0.0077	0.0004	0.0000	0.0000	0.0000
MCM5|P33992	0.0000	0.0225	0.0001	0.0000	0.1908	0.9335	0.0000	0.0047	0.0000	0.0000	0.0000	0.0003
PAPOLG|Q9BWT3	0.0000	0.0072	0.0000	0.9918	0.0000	0.0000	0.0000	0.0000	0.0000	0.0000	0.0000	0.0000
ZC3H14|Q6PJT7	0.9689	0.0003	0.0000	0.0000	0.9531	0.0000	0.0002	0.0000	0.0000	0.0000	0.0000	0.0000
DDX50|Q9BQ39	0.0000	0.8927	0.0000	0.0000	0.4033	0.0016	0.2510	0.0000	0.0000	0.0000	0.0000	0.0000
LARP4B|Q92615	0.0000	1.0000	0.0000	0.0000	0.9595	0.0000	0.0000	0.0000	0.0000	0.0000	0.0000	0.0000
ADARB2|Q9NS39	0.0000	0.0026	0.0000	0.0000	0.0001	0.0000	0.9991	0.0000	0.0000	0.0000	0.0000	0.0000
GARS1|P41250	0.0000	0.0002	0.0000	0.0012	0.0000	0.0000	0.0000	0.0000	0.0000	0.0000	0.0223	0.0000
DDX1|Q92499	0.0000	0.0356	0.0000	0.0000	0.9921	0.0008	0.0000	0.0003	0.0000	0.0000	0.0000	0.0000
ADARB1|P78563	0.0000	0.0017	0.0039	0.0000	0.0000	0.0342	0.8035	0.0051	0.0001	0.0000	0.0000	0.0000
SLC4A1AP|Q9BWU0	0.0002	0.3608	0.0005	0.0000	0.0631	0.5175	0.1412	0.0000	0.0000	0.0000	0.0000	0.0001
DHX32|Q7L7V1	0.0000	0.0267	0.0003	0.0000	0.0015	0.0000	0.0000	0.0053	0.0000	0.0000	0.0000	0.0000
CNOT10|Q9H9A5	0.0000	0.9999	0.0000	0.0000	0.9864	0.0001	0.0000	0.0000	0.0000	0.0000	0.0000	0.0001
DAZ1|Q9NQZ3	0.0001	0.2033	0.0000	0.0000	0.9801	0.6911	0.0000	0.0000	0.0000	0.0000	0.0000	0.0010
JUP|P14923	0.0000	0.0000	0.0000	0.0000	0.0000	0.0000	0.0000	0.0000	0.0000	0.0000	1.0000	0.0000
PAPOLA|P51003	0.0000	0.0006	0.0002	0.0040	0.0000	0.0012	0.0516	0.0007	0.0000	0.0000	0.0000	0.0000
BOP1|Q14137	0.0000	0.0000	0.0000	0.0000	0.0000	0.0004	1.0000	0.0000	0.0000	0.0000	0.0000	0.0000
HNRNPUL2-BSCL2|H3BQZ7	0.0000	0.8620	0.0000	0.0000	0.9981	0.0000	0.0000	0.0000	0.0000	0.0000	0.0000	0.0000
STIM2|Q9P246	0.0000	0.0410	0.0000	0.0000	0.0000	0.5789	0.0009	0.1105	0.0000	0.0000	0.0234	0.0000
HNRNPUL2|Q1KMD3	0.0000	0.8980	0.0000	0.0000	0.9967	0.0001	0.0001	0.0000	0.0000	0.0000	0.0000	0.0000
PKP1|Q13835	0.0000	0.0000	0.0000	0.0000	0.0000	0.0000	0.0000	0.0000	0.0000	0.0000	1.0000	0.0000
TPX2|Q9ULW0	0.0000	0.0824	0.0036	0.0000	0.0049	0.7905	0.0063	0.0002	0.0000	0.0000	0.0000	0.0000
CARS1|P49589	0.0000	0.0184	0.0000	0.0000	0.0008	0.0401	0.0142	0.2723	0.0000	0.0000	0.0000	0.0000
ATP5MF-PTCD1|G3V325	0.0000	0.0267	0.0000	0.0001	0.0011	0.0000	0.0000	0.4873	0.0000	0.0000	0.0000	0.0000
NOC2L|Q9Y3T9	0.0000	0.0006	0.0000	0.0000	0.0000	0.0003	0.9998	0.0000	0.0000	0.0000	0.0000	0.0000
GFM1|Q96RP9	0.0000	0.0017	0.0000	0.0000	0.0000	0.0011	0.0000	0.0111	0.0000	0.0000	0.0005	0.0000
CNOT3|O75175	0.0000	0.9999	0.0000	0.0000	0.0003	0.0000	0.0000	0.0006	0.0000	0.0000	0.0000	0.0000
STRN4|Q9NRL3	0.0000	0.0000	0.0000	0.8153	0.0000	0.0001	0.0000	0.0054	0.0000	0.0000	0.0000	0.0000
PPIG|Q13427	0.9576	0.1288	0.0016	0.0000	0.6191	0.0000	0.0003	0.0000	0.0001	0.0000	0.0002	0.0002
ANAPC5|Q9UJX4	0.0000	0.0581	0.0000	0.0007	0.0000	0.0000	0.0000	0.0001	0.0000	0.0000	0.0004	0.0000
HTATSF1|O43719	0.0000	0.0043	0.0012	0.0000	0.0053	0.0000	0.0121	0.0000	0.0004	0.0000	0.6979	0.0000
TRIM56|Q9BRZ2	0.0000	1.0000	0.0007	0.0000	0.9579	0.0000	0.0000	0.0000	0.0000	0.0000	0.0000	0.0016
DNTTIP2|Q5QJE6	0.0000	0.0010	0.0000	0.0000	0.0059	0.7808	0.8998	0.0000	0.0000	0.0000	0.0000	0.0000
UTP25|Q68CQ4	0.0000	0.0000	0.0000	0.0000	0.0000	0.0008	0.9999	0.0000	0.0000	0.0000	0.0000	0.0000
ASCC2|Q9H1I8	0.9908	0.0001	0.0000	0.0000	0.0000	0.0000	0.0000	0.0000	0.0000	0.0000	0.0007	0.0000
TRMT44|Q8IYL2	0.0000	0.0002	0.0002	0.0000	0.0000	0.0012	0.9982	0.0013	0.0000	0.0000	0.0000	0.0000
CACTIN|Q8WUQ7	0.0893	0.0193	0.0000	0.0000	0.0014	0.8695	0.3156	0.0000	0.0002	0.0000	0.0000	0.0000
MAPT|P10636	0.9577	0.0081	0.0000	0.9642	0.9899	0.0000	0.0000	0.0000	0.0002	0.0000	0.0000	0.0001
RRP1B|Q14684	0.0000	1.0000	0.0000	0.0000	0.0000	0.0000	0.0000	0.0000	0.0000	0.0000	0.0000	0.0000
RBM28|Q9NW13	0.0000	0.9278	0.0000	0.0000	0.0004	0.0035	0.6939	0.0000	0.0000	0.0000	0.0000	0.0000
ERCC2|P18074	0.0000	0.9703	0.0241	0.0009	0.0001	0.0000	0.0000	0.0016	0.0000	0.0000	0.0000	0.0000
SEC63|Q9UGP8	0.0000	0.0001	0.0095	0.0010	0.0000	0.0073	0.0026	0.0052	0.0000	0.0000	0.0003	0.0000
HADHA|P40939	0.0000	0.0005	0.0000	0.9925	0.0000	0.0000	0.0000	0.0000	0.0000	0.0000	0.0000	0.0000
FASTKD5|Q7L8L6	0.0000	0.0053	0.0002	0.0000	0.0000	0.0012	0.2146	0.0002	0.0000	0.0000	0.0004	0.0000
UBTF|P17480	0.0000	0.0000	0.0000	0.0000	0.0000	0.0004	1.0000	0.0000	0.0000	0.0000	0.0000	0.0000
DDX27|Q96GQ7	0.0000	0.7743	0.0000	0.0000	0.0000	0.0003	0.8416	0.0000	0.0000	0.0000	0.0000	0.0000
SEC23A|Q15436	0.0000	0.0174	0.0000	0.8722	0.9956	0.0000	0.0000	0.0000	0.0000	0.0000	0.0000	0.0000
TOP1|P11387	0.0000	0.0004	0.0000	0.0000	0.0000	0.0002	0.9999	0.0000	0.0000	0.0000	0.0000	0.0000
UTP14C|Q5TAP6	0.0000	0.0005	0.0000	0.0000	0.0000	0.0000	0.9999	0.0000	0.0000	0.0000	0.0000	0.0000
NSUN2|Q08J23	0.0000	0.0787	0.0000	0.0000	0.2101	0.0041	0.9413	0.0000	0.0000	0.0000	0.0000	0.0001
SEC23B|Q15437	0.0000	0.0000	0.0000	0.8387	0.0924	0.0000	0.0000	0.0000	0.0000	0.0000	0.0066	0.0001
PATL1|Q86TB9	0.0237	0.9969	0.0003	0.0000	0.1171	0.0000	0.0006	0.0000	0.0001	0.0000	0.0000	0.0000
TTC14|Q96N46	0.9913	0.0000	0.0016	0.0000	0.0000	0.0005	0.0000	0.0000	0.0005	0.0000	0.0102	0.0005
UTP14A|Q9BVJ6	0.0000	0.0001	0.0000	0.0000	0.0001	0.0163	0.9999	0.0000	0.0000	0.0000	0.0000	0.0000
ELOA|Q14241	0.0002	0.8584	0.0000	0.0000	0.0498	0.0000	0.0003	0.0000	0.0000	0.0000	0.1242	0.0003
DGCR8|Q8WYQ5	0.2085	0.8890	0.0059	0.0000	0.0009	0.0000	0.3982	0.0000	0.0002	0.0000	0.0000	0.0000
REXO5|Q96IC2	0.0003	0.0120	0.0028	0.0000	0.0189	0.4034	0.2765	0.0111	0.0034	0.0000	0.0000	0.0022
KAZN|Q674X7	0.0000	0.0136	0.1390	0.0000	0.0000	0.0004	0.0000	0.0062	0.0000	0.0000	0.9746	0.0000
QARS1|P47897	0.0000	0.0000	0.0003	0.9015	0.0000	0.0000	0.0001	0.0000	0.0000	0.0000	0.0000	0.0000
DHX40|Q8IX18	0.0000	0.6662	0.0000	0.0000	0.0000	0.0000	0.0001	0.0000	0.0000	0.0000	0.0000	0.0000
GFM2|Q969S9	0.0000	0.8938	0.0000	0.0039	0.8262	0.0000	0.0000	0.0001	0.0000	0.0000	0.0000	0.0000
ACO2|Q99798	0.0000	0.0000	0.0000	0.8768	0.0000	0.0000	0.0000	0.0018	0.0000	0.0000	0.0000	0.0000
L3MBTL3|Q96JM7	0.0001	0.8208	0.0001	0.0000	0.0097	0.0082	0.0001	0.0001	0.0000	0.0000	0.0000	0.0000
STRN|O43815	0.0000	0.0156	0.0020	0.0000	0.0000	0.0025	0.4158	0.0005	0.0000	0.0000	0.0087	0.0000
GCFC2|P16383	0.0000	0.0003	0.0000	0.0000	0.0000	0.0000	1.0000	0.0000	0.0000	0.0000	0.0000	0.0000
CPSF2|Q9P2I0	0.0000	1.0000	0.0001	0.0000	0.0000	0.0000	0.0000	0.0002	0.0000	0.0000	0.0000	0.0000
ERCC3|P19447	0.0101	0.0058	0.0000	0.0000	0.0000	0.0058	0.0991	0.0000	0.0000	0.0000	0.0000	0.0000
DDX21|Q9NR30	0.0001	0.8818	0.0000	0.0000	0.1438	0.0051	0.3862	0.0000	0.0000	0.0000	0.0000	0.0000
PNPT1|Q8TCS8	0.0001	0.1192	0.0000	0.0000	0.9930	0.0000	0.0000	0.0004	0.0000	0.0000	0.0000	0.0001
PFKP|Q01813	0.0000	0.0000	0.0000	0.9665	0.0000	0.0019	0.0000	0.0000	0.0000	0.0000	0.0000	0.0000
IFI16|Q16666	0.0000	0.0000	0.0000	0.0000	0.0000	0.7052	0.0091	0.0000	0.0000	0.0000	0.0110	0.0000
SUN1|O94901	0.0000	0.0043	0.0000	0.0003	0.3653	0.0002	0.0252	0.0000	0.0000	0.0000	0.0024	0.0000
SUPV3L1|Q8IYB8	0.0000	0.2970	0.0001	0.0000	0.0000	0.0000	0.0000	0.0010	0.0000	0.0000	0.0022	0.0000
NASP|P49321	0.0000	0.0002	0.0003	0.6861	0.0022	0.0004	0.0000	0.0491	0.0000	0.0000	0.0021	0.0000
NCBP1|Q09161	0.4719	0.9987	0.0000	0.0000	0.0000	0.0000	0.0001	0.0000	0.0000	0.0000	0.0000	0.0000
TENT4A|Q5XG87	0.0000	0.4566	0.0036	0.0000	0.1595	0.0047	0.0000	0.0001	0.0000	0.0000	0.0917	0.0009
CALD1|Q05682	0.0000	0.0040	0.0000	0.0002	0.1728	0.0000	0.0000	0.0119	0.0000	0.0000	0.0058	0.0000
SF3A1|Q15459	0.9998	0.0218	0.0000	0.0000	0.0000	0.0000	0.0000	0.0000	0.0000	0.0000	0.0000	0.0000
ALDH18A1|P54886	0.0000	0.0001	0.0000	0.0000	0.9967	0.0002	0.0000	0.0001	0.0000	0.0000	0.0000	0.0000
CDK11B|P21127	0.2807	0.3886	0.0000	0.0016	0.4999	0.0003	0.0106	0.0003	0.0666	0.0006	0.0101	0.0013
DHX15|O43143	0.0000	0.9994	0.0000	0.0000	0.0000	0.0000	0.0001	0.0000	0.0000	0.0000	0.0015	0.0000
PLAA|Q9Y263	0.0000	0.0820	0.0000	0.0000	0.0008	0.0415	0.0002	0.0840	0.0001	0.0000	0.0000	0.0000
STRN3|Q13033	0.0000	0.0025	0.2343	0.0006	0.0001	0.0002	0.0069	0.0133	0.0087	0.0000	0.0000	0.0002
CSDE1|O75534	0.0000	1.0000	0.0000	0.0000	0.9773	0.0000	0.0000	0.0000	0.0000	0.0000	0.0002	0.0003
PPARGC1A|Q9UBK2	0.0001	0.0051	0.0061	0.0000	0.0000	0.0075	0.0000	0.0033	0.0003	0.0000	0.5525	0.0000
USP10|Q14694	0.0000	0.9966	0.0001	0.0000	0.9863	0.0000	0.0000	0.0000	0.0000	0.0000	0.0000	0.0001
MAP3K20|Q9NYL2	0.0000	0.0182	0.0000	0.0000	0.0001	0.0000	0.0000	0.6536	0.0000	0.0000	0.1959	0.0000
NOC3L|Q8WTT2	0.9942	0.0001	0.0000	0.0000	0.0000	0.0000	0.9902	0.0000	0.0000	0.0000	0.0000	0.0000
SART1|O43290	0.0009	0.0036	0.0000	0.0000	0.0005	0.0430	0.9972	0.0001	0.0002	0.0000	0.0000	0.0000
BRD2|P25440	0.0000	0.1609	0.0000	0.0000	0.0011	0.0409	0.9819	0.0000	0.0000	0.0000	0.0000	0.0001
CDC5L|Q99459	0.9941	0.0010	0.0001	0.0000	0.7281	0.0000	0.0000	0.0000	0.0007	0.0000	0.0054	0.4243
TARS3|A2RTX5	0.0000	0.0075	0.0009	0.0000	0.0131	0.0000	0.0000	0.3686	0.0000	0.0000	0.0003	0.0000
HSP90B1|P14625	0.0000	0.0010	0.0001	0.2264	0.0112	0.0000	0.0000	0.0001	0.0000	0.0000	0.0017	0.0000
TSR1|Q2NL82	0.0000	0.0012	0.0000	0.0000	0.0000	0.0000	0.9984	0.0000	0.0000	0.0000	0.0000	0.0000
PNISR|Q8TF01	0.9979	0.0151	0.0001	0.0000	0.0000	0.0000	0.0022	0.0000	0.0000	0.0000	0.0008	0.0000
ZC3H11B|A0A1B0GTU1	0.0010	0.0000	0.0003	0.0000	0.0001	0.9925	0.0003	0.0020	0.0000	0.0000	0.0001	0.0000
VCP|P55072	0.0000	0.0329	0.0037	0.3296	0.9593	0.0001	0.0002	0.0000	0.0000	0.0000	0.0413	0.0000
LRRFIP1|Q32MZ4	0.0000	0.0000	0.0000	0.0003	0.0001	0.0000	0.0033	0.0000	0.0000	0.0000	0.0002	0.0000
MCM3|P25205	0.0000	0.0000	0.0000	0.0000	0.0000	1.0000	0.0000	0.0005	0.0000	0.0000	0.0000	0.0000
TBL3|Q12788	0.0000	0.0051	0.0000	0.0000	0.0000	0.0025	0.9995	0.0005	0.0004	0.0000	0.0000	0.0000
UNK|Q9C0B0	0.0000	0.8358	0.0014	0.0000	0.0166	0.0193	0.0000	0.0827	0.0007	0.0000	0.0000	0.0439
ZC3H11A|O75152	0.0001	0.0001	0.0033	0.0000	0.0007	0.8524	0.0002	0.0011	0.0000	0.0000	0.0000	0.0001
NOP2|P46087	0.0000	0.0005	0.0000	0.0000	0.0000	0.0000	0.9999	0.0000	0.0000	0.0000	0.0000	0.0000
EIF3B|P55884	0.0000	0.9780	0.0000	0.0000	0.9971	0.0000	0.0004	0.0000	0.0000	0.0000	0.0000	0.0000
ATXN1|P54253	0.0000	0.4447	0.0001	0.0016	0.0001	0.0000	0.0000	0.0185	0.0000	0.0000	0.7144	0.0004
RBM5|P52756	0.0000	0.9102	0.0001	0.0000	0.0336	0.0485	0.0806	0.0016	0.0000	0.0000	0.0000	0.0000
IWS1|Q96ST2	0.0014	0.0124	0.0054	0.0000	0.0000	0.0209	0.0051	0.0028	0.0003	0.0000	0.0029	0.0000
NUP93|Q8N1F7	0.0000	0.0000	0.0000	0.0000	0.0000	0.0000	0.0000	1.0000	0.0000	0.0000	0.0000	0.0000
DDX23|Q9BUQ8	0.0000	0.0001	0.0000	0.0000	0.0000	0.9999	0.0001	0.0000	0.0000	0.0000	0.0000	0.0000
EPS8|Q12929	0.0000	0.0001	0.3848	0.0019	0.0000	0.0000	0.0000	0.0000	0.0000	0.0000	0.7628	0.0000
CDC27|P30260	0.0000	0.9687	0.0000	0.0000	0.0073	0.0000	0.0323	0.0000	0.0000	0.0000	0.0000	0.0000
DDX20|Q9UHI6	0.0000	0.7119	0.1742	0.0000	0.1834	0.0000	0.0000	0.0006	0.0000	0.0000	0.0524	0.0136
HNRNPU|Q00839	0.0580	0.9998	0.0005	0.0000	0.9778	0.0000	0.0000	0.0000	0.0000	0.0000	0.0000	0.0031
ELAC2|Q9BQ52	0.0000	0.0000	0.0000	0.0000	0.0000	0.0000	0.9990	0.0000	0.0001	0.0000	0.0000	0.0000
ELP2|Q6IA86	0.0000	0.1631	0.0000	0.0000	0.9912	0.0001	0.0001	0.0000	0.0000	0.0000	0.0000	0.0000
WDR75|Q8IWA0	0.0000	0.0000	0.0000	0.0000	0.0000	0.0025	1.0000	0.0000	0.0000	0.0000	0.0000	0.0000
TRIM28|Q13263	0.0000	0.0000	0.7089	0.0000	0.0000	0.0164	0.0000	0.0340	0.0012	0.0000	0.0000	0.0130
ZC3H12B|Q5HYM0	0.0000	0.5194	0.0011	0.0000	0.0000	0.0005	0.0000	0.0112	0.0000	0.0000	0.1464	0.0000
TFIP11|Q9UBB9	0.0000	0.9055	0.0000	0.0001	0.1360	0.0001	0.0023	0.0000	0.0000	0.0000	0.0000	0.0000
HELLS|Q9NRZ9	0.0000	0.8006	0.0000	0.0000	0.6445	0.0101	0.0000	0.0013	0.0000	0.0000	0.0000	0.0000
HSPA4L|O95757	0.0000	0.0000	0.0000	0.9470	0.0000	0.0000	0.0000	0.0059	0.0000	0.0000	0.0002	0.0000
HSPA4|P34932	0.0000	0.0001	0.0002	0.9539	0.0000	0.0000	0.0000	0.0162	0.0000	0.0000	0.0000	0.0000
RBM25|P49756	0.0000	1.0000	0.0000	0.0000	0.9966	0.0000	0.0000	0.0000	0.0000	0.0000	0.0000	0.0000
TTC27|Q6P3X3	0.0000	0.0085	0.0000	0.0000	0.0203	0.5288	0.0002	0.2477	0.0000	0.0000	0.0000	0.0000
ABCF1|Q8NE71	0.0000	0.0004	0.0000	0.0000	0.9947	0.0088	0.0015	0.0000	0.0000	0.0000	0.0000	0.0000
FASTKD1|Q53R41	0.0000	0.9291	0.0000	0.0000	0.0000	0.0005	0.0005	0.0026	0.0004	0.0000	0.0000	0.0000
FTSJ3|Q8IY81	0.0000	0.4771	0.0000	0.0000	0.5516	0.0243	0.6248	0.0000	0.0000	0.0001	0.0000	0.0003
MATR3|P43243	0.0000	0.9998	0.0001	0.0000	0.9598	0.0000	0.0000	0.0000	0.0000	0.0000	0.0000	0.0002
CRNKL1|Q9BZJ0	0.9930	0.0000	0.0002	0.0000	0.0000	0.0000	0.0000	0.0000	0.0053	0.0000	0.0000	0.0000
DDX31|Q9H8H2	0.0000	0.0011	0.0000	0.0000	0.0000	0.0442	0.9990	0.0000	0.0000	0.0000	0.0000	0.0000
ESF1|Q9H501	0.0000	0.0000	0.0000	0.0000	0.0000	0.0130	0.9999	0.0000	0.0000	0.0000	0.0000	0.0000
PIWIL4|Q7Z3Z4	0.0000	0.5063	0.0001	0.0037	0.0009	0.0007	0.0000	0.0007	0.0000	0.0000	0.0002	0.0000
TGS1|Q96RS0	0.0000	0.0022	0.0000	0.0000	0.0000	0.0000	0.9988	0.0000	0.0001	0.0000	0.0000	0.0000
SECISBP2|Q96T21	0.0000	0.9999	0.0000	0.0000	0.9895	0.0000	0.0000	0.0000	0.0000	0.0000	0.0000	0.0001
XAB2|Q9HCS7	0.0000	1.0000	0.0000	0.0000	0.0000	0.0001	0.0000	0.0000	0.0000	0.0000	0.0000	0.0000
HNRNPUL1|Q9BUJ2	0.0000	0.9358	0.0000	0.0000	0.9729	0.0000	0.0000	0.0000	0.0000	0.0000	0.0102	0.0000
NVL|O15381	0.0000	0.0014	0.0000	0.0000	0.0000	0.0000	0.9988	0.0000	0.0001	0.0000	0.0000	0.0000
AGO1|Q9UL18	0.0000	1.0000	0.0000	0.0000	0.5108	0.0000	0.0000	0.0000	0.0000	0.0000	0.0000	0.0001
NOP14|P78316	0.0000	0.0001	0.0000	0.0000	0.0000	0.0000	1.0000	0.0000	0.0000	0.0000	0.0000	0.0000
EEF2|P13639	0.0000	0.0001	0.0000	0.9824	0.9966	0.0000	0.0000	0.0000	0.0000	0.0000	0.0000	0.0000
HSPH1|Q92598	0.9983	0.0000	0.0000	0.8733	0.0000	0.0000	0.0000	0.0000	0.0001	0.0000	0.0000	0.0000
PHC2|Q8IXK0	0.0010	0.9105	0.0000	0.0000	0.0005	0.0000	0.0000	0.0000	0.0000	0.0000	0.6604	0.0013
USP5|P45974	0.0000	0.0073	0.0000	0.9953	0.9923	0.0000	0.0000	0.0000	0.0000	0.0000	0.0000	0.0000
AGO2|Q9UKV8	0.0000	1.0000	0.0002	0.0000	0.0003	0.0000	0.0000	0.0000	0.0000	0.0000	0.0000	0.0000
DDX24|Q9GZR7	0.0000	0.0904	0.0001	0.0000	0.0273	0.6904	0.1415	0.0000	0.0000	0.0000	0.0002	0.0000
AGO3|Q9H9G7	0.0000	0.9996	0.0000	0.0000	0.9737	0.0000	0.0000	0.0000	0.0000	0.0000	0.0000	0.0000
NOM1|Q5C9Z4	0.0000	0.0000	0.0000	0.0000	0.0000	0.0003	0.9999	0.0000	0.0000	0.0000	0.0000	0.0000
AGO4|Q9HCK5	0.0000	1.0000	0.0001	0.0000	0.9721	0.0000	0.0000	0.0000	0.0000	0.0000	0.0000	0.0008
PIWIL1|Q96J94	0.0000	0.6746	0.0000	0.0000	0.0001	0.0212	0.0000	0.0000	0.0000	0.0000	0.0031	0.0000
TOP3B|O95985	0.0000	1.0000	0.0000	0.0000	0.9935	0.0000	0.0000	0.0000	0.0000	0.0000	0.0000	0.0001
NAA16|Q6N069	0.0000	0.0563	0.0000	0.0000	0.1246	0.0001	0.0100	0.0000	0.0000	0.0000	0.0000	0.0000
L1TD1|Q5T7N2	0.0000	0.9999	0.0000	0.0000	0.9206	0.0000	0.0001	0.0000	0.0000	0.0000	0.0000	0.0000
NAA15|Q9BXJ9	0.0013	0.0117	0.0000	0.0000	0.0690	0.0001	0.0046	0.0000	0.0083	0.0000	0.0000	0.0001
SFMBT1|Q9UHJ3	0.0000	0.0001	0.0017	0.0000	0.0000	0.1034	0.3969	0.0020	0.0203	0.0000	0.0000	0.0000
PDCD6IP|Q8WUM4	0.0000	0.8463	0.0243	0.3384	0.2404	0.0000	0.0000	0.0026	0.0000	0.0000	0.0081	0.0000
ANKS6|Q68DC2	0.0000	0.0000	0.0017	0.0005	0.0000	0.0001	0.0000	0.0045	0.0000	0.0000	0.0404	0.0001
PRPF40B|Q6NWY9	1.0000	0.0000	0.0000	0.0000	0.0000	0.0000	0.0001	0.0000	0.0001	0.0000	0.0000	0.0001
PPP6R3|Q5H9R7	0.0000	0.0000	0.0000	0.0002	0.0000	0.0000	0.0000	0.8441	0.0000	0.0000	0.0463	0.0000
COPG1|Q9Y678	0.0000	0.0006	0.0000	0.0030	0.0000	0.0122	0.0000	0.0016	0.0000	0.0000	0.0000	0.0000
GAREM2|Q75VX8	0.0256	0.0003	0.0086	0.0000	0.0000	0.0002	0.0000	0.0004	0.0000	0.0000	0.0484	0.0000
TUT1|Q9H6E5	0.9685	0.0000	0.0000	0.0000	0.0000	0.0000	0.9989	0.0000	0.0000	0.0000	0.0000	0.0000
DDX10|Q13206	0.0000	0.4870	0.0002	0.0000	0.0000	0.0000	0.5912	0.0000	0.0000	0.0000	0.0000	0.0000
EXD3|Q8N9H8	0.0000	0.0001	0.0064	0.0000	0.0000	0.0084	0.0028	0.0000	0.0000	0.0000	0.3729	0.0000
GAREM1|Q9H706	0.0000	0.0202	0.0002	0.0000	0.0000	0.3044	0.0000	0.0199	0.0000	0.0000	0.0000	0.0000
KPNB1|Q14974	0.0000	0.0016	0.9953	0.6339	0.8853	0.0000	0.0000	0.0022	0.0000	0.0000	0.0000	0.0001
PPFIBP2|Q8ND30	0.0000	0.0006	0.0020	0.0000	0.0026	0.0468	0.0000	0.2802	0.0018	0.0000	0.0000	0.0001
SRRT|Q9BXP5	0.0000	0.9904	0.0000	0.0000	0.8611	0.0002	0.0015	0.0000	0.0001	0.0000	0.0000	0.0001
DDX54|Q8TDD1	0.0000	0.2974	0.0000	0.0000	0.0000	0.0000	0.9873	0.0000	0.0000	0.0000	0.0000	0.0000
PIWIL3|Q7Z3Z3	0.0000	0.8085	0.0000	0.0000	0.0300	0.0046	0.1664	0.0000	0.0000	0.0000	0.0000	0.0000
ZC3H12C|Q9C0D7	0.0000	0.0229	0.0002	0.0000	0.7067	0.0123	0.0000	0.0021	0.0000	0.0000	0.0000	0.0004
DIS3L2|Q8IYB7	0.0000	0.9997	0.0000	0.0000	0.9713	0.0000	0.0000	0.0000	0.0000	0.0000	0.0000	0.0000
EXOSC10|Q01780	0.0000	0.9553	0.0001	0.0043	0.4680	0.0000	0.0000	0.0000	0.0000	0.0000	0.0020	0.0001
GTF3C3|Q9Y5Q9	0.0000	0.0000	0.0000	0.0000	0.0000	0.9996	0.0029	0.0032	0.0000	0.0000	0.0000	0.0000
PAN3|Q58A45	0.0000	0.9999	0.0009	0.0000	0.2667	0.0000	0.0000	0.0000	0.0000	0.0000	0.0000	0.0011
ACO1|P21399	0.0000	0.0000	0.0000	0.2923	0.0001	0.0000	0.0000	0.0006	0.0000	0.0000	0.0000	0.0000
RBM15B|Q8NDT2	0.9877	0.0062	0.0000	0.0000	0.0000	0.0000	0.0000	0.0000	0.0000	0.0000	0.0000	0.0000
ACTN1|P12814	0.0000	0.0038	0.0097	0.0104	0.0001	0.0000	0.0000	0.0001	0.0000	0.0000	0.8471	0.0001
MVP|Q14764	0.0000	0.0000	0.0000	0.0261	0.0000	0.0000	0.0000	0.9975	0.0000	0.0000	0.0000	0.0000
CWF19L2|Q2TBE0	0.0000	0.6738	0.0000	0.0000	0.0230	0.0043	0.1887	0.0014	0.0000	0.0000	0.0000	0.0000
ILF3|Q12906	0.4712	0.6610	0.0003	0.0000	0.5811	0.0071	0.3886	0.0000	0.0009	0.0317	0.0000	0.0002
SFMBT2|Q5VUG0	0.0000	0.0005	0.0019	0.0000	0.0004	0.4255	0.0000	0.0798	0.0000	0.0000	0.0003	0.0000
SF3B2|Q13435	0.9920	0.5039	0.0038	0.0000	0.0000	0.0000	0.0000	0.0000	0.0001	0.0000	0.0000	0.0015
WDR36|Q8NI36	0.0000	0.0002	0.0000	0.0000	0.0000	0.0000	0.9981	0.0000	0.0003	0.0000	0.0000	0.0000
CHD1L|Q86WJ1	0.0000	0.0000	0.0000	0.0000	0.0000	0.9997	0.0007	0.2933	0.0000	0.0000	0.0000	0.0000
TNPO2|O14787	0.0000	0.9996	0.0000	0.0000	0.9691	0.0000	0.0000	0.0000	0.0000	0.0000	0.0000	0.0000
CIZ1|Q9ULV3	0.0000	0.0000	0.0000	0.0000	0.0006	0.4651	0.0051	0.0000	0.0000	0.0000	0.0008	0.0000
TNPO1|Q92973	0.0000	0.0003	0.0000	0.3212	0.9990	0.0000	0.0000	0.0000	0.0000	0.0000	0.0000	0.0000
MARS1|P56192	0.0010	0.0125	0.0138	0.7473	0.7506	0.0005	0.3932	0.0001	0.0005	0.0000	0.0004	0.0001
ACTN3|Q08043	0.0000	0.0000	0.0000	0.0093	0.0000	0.0012	0.0000	0.1706	0.0000	0.0000	0.0015	0.0000
ZC3HAV1|Q7Z2W4	0.0000	0.9996	0.0000	0.0000	0.9148	0.0000	0.0000	0.0000	0.0000	0.0000	0.0000	0.0000
AKAP1|Q92667	0.0000	0.0008	0.0003	0.2450	0.0001	0.0000	0.0000	0.0004	0.0000	0.0000	0.1949	0.0002
LARS2|Q15031	0.0000	0.9835	0.0000	0.0000	0.0000	0.0014	0.0001	0.0000	0.0000	0.0000	0.0000	0.0000
SRRM1|Q8IYB3	0.9983	0.0114	0.0009	0.0000	0.0000	0.0036	0.0000	0.0000	0.0000	0.0000	0.0002	0.0001
ZNF598|Q86UK7	0.0000	0.9977	0.0000	0.0000	0.9526	0.0001	0.0000	0.0000	0.0000	0.0000	0.0002	0.0004
TTF1|Q15361	0.0000	0.0002	0.0000	0.0000	0.0000	0.0000	0.9999	0.0000	0.0000	0.0000	0.0000	0.0000
COPB2|P35606	0.0000	0.1068	0.0000	0.0000	0.9991	0.0000	0.0000	0.0000	0.0000	0.0000	0.0002	0.0000
CTNNA1|P35221	0.0000	0.0001	0.0040	0.0376	0.0001	0.0000	0.0000	0.0000	0.0000	0.0000	0.9241	0.0000
EIF4G2|P78344	0.0000	0.9995	0.0000	0.0000	0.9044	0.0003	0.0000	0.0000	0.0000	0.0000	0.0000	0.0000
CWC22|Q9HCG8	0.9955	0.0015	0.0000	0.0000	0.8479	0.0001	0.0002	0.0000	0.0023	0.0000	0.0000	0.0056
PSMD2|Q13200	0.0000	0.0001	0.0000	0.7866	0.9991	0.0000	0.0000	0.0000	0.0000	0.0000	0.0000	0.0000
RAD54B|Q9Y620	0.0000	0.0013	0.0000	0.0000	0.0139	0.0452	0.0011	0.0000	0.0000	0.0000	0.0000	0.0000
SND1|Q7KZF4	0.0000	0.9997	0.0006	0.4948	0.9873	0.0000	0.0000	0.0000	0.0000	0.0000	0.0000	0.0003
ACTN4|O43707	0.0000	0.0000	0.0000	0.6637	0.0000	0.0001	0.0000	0.0742	0.0002	0.0000	0.0007	0.0000
GTF3C2|Q8WUA4	0.0000	0.0018	0.0000	0.0000	0.9897	0.0109	0.0002	0.0000	0.0000	0.0000	0.0000	0.0000
LEMD3|Q9Y2U8	0.0000	0.0199	0.0000	0.0000	0.9949	0.0003	0.0000	0.0000	0.0000	0.0000	0.0000	0.0000
NFXL1|Q6ZNB6	0.0000	0.0000	0.0019	0.0000	0.0001	0.9614	0.0003	0.0017	0.0000	0.0000	0.0000	0.0000
ARHGEF1|Q92888	0.0000	0.0001	0.0000	0.0001	0.0000	0.0017	0.0107	0.0011	0.0000	0.0000	0.0000	0.0000
EIF3C|Q99613	0.0000	0.0016	0.0000	0.0000	0.9994	0.0001	0.0000	0.0000	0.0000	0.0000	0.0000	0.0000
WDR44|Q5JSH3	0.0000	0.0002	0.0022	0.0000	0.0000	0.9107	0.0102	0.0037	0.0001	0.0000	0.0001	0.0000
EIF3CL|B5ME19	0.0000	0.0140	0.0000	0.0000	0.9998	0.0000	0.0000	0.0001	0.0000	0.0000	0.0000	0.0000
LARP1B|Q659C4	0.0000	0.9841	0.0000	0.0000	0.1608	0.0003	0.0004	0.0000	0.0000	0.0000	0.0000	0.0000
SAFB|Q15424	0.0104	0.9708	0.0000	0.0000	0.0725	0.0000	0.0000	0.0000	0.0000	0.0000	0.0621	0.0000
TMTC3|Q6ZXV5	0.0000	0.0011	0.0000	0.0139	0.0000	0.0000	0.0058	0.0000	0.0001	0.0000	0.0016	0.0000
CHERP|Q8IWX8	0.0002	0.9999	0.0000	0.0000	0.0018	0.0000	0.0000	0.0000	0.0000	0.0000	0.0000	0.0000
PAXBP1|Q9Y5B6	0.0000	0.6966	0.0001	0.0000	0.2055	0.0174	0.0059	0.0007	0.0000	0.0000	0.0002	0.0000
PWP2|Q15269	0.0000	0.0022	0.0000	0.0000	0.0000	0.0000	0.9999	0.0000	0.0001	0.0000	0.0000	0.0000
BCLAF1|Q9NYF8	0.8713	0.7529	0.0015	0.0000	0.9951	0.0000	0.0000	0.0000	0.0001	0.0000	0.0000	0.9880
CCAR2|Q8N163	0.0000	0.9996	0.0000	0.0000	0.0000	0.0000	0.0000	0.0000	0.0000	0.0000	0.0009	0.0000
TNPO3|Q9Y5L0	0.0000	0.0000	0.0003	0.0007	0.0000	0.0004	0.0009	0.0004	0.0000	0.0000	0.0011	0.0000
CORO7|P57737	0.0000	0.9266	0.0000	0.0000	0.0001	0.0000	0.0000	0.0007	0.0000	0.0000	0.5671	0.0000
RIGI|O95786	0.0000	0.0000	0.0000	0.0000	0.0000	0.0000	0.0000	0.0000	0.0000	0.0000	1.0000	0.0000
TEX10|Q9NXF1	0.0058	0.9268	0.0000	0.0000	0.4903	0.0006	0.0004	0.0000	0.0000	0.0000	0.0000	0.0004
RBM10|P98175	0.0000	0.9987	0.0000	0.0000	0.0000	0.0000	0.0000	0.0046	0.0000	0.0000	0.0000	0.0000
GPATCH1|Q9BRR8	0.0000	0.0119	0.0116	0.0004	0.0000	0.3245	0.3726	0.0002	0.0002	0.0000	0.0014	0.0000
RBM12|Q9NTZ6	0.0000	0.0013	0.0001	0.0000	0.9977	0.0000	0.0000	0.0124	0.0000	0.0000	0.0000	0.0001
MTHFD1|P11586	0.0000	0.0025	0.0000	0.8868	0.9969	0.0000	0.0000	0.0000	0.0000	0.0000	0.0000	0.0000
DDX42|Q86XP3	0.9904	0.0000	0.0007	0.0000	0.0002	0.0000	0.0000	0.0037	0.9768	0.0000	0.0000	0.0001
ZFR2|Q9UPR6	0.0000	0.5146	0.0327	0.0000	0.1947	0.0061	0.0000	0.0041	0.0002	0.0000	0.0008	0.2177
PPP1R10|Q96QC0	0.0000	0.0046	0.0000	0.0000	0.9999	0.0000	0.0000	0.0000	0.0000	0.0000	0.0000	0.0000
PRPF6|O94906	0.9336	0.0021	0.0006	0.0000	0.0002	0.0754	0.0703	0.0000	0.0001	0.0000	0.0000	0.0002
WDR3|Q9UNX4	0.0000	0.0000	0.0000	0.0000	0.0000	0.0003	1.0000	0.0000	0.0000	0.0000	0.0000	0.0000
GANAB|Q14697	0.0000	0.0000	0.0000	0.7409	0.0000	0.0000	0.0000	0.0000	0.0000	0.0000	0.0002	0.0000
UNC45A|Q9H3U1	0.0000	0.1057	0.0326	0.4561	0.0143	0.0384	0.0000	0.0000	0.0000	0.0000	0.0000	0.0001
PHF14|O94880	0.0000	0.0001	0.0004	0.0000	0.0000	0.9819	0.0012	0.0017	0.0002	0.0000	0.0000	0.0000
ZC3H3|Q8IXZ2	0.0000	0.7064	0.0000	0.0000	0.0036	0.0338	0.0016	0.0000	0.0000	0.0000	0.0898	0.0000
AP1B1|Q10567	0.0000	0.0023	0.0010	0.8784	0.0000	0.0000	0.0000	0.0017	0.0000	0.0000	0.0001	0.0000
XRN2|Q9H0D6	0.0000	0.8777	0.0000	0.0000	0.2969	0.0001	0.3445	0.0000	0.0000	0.0000	0.0000	0.0000
SFSWAP|Q12872	0.9753	0.0000	0.0000	0.0000	0.0000	0.0000	0.0000	0.0001	0.0000	0.0000	0.0010	0.0000
COPB1|P53618	0.0000	0.0003	0.0000	0.2613	0.0882	0.0000	0.0002	0.0000	0.0000	0.0000	0.0000	0.0000
PSMD1|Q99460	0.0000	0.0003	0.0000	0.1735	0.0000	0.0000	0.0000	0.0002	0.0007	0.0000	0.0007	0.0000
SAFB2|Q14151	0.0000	0.9998	0.0002	0.0000	0.9698	0.0000	0.0000	0.0000	0.0000	0.0000	0.0000	0.0000
ZC3H18|Q86VM9	0.0000	0.9922	0.0006	0.0000	0.0001	0.0015	0.0003	0.0002	0.0002	0.0000	0.0001	0.0000
SMARCAL1|Q9NZC9	0.0051	0.6094	0.0000	0.0000	0.0000	0.0000	0.2543	0.0000	0.0000	0.0000	0.0000	0.0000
THRAP3|Q9Y2W1	0.8061	0.9653	0.0003	0.0000	0.0002	0.0001	0.0015	0.0000	0.0000	0.0000	0.0003	0.0000
PRPF40A|O75400	0.9994	0.0000	0.0000	0.0000	0.0000	0.0001	0.0000	0.0000	0.0000	0.0000	0.0000	0.0000
DIS3|Q9Y2L1	0.0000	0.0002	0.0000	0.0006	0.0000	0.0000	0.9972	0.0000	0.0124	0.0000	0.0000	0.0000
LONP1|P36776	0.0000	0.0024	0.0000	0.0633	0.0000	0.0000	0.0046	0.0000	0.0010	0.0000	0.0009	0.0000
RBM19|Q9Y4C8	0.0000	0.7732	0.0002	0.0000	0.0005	0.7714	0.3582	0.0000	0.0000	0.0000	0.0000	0.0000
USO1|O60763	0.0000	0.0000	0.0000	0.0355	0.0000	0.0000	0.0000	0.5149	0.0000	0.0000	0.0000	0.0000
XPOT|O43592	0.0000	0.0000	0.0000	0.0007	0.0003	0.0033	0.0044	0.0007	0.0000	0.0000	0.0000	0.0000
IPO13|O94829	0.0000	0.0078	0.0000	0.0001	0.0002	0.0102	0.0000	0.0475	0.0000	0.0000	0.0218	0.0000
IREB2|P48200	0.0000	0.0002	0.0022	0.0539	0.0000	0.0010	0.0000	0.0017	0.0000	0.0000	0.0681	0.0000
KIF5B|P33176	0.0000	0.0118	0.0000	0.9880	0.0000	0.0000	0.0002	0.0001	0.0000	0.0000	0.0000	0.0000
SART3|Q15020	0.2451	0.0000	0.0008	0.0000	0.0000	0.0426	0.0695	0.0002	0.3516	0.0000	0.0000	0.0000
AARS1|P49588	0.0000	0.0000	0.0000	0.9109	0.0000	0.0000	0.0000	0.0007	0.0000	0.0000	0.0000	0.0000
CTNND1|O60716	0.0000	0.0124	0.0000	0.0000	0.0000	0.0001	0.0000	0.0000	0.0000	0.0000	0.9999	0.0000
DDX11|Q96FC9	0.0000	0.0002	0.0000	0.0000	0.0000	0.9567	0.9995	0.0000	0.0000	0.0000	0.0000	0.0000
CSE1L|P55060	0.0000	0.0021	0.0000	0.8142	0.9896	0.0000	0.0000	0.0000	0.0000	0.0000	0.0000	0.0000
ZC3H7A|Q8IWR0	0.0000	0.0043	0.0000	0.0000	0.9944	0.0000	0.0000	0.0007	0.0000	0.0000	0.0000	0.0000
EFTUD2|Q15029	0.0000	0.9990	0.0000	0.0000	0.0000	0.0000	0.0029	0.0000	0.0000	0.0000	0.0000	0.0000
PIWIL2|Q8TC59	0.0000	0.0773	0.0000	0.0000	0.0003	0.0000	0.0000	0.0001	0.0000	0.0000	0.0242	0.0000
BICC1|Q9H694	0.0000	0.9999	0.0000	0.0000	0.9855	0.0000	0.0000	0.0001	0.0000	0.0000	0.0000	0.0001
IPO11|Q9UI26	0.0000	0.3980	0.0006	0.0026	0.0020	0.0271	0.0000	0.1023	0.0000	0.0000	0.0000	0.0000
EPHA1|P21709	0.0000	0.0005	0.0001	0.0000	0.0000	0.0001	0.0000	0.0002	0.0000	0.0000	0.9954	0.0000
EPHA2|P29317	0.0000	0.0000	0.0000	0.0000	0.0000	0.0000	0.0000	0.0005	0.0000	0.0000	1.0000	0.0000
R3HDM2|Q9Y2K5	0.0000	0.9997	0.0000	0.0000	0.9763	0.0000	0.0000	0.0001	0.0000	0.0000	0.0000	0.0000
RBM15|Q96T37	0.6494	0.4520	0.0002	0.0000	0.0006	0.0016	0.0012	0.0000	0.0000	0.0000	0.0000	0.0001
ZC3H7B|Q9UGR2	0.0000	0.9948	0.0006	0.0000	0.6372	0.0000	0.0009	0.0000	0.0000	0.0000	0.0004	0.0001
EML4|Q9HC35	0.0000	0.0822	0.0015	0.0001	0.5508	0.0049	0.0000	0.0056	0.0001	0.0000	0.1921	0.0017
TDRD5|Q8NAT2	0.0000	0.0000	0.0000	0.0361	0.0003	0.0691	0.0000	0.0083	0.0000	0.0000	0.0000	0.0000
EPHA3|P29320	0.0000	0.0674	0.0000	0.0000	0.0000	0.0000	0.0000	0.0000	0.0000	0.0000	1.0000	0.0000
PHC3|Q8NDX5	0.0000	0.9386	0.0002	0.0000	0.0003	0.0005	0.0000	0.0914	0.0000	0.0000	0.0005	0.0003
EPHB1|P54762	0.0000	0.0266	0.3090	0.0023	0.0001	0.0006	0.0000	0.3356	0.0000	0.0000	0.1344	0.0001
AARS2|Q5JTZ9	0.0000	0.0004	0.0118	0.0008	0.0000	0.0055	0.0033	0.0035	0.0000	0.0000	0.0003	0.0000
EIF4ENIF1|Q9NRA8	0.2431	0.9975	0.2818	0.0000	0.3159	0.0000	0.0000	0.0002	0.0000	0.0000	0.0000	0.0083
ARHGEF2|Q92974	0.0000	0.0088	0.0145	0.0061	0.0000	0.0000	0.0000	0.0001	0.0000	0.0000	0.8869	0.0000
EPHA4|P54764	0.0000	0.0115	0.0055	0.0024	0.0000	0.0000	0.0000	0.0195	0.0000	0.0000	0.1075	0.0000
EPHB4|P54760	0.0000	0.0723	0.0001	0.0000	0.0000	0.0000	0.0000	0.0010	0.0000	0.0000	0.9934	0.0000
RECQL5|O94762	0.0000	0.9496	0.0000	0.0000	0.0932	0.0007	0.0000	0.0002	0.0000	0.0000	0.0000	0.0000
SMG8|Q8ND04	0.0000	0.0004	0.0002	0.0000	0.0001	0.3544	0.0000	0.8466	0.0000	0.0000	0.0154	0.0000
IGHMBP2|P38935	0.0000	0.0181	0.0002	0.0000	0.0000	0.6134	0.0012	0.2584	0.0000	0.0000	0.0002	0.0000
SRBD1|Q8N5C6	0.0000	0.9031	0.0000	0.0000	0.0006	0.0014	0.0001	0.0024	0.0000	0.0000	0.0000	0.0000
EPHA7|Q15375	0.0000	0.0001	0.0000	0.0000	0.0000	0.0000	0.0000	0.0001	0.0000	0.0000	0.9987	0.0000
EPHB3|P54753	0.0000	0.0001	0.0006	0.0000	0.0000	0.0000	0.0000	0.0009	0.0000	0.0000	0.5831	0.0000
GTF2I|P78347	0.0000	0.8791	0.0005	0.8055	0.0027	0.0000	0.0003	0.0000	0.0000	0.0000	0.0000	0.0000
HYOU1|Q9Y4L1	0.0001	0.0012	0.0001	0.5261	0.0002	0.0000	0.0000	0.0000	0.0000	0.0000	0.0030	0.0000
SEC23IP|Q9Y6Y8	0.0000	0.4834	0.2785	0.0000	0.9201	0.0046	0.0000	0.0083	0.0000	0.0000	0.0000	0.0003
RBM12B|Q8IXT5	0.0000	0.0337	0.0000	0.0000	0.9848	0.0003	0.0003	0.0000	0.0000	0.0000	0.0001	0.0000
TOP3A|Q13472	0.0000	0.0003	0.0000	0.0026	0.0000	0.0000	0.0005	0.0000	0.0000	0.0000	0.0187	0.0000
MOV10|Q9HCE1	0.0000	0.9998	0.0000	0.0000	0.9964	0.0000	0.0000	0.0000	0.0000	0.0000	0.0000	0.0000
PHC1|P78364	0.0000	0.7217	0.0427	0.0000	0.4458	0.0020	0.0000	0.1660	0.0007	0.0000	0.0000	0.2247
EPHA8|P29322	0.0000	0.0000	0.0000	0.0000	0.0000	0.0000	0.0000	0.0013	0.0000	0.0000	0.9999	0.0000
PRP4K|Q13523	0.0972	0.0017	0.0000	0.0000	0.0027	0.9359	0.9515	0.0000	0.0000	0.0002	0.0000	0.0000
RBM26|Q5T8P6	0.0000	0.4112	0.0000	0.0000	0.9982	0.0000	0.0000	0.0000	0.0000	0.0000	0.0003	0.0000
DHX36|Q9H2U1	0.0005	0.9764	0.0000	0.0000	0.8338	0.0133	0.0058	0.0000	0.0000	0.0000	0.0000	0.0005
EPHA10|Q5JZY3	0.0000	0.0427	0.0000	0.0000	0.0000	0.0122	0.0000	0.0022	0.0000	0.0000	0.0491	0.0000
HLTF|Q14527	0.0000	0.0004	0.0000	0.0000	0.0000	0.0000	0.9997	0.0000	0.0000	0.0000	0.0002	0.0000
GART|P22102	0.0000	0.9437	0.0000	0.1303	0.0370	0.0000	0.0024	0.0000	0.0000	0.0000	0.0000	0.0000
PPFIBP1|Q86W92	0.0000	0.0070	0.0003	0.0000	0.0002	0.3083	0.0000	0.1224	0.0001	0.0000	0.0001	0.0000
IARS2|Q9NSE4	0.0000	0.0080	0.0026	0.0016	0.4020	0.0000	0.0000	0.0132	0.0000	0.0000	0.0000	0.0001
PARP1|P09874	0.0000	0.0000	0.0000	0.0000	0.0000	0.9998	0.0001	0.0009	0.0000	0.0000	0.0000	0.0000
SMG5|Q9UPR3	0.0000	0.8551	0.0009	0.0000	0.0228	0.0002	0.0122	0.0000	0.0000	0.0000	0.0002	0.0001
HIRA|P54198	0.0000	0.0007	0.0961	0.0562	0.0002	0.0026	0.0275	0.0056	0.0001	0.0000	0.0000	0.0000
ATP1A1|P05023	0.0000	0.0000	0.0000	0.9940	0.0000	0.0000	0.0000	0.0000	0.0000	0.0000	0.0001	0.0000
PPARGC1B|Q86YN6	0.0003	0.0000	0.0486	0.0000	0.0000	0.4315	0.0002	0.0014	0.0003	0.0000	0.3893	0.0002
HERC5|Q9UII4	0.0000	1.0000	0.0000	0.0000	0.0001	0.0000	0.0000	0.0000	0.0000	0.0000	0.0000	0.0000
POP1|Q99575	0.0000	0.9999	0.0000	0.0000	0.0000	0.0000	0.0015	0.0000	0.0000	0.0000	0.0000	0.0000
IFIH1|Q9BYX4	0.0000	0.0001	0.0006	0.0000	0.0012	0.0061	0.0000	0.1376	0.0000	0.0000	0.0001	0.0000
MPRIP|Q6WCQ1	0.0000	0.0002	0.0000	0.0000	0.0000	0.0018	0.0006	0.0000	0.0000	0.0000	0.0011	0.0000
NAT10|Q9H0A0	0.0000	0.0001	0.0000	0.0000	0.0000	0.0000	0.9998	0.0000	0.0002	0.0000	0.0000	0.0000
SMARCAD1|Q9H4L7	0.0000	0.0024	0.0001	0.0000	0.0179	0.6451	0.1677	0.0009	0.0009	0.0000	0.0000	0.0000
LOC127814297|U3KPZ7	0.0001	0.6317	0.0000	0.0000	0.0045	0.0165	0.0123	0.0000	0.0000	0.0000	0.0006	0.0000
U2SURP|O15042	0.0000	0.9968	0.0000	0.0000	0.0000	0.0000	0.0015	0.0000	0.0000	0.0000	0.0000	0.0000
DDX46|Q7L014	0.9981	0.0000	0.0082	0.0000	0.0000	0.0005	0.0000	0.0022	0.3856	0.0000	0.0000	0.0001
CNKSR2|Q8WXI2	0.0000	0.5648	0.0216	0.0000	0.0000	0.0195	0.0002	0.0101	0.0000	0.0000	0.0000	0.0001
SLTM|Q9NWH9	0.0000	0.9467	0.0001	0.0000	0.0018	0.0000	0.0000	0.0009	0.0000	0.0000	0.4676	0.0000
EPHA5|P54756	0.0000	0.0002	0.1362	0.0000	0.0000	0.0000	0.0000	0.0019	0.0000	0.0000	0.6220	0.0000
IPO8|O15397	0.0000	0.0006	0.0000	0.0000	0.9979	0.0000	0.0003	0.0000	0.0000	0.0000	0.0000	0.0000
IPO7|O95373	0.0000	0.0013	0.0000	0.9245	0.9991	0.0000	0.0000	0.0000	0.0000	0.0000	0.0000	0.0000
DHX16|O60231	0.0002	0.8795	0.0001	0.0000	0.0185	0.0427	0.1752	0.0000	0.0000	0.0000	0.0000	0.0000
IPO9|Q96P70	0.0000	0.0000	0.0021	0.0078	0.0000	0.0017	0.0000	0.4464	0.0104	0.0000	0.0000	0.0000
MTREX|P42285	0.8438	0.0000	0.0003	0.0000	0.0000	0.0003	0.9993	0.0000	0.0008	0.0000	0.0000	0.0000
SMARCA1|P28370	0.0000	0.0007	0.0039	0.0020	0.0000	0.0489	0.0001	0.1413	0.0003	0.0000	0.0001	0.0000
FBH1|Q8NFZ0	0.0000	0.0000	0.0000	0.0000	0.0000	0.9999	0.0000	0.0000	0.0000	0.0000	0.0050	0.0000
INTS3|Q68E01	0.1322	0.0089	0.0000	0.0000	0.0000	0.1006	0.6843	0.0000	0.0001	0.0000	0.0000	0.0000
OGT|O15294	0.0000	0.7419	0.0025	0.0006	0.6135	0.0000	0.0000	0.0000	0.0001	0.0000	0.0000	0.0002
SUPT16H|Q9Y5B9	0.0000	0.0179	0.0000	0.0000	0.0000	0.9021	0.0904	0.0000	0.0000	0.0000	0.0017	0.0000
DSG1|Q02413	0.0000	0.0000	0.0000	0.0000	0.0000	0.0000	0.0000	0.0000	0.0000	0.0000	1.0000	0.0000
RBM44|Q6ZP01	0.0000	0.0002	0.0065	0.0000	0.0000	0.0002	0.0000	0.0950	0.0000	0.0000	0.8369	0.0000
SMARCA5|O60264	0.0000	0.0001	0.0000	0.0000	0.0000	0.9995	0.0044	0.0000	0.0000	0.0000	0.0000	0.0000
CEBPZ|Q03701	0.0000	0.0187	0.0000	0.0000	0.0004	0.0447	0.9776	0.0000	0.0001	0.0000	0.0000	0.0000
DIS3L|Q8TF46	0.0000	0.9997	0.0000	0.0000	0.9946	0.0000	0.0000	0.0000	0.0000	0.0000	0.0000	0.0002
EPHB2|P29323	0.0000	0.0000	0.0000	0.0048	0.0000	0.0001	0.0000	0.0001	0.0000	0.0000	0.1606	0.0000
GEMIN4|P57678	0.0000	0.0006	0.0000	0.0000	0.0000	0.0001	0.9998	0.0000	0.0000	0.0000	0.0000	0.0000
UBA1|P22314	0.0000	0.0006	0.0001	0.9789	0.9951	0.0000	0.0000	0.0002	0.0000	0.0000	0.0000	0.0000
DNA2|P51530	0.0000	0.0000	0.0000	0.0244	0.0003	0.0000	0.0000	0.0559	0.0000	0.0000	0.0000	0.0000
RBM27|Q9P2N5	0.0011	0.0988	0.0001	0.0000	0.0027	0.0166	0.0008	0.0000	0.0000	0.0000	0.0283	0.0001
VARS2|Q5ST30	0.0000	0.0008	0.0002	0.0020	0.0000	0.0000	0.0004	0.0020	0.0000	0.0000	0.0000	0.0000
PUM2|Q8TB72	0.0001	0.9183	0.0008	0.0000	0.9719	0.0082	0.0003	0.0013	0.0000	0.0000	0.0000	0.0000
RBMXL3|Q8N7X1	0.0000	0.9896	0.0000	0.0000	0.5051	0.0000	0.0000	0.0000	0.0000	0.0000	0.0951	0.0000
XPO1|O14980	0.1371	0.0133	0.7082	0.0133	0.0033	0.0005	0.6898	0.0002	0.7399	0.0001	0.0015	0.0000
RNF31|Q96EP0	0.0000	0.0000	0.6116	0.0000	0.0000	0.0017	0.0002	0.1302	0.0012	0.0000	0.0014	0.0000
ZFR|Q96KR1	0.0000	0.0007	0.0000	0.0000	0.7616	0.9879	0.0000	0.0000	0.0000	0.0000	0.0000	0.0001
ATXN2L|Q8WWM7	0.9665	0.5669	0.0001	0.0000	0.9887	0.0000	0.0000	0.0000	0.0000	0.0000	0.0000	0.0007
NEMF|O60524	0.0063	0.1449	0.0040	0.0002	0.0002	0.0070	0.0002	0.0047	0.0050	0.0000	0.0000	0.0004
ZRANB3|Q5FWF4	0.0000	0.0000	0.0000	0.0000	0.0000	0.9996	0.0000	0.0024	0.0000	0.0000	0.0000	0.0000
IPO4|Q8TEX9	0.0000	0.0012	0.0000	0.0000	0.0000	0.2064	0.0185	0.3185	0.0000	0.0000	0.0000	0.0000
SUGP2|Q8IX01	0.0000	0.9998	0.0000	0.0000	0.9871	0.0000	0.0000	0.0000	0.0000	0.0000	0.0000	0.0000
CAPN15|O75808	0.0000	0.6065	0.0110	0.0000	0.0009	0.0001	0.0002	0.0083	0.0000	0.0000	0.0000	0.0000
OAS3|Q9Y6K5	0.0000	0.0030	0.0000	0.0000	0.9996	0.0000	0.0000	0.0022	0.0000	0.0000	0.0000	0.0000
SUPT5H|O00267	0.0000	0.6135	0.0000	0.0295	0.3454	0.0000	0.0000	0.0005	0.0000	0.0000	0.0006	0.0000
UBAP2L|Q14157	0.0000	0.8056	0.0000	0.0000	0.8815	0.6564	0.0006	0.0002	0.0000	0.0000	0.0000	0.0000
XPO7|Q9UIA9	0.0000	0.0000	0.0000	0.3700	0.0000	0.0001	0.0000	0.0121	0.0000	0.0000	0.0000	0.0000
SEC24C|P53992	0.0000	0.0008	0.0000	0.9880	0.9979	0.0000	0.0000	0.0000	0.0000	0.0000	0.0000	0.0000
FAM120C|Q9NX05	0.0000	0.9999	0.0000	0.0000	0.9899	0.0000	0.0000	0.0000	0.0000	0.0000	0.0000	0.0000
LARP1|Q6PKG0	0.0000	0.9562	0.0000	0.0000	0.9721	0.0001	0.0013	0.0000	0.0000	0.0000	0.0001	0.0000
IPO5|O00410	0.0000	0.0000	0.0000	0.7501	0.0001	0.0000	0.0000	0.0002	0.0000	0.0000	0.0000	0.0000
PPP1R9A|Q9ULJ8	0.0000	0.0015	0.0251	0.0198	0.0000	0.0146	0.0000	0.8013	0.0000	0.0000	0.0005	0.0000
TCERG1|O14776	0.0294	0.0182	0.2070	0.0000	0.0338	0.0007	0.0000	0.0017	0.0002	0.0000	0.0017	0.0084
TDRD7|Q8NHU6	0.0000	0.9999	0.0000	0.0000	0.9118	0.0000	0.0000	0.0000	0.0000	0.0000	0.0000	0.0000
R3HDM1|Q15032	0.0000	0.9995	0.0000	0.0000	0.9424	0.0004	0.0000	0.0004	0.0000	0.0000	0.0000	0.0000
ACLY|P53396	0.0000	0.0000	0.0001	0.8414	0.0000	0.0000	0.0000	0.0002	0.0000	0.0000	0.0000	0.0000
HELQ|Q8TDG4	0.0000	0.0005	0.0000	0.0000	0.0000	0.9951	0.0000	0.0036	0.0000	0.0000	0.0000	0.0000
SECISBP2L|Q93073	0.0000	0.5749	0.0601	0.0000	0.1611	0.0015	0.0035	0.0002	0.0002	0.0000	0.0130	0.0048
ADNP|Q9H2P0	0.0007	0.0001	0.0004	0.0002	0.0000	0.0001	0.0616	0.0000	0.0007	0.0000	0.0589	0.0000
USP7|Q93009	0.0000	0.0000	0.0000	0.0000	0.0000	0.9999	0.0000	0.0017	0.0000	0.0000	0.0000	0.0000
KIF1C|O43896	0.0000	0.9203	0.0000	0.0000	0.0017	0.0000	0.0000	0.0000	0.0000	0.0000	0.5514	0.0000
RANBP6|O60518	0.0000	0.0000	0.0001	0.9971	0.0000	0.0000	0.0000	0.0019	0.0000	0.0000	0.0000	0.0000
SMARCC1|Q92922	0.0000	0.0695	0.0094	0.0002	0.3483	0.0012	0.0278	0.0097	0.0000	0.0000	0.0000	0.0000
POLD1|P28340	0.0000	0.0714	0.0002	0.0000	0.0790	0.1003	0.8290	0.0000	0.0001	0.0001	0.0000	0.0000
STARD13|Q9Y3M8	0.0000	0.8239	0.0000	0.0000	0.4490	0.0030	0.0012	0.0001	0.0000	0.0000	0.0209	0.0000
OTUD4|Q01804	0.0001	0.9827	0.0001	0.0000	0.0197	0.0003	0.0001	0.0001	0.0000	0.0000	0.0001	0.0000
FAM120A|Q9NZB2	0.0000	0.9999	0.0000	0.0000	0.9412	0.0000	0.0000	0.0001	0.0000	0.0000	0.0000	0.0000
UBAP2|Q5T6F2	0.0000	0.8668	0.0001	0.0000	0.5276	0.7130	0.0007	0.0018	0.0000	0.0001	0.0001	0.0000
EFL1|Q7Z2Z2	0.0000	0.0000	0.0000	0.0101	0.0000	0.0004	0.0000	0.0069	0.0000	0.0000	0.0000	0.0000
NFX1|Q12986	0.0000	0.5846	0.0261	0.0000	0.0241	0.0003	0.0101	0.0001	0.0041	0.0000	0.0001	0.0008
WDR6|Q9NNW5	0.0000	0.0000	0.0000	0.0002	0.0000	0.0025	0.0024	0.0003	0.0000	0.0000	0.3926	0.0000
RBM6|P78332	0.0034	0.8075	0.0403	0.0084	0.7899	0.0080	0.0096	0.0024	0.0010	0.0076	0.0072	0.0084
USP36|Q9P275	0.0000	0.9203	0.0004	0.0000	0.0047	0.0113	0.1032	0.0000	0.0000	0.0000	0.0001	0.0000
XPO6|Q96QU8	0.0000	0.0000	0.0000	0.0000	0.0000	0.0446	0.2447	0.0213	0.0001	0.0000	0.0002	0.0000
UPF1|Q92900	0.0000	0.9988	0.0000	0.0000	0.0000	0.0000	0.0005	0.0001	0.0000	0.0000	0.0000	0.0000
WDHD1|O75717	0.0006	0.0002	0.0004	0.0000	0.0004	0.8978	0.0000	0.1653	0.0057	0.0000	0.0000	0.0000
PELP1|Q8IZL8	0.0000	0.0001	0.0028	0.0010	0.0000	0.0000	0.0000	0.0003	0.0007	0.0000	0.0157	0.0001
TERT|O14746	0.0000	0.0624	0.0003	0.0000	0.4369	0.8444	0.2221	0.0004	0.0000	0.0001	0.0000	0.0002
POLR3B|Q9NW08	0.0000	0.8387	0.0000	0.0015	0.3085	0.0005	0.0005	0.0000	0.0000	0.0000	0.0000	0.0000
RC3H1|Q5TC82	0.0000	1.0000	0.0000	0.0000	0.1549	0.0000	0.0000	0.0000	0.0000	0.0000	0.0000	0.0000
ANKS1A|Q92625	0.0016	0.0069	0.0336	0.0000	0.0000	0.0000	0.0002	0.0028	0.0000	0.0000	0.0224	0.0000
VCL|P18206	0.0000	0.0006	0.0383	0.0451	0.0000	0.0000	0.0000	0.0001	0.0000	0.0000	0.8148	0.0000
POLR1B|Q9H9Y6	0.0000	0.1031	0.0000	0.0000	0.0009	0.9728	0.0036	0.0000	0.0000	0.0000	0.0000	0.0000
SMG7|Q92540	0.0000	0.9998	0.0000	0.0000	0.7926	0.0000	0.0000	0.0000	0.0000	0.0000	0.0001	0.0001
DDB1|Q16531	0.0000	0.6574	0.0000	0.0001	0.0002	0.0000	0.0285	0.0000	0.0000	0.0000	0.0000	0.0000
TTC17|Q96AE7	0.0000	0.9999	0.0000	0.0000	0.8464	0.0000	0.0000	0.0000	0.0000	0.0000	0.0000	0.0001
DHX34|Q14147	0.0000	0.0433	0.0415	0.0063	0.0005	0.0000	0.0001	0.2821	0.0005	0.0000	0.0018	0.0000
NCAPG2|Q86XI2	0.0000	0.0002	0.0013	0.0000	0.0000	0.6736	0.2961	0.0003	0.0000	0.0000	0.0006	0.0000
NOL6|Q9H6R4	0.0000	0.7046	0.0009	0.0000	0.0017	0.7648	0.4000	0.0000	0.0000	0.0000	0.0000	0.0000
SCAF4|O95104	0.0003	0.9451	0.0000	0.0173	0.0010	0.0000	0.0000	0.0000	0.0000	0.0000	0.0002	0.0000
RFC1|P35251	0.0000	0.9996	0.0000	0.0000	0.0002	0.0000	0.0018	0.0000	0.0000	0.0000	0.0000	0.0000
CCAR1|Q8IX12	0.0000	0.0354	0.0000	0.0000	0.9994	0.0000	0.0002	0.0000	0.0000	0.0000	0.0000	0.0000
MAP4|P27816	0.0000	0.0667	0.0031	0.9593	0.1414	0.0000	0.0000	0.0029	0.0004	0.0000	0.0000	0.0003
AP3D1|O14617	0.0000	0.0000	0.0000	0.9302	0.0000	0.0002	0.0002	0.0009	0.0002	0.0000	0.0000	0.0000
DHX37|Q8IY37	0.0000	0.4943	0.0001	0.0000	0.0055	0.0160	0.7950	0.0000	0.0000	0.0000	0.0000	0.0000
TTF2|Q9UNY4	0.0000	0.0102	0.0000	0.0000	0.0187	0.7983	0.0000	0.0001	0.0000	0.0000	0.0003	0.0000
AFF4|Q9UHB7	0.7490	0.5577	0.0000	0.0000	0.0041	0.0002	0.0009	0.0000	0.0000	0.0000	0.2096	0.0004
TNKS2|Q9H2K2	0.0000	0.0002	0.0004	0.0000	0.0000	0.9949	0.0000	0.0497	0.0000	0.0000	0.0010	0.0000
NOL8|Q76FK4	0.0000	0.0000	0.0000	0.0000	0.0000	0.0006	1.0000	0.0000	0.0000	0.0000	0.0000	0.0000
RBM33|Q96EV2	0.0002	0.8366	0.0016	0.0000	0.0000	0.0006	0.0036	0.0005	0.0000	0.0000	0.0937	0.0000
CTR9|Q6PD62	0.6077	0.0000	0.0000	0.0000	0.0000	0.0000	0.0000	0.0000	0.0020	0.0000	0.0000	0.0000
POLR2B|P30876	0.0000	0.0073	0.0000	0.0000	0.9955	0.0003	0.0000	0.0005	0.0000	0.0000	0.0000	0.0000
LARS1|Q9P2J5	0.0000	0.0031	0.0082	0.3068	0.0001	0.0000	0.0000	0.0001	0.0050	0.0000	0.0000	0.0000
TDRD12|Q587J7	0.0000	0.0000	0.0000	0.0000	0.0096	0.1199	0.0000	0.0000	0.0000	0.0000	0.0001	0.0000
TDRD1|Q9BXT4	0.0000	0.0000	0.0001	0.0001	0.0000	0.0001	0.0000	0.0117	0.0000	0.0000	0.1404	0.0000
HEATR6|Q6AI08	0.0000	0.0000	0.0462	0.0001	0.0000	0.0271	0.0000	0.0130	0.0000	0.0000	0.0152	0.0000
PUM1|Q14671	0.0000	0.9973	0.0025	0.0000	0.9929	0.0000	0.0000	0.0000	0.0000	0.0000	0.0000	0.0000
ZC3H6|P61129	0.0004	0.2851	0.0000	0.0000	0.0000	0.0100	0.0129	0.0000	0.0000	0.0000	0.3001	0.0000
RC3H2|Q9HBD1	0.0000	0.9999	0.0003	0.0000	0.0388	0.0000	0.0000	0.0000	0.0000	0.0000	0.0000	0.0002
DHX30|Q7L2E3	0.0000	0.9996	0.0000	0.3802	0.9160	0.0000	0.0000	0.0001	0.0000	0.0000	0.0000	0.0017
PPFIA3|O75145	0.0000	0.0145	0.0365	0.8766	0.0000	0.0000	0.0000	0.0303	0.0000	0.0000	0.0004	0.0000
SMC2|O95347	0.0000	0.0000	0.0000	0.0000	0.0000	1.0000	0.0000	0.0035	0.0000	0.0000	0.0000	0.0000
CASKIN2|Q8WXE0	0.0000	0.0513	0.0000	0.0001	0.0002	0.0000	0.0000	0.0007	0.0000	0.0000	0.0125	0.0000
PAN2|Q504Q3	0.0000	0.0103	0.0015	0.0000	0.0001	0.0014	0.0003	0.0616	0.0000	0.0000	0.0000	0.0000
FNDC3B|Q53EP0	0.0000	0.9998	0.0000	0.0000	0.9628	0.0000	0.0000	0.0000	0.0000	0.0000	0.0000	0.0005
XPO5|Q9HAV4	0.0000	0.0002	0.0000	0.0605	0.0000	0.0730	0.0000	0.0005	0.0000	0.0000	0.0000	0.0000
DZIP3|Q86Y13	0.0000	1.0000	0.0000	0.0000	0.9935	0.0000	0.0000	0.0000	0.0000	0.0000	0.0000	0.0000
RECQL4|O94761	0.0000	0.0000	0.0000	0.0000	0.0000	0.0042	0.9998	0.0000	0.0000	0.0000	0.0000	0.0000
MOV10L1|Q9BXT6	0.0000	0.0000	0.0012	0.0247	0.0027	0.0002	0.0000	0.0032	0.0000	0.0000	0.0000	0.0000
DGKD|Q16760	0.0000	0.0006	0.0009	0.0000	0.0000	0.3848	0.0541	0.0008	0.0002	0.0000	0.0000	0.0000
SF3B3|Q15393	0.0000	0.9067	0.0000	0.0005	0.0001	0.0000	0.0034	0.0000	0.0000	0.0000	0.0000	0.0000
FKBP15|Q5T1M5	0.0000	0.0000	0.0032	0.0010	0.0000	0.0006	0.0000	0.0921	0.0000	0.0000	0.0748	0.0000
RTEL1|Q9NZ71	0.0000	0.9644	0.0002	0.0016	0.0049	0.0000	0.0010	0.0000	0.0000	0.0000	0.0002	0.0000
DGKH|Q86XP1	0.0000	0.0001	0.0004	0.0000	0.0000	0.9515	0.0085	0.0077	0.0000	0.0000	0.0000	0.0000
DHX8|Q14562	0.0456	0.0972	0.1629	0.0000	0.0000	0.0001	0.0000	0.0000	0.0019	0.0000	0.1503	0.0005
EIF5B|O60841	0.0000	0.0317	0.0000	0.0000	0.9938	0.0010	0.0010	0.0000	0.0000	0.0000	0.0000	0.0000
SEC31A|O94979	0.0000	0.0000	0.0000	0.7484	0.0000	0.0004	0.0000	0.1470	0.0000	0.0000	0.0000	0.0000
REXO1|Q8N1G1	0.0000	0.0146	0.0000	0.0000	0.0401	0.0067	0.0000	0.0020	0.0000	0.0000	0.0037	0.0000
COPA|P53621	0.0000	0.0000	0.0001	0.8909	0.0000	0.0000	0.0000	0.0001	0.0000	0.0000	0.0001	0.0000
WDR11|Q9BZH6	0.0000	0.0006	0.0035	0.0003	0.0013	0.0705	0.0000	0.0395	0.0000	0.0000	0.0002	0.0000
ADAR|P55265	0.0000	0.0002	0.0000	0.0000	0.0000	0.0002	0.9975	0.0000	0.0000	0.0000	0.0001	0.0000
DHX38|Q92620	0.0000	0.2550	0.0000	0.0000	0.0001	0.0001	0.1514	0.0002	0.0001	0.0000	0.0000	0.0000
RBM20|Q5T481	0.0005	0.7364	0.0193	0.0000	0.7212	0.0194	0.0057	0.0000	0.0013	0.2294	0.0016	0.0016
CAND1|Q86VP6	0.0000	0.0000	0.0005	0.9458	0.0000	0.0000	0.0000	0.0000	0.0000	0.0000	0.0000	0.0000
POLRMT|O00411	0.0000	0.9997	0.0000	0.0000	0.0000	0.0002	0.0032	0.0000	0.0000	0.0000	0.0000	0.0000
SMC1A|Q14683	0.0000	0.0007	0.0000	0.0000	0.0000	0.9994	0.0000	0.0014	0.0000	0.0000	0.0000	0.0000
SKIC2|Q15477	0.0000	0.0001	0.0002	0.1256	0.0000	0.0000	0.0000	0.0015	0.0000	0.0000	0.0003	0.0000
SASH1|O94885	0.0000	0.0000	0.0004	0.0021	0.0000	0.0442	0.0000	0.1066	0.0000	0.0000	0.0004	0.0000
ANKS1B|Q7Z6G8	0.0001	0.0016	0.0753	0.3580	0.0002	0.0001	0.0003	0.0096	0.7550	0.0000	0.0021	0.0004
BRIP1|Q9BX63	0.0000	0.0008	0.0453	0.0000	0.0003	0.1271	0.0000	0.0491	0.0000	0.0000	0.0029	0.0004
ERCC6L|Q2NKX8	0.0000	0.0000	0.0000	0.0000	0.0000	0.9999	0.0001	0.0018	0.0000	0.0000	0.0000	0.0000
ARID4A|P29374	0.0000	0.0001	0.0025	0.0000	0.0000	0.8400	0.2400	0.0134	0.0000	0.0000	0.0038	0.0000
PPFIA2|O75334	0.0000	0.0000	0.0014	0.6112	0.0000	0.0008	0.0000	0.0181	0.0000	0.0000	0.0303	0.0000
INPPL1|O15357	0.9983	0.0000	0.0000	0.0000	0.0000	0.0055	0.0000	0.0001	0.0260	0.0000	0.0000	0.0000
IARS1|P41252	0.0000	0.0434	0.0000	0.0000	0.0050	0.0075	0.9588	0.0001	0.0005	0.0000	0.0000	0.0000
VARS1|P26640	0.0000	0.0929	0.0112	0.0000	0.0000	0.0009	0.0078	0.0002	0.0001	0.0000	0.0032	0.0000
HDLBP|Q00341	0.0000	0.0002	0.0000	0.6076	0.0000	0.0009	0.0000	0.0003	0.0000	0.0000	0.0000	0.0000
SEC24B|O95487	0.0000	0.3277	0.0039	0.0000	0.7718	0.0171	0.0002	0.0017	0.0000	0.0000	0.0000	0.0045
DHX9|Q08211	0.0001	0.8497	0.0000	0.0000	0.4462	0.0039	0.3271	0.0000	0.0000	0.0000	0.0000	0.0000
SCAF8|Q9UPN6	0.0008	0.0056	0.0117	0.0006	0.0000	0.0004	0.0008	0.0001	0.0001	0.0000	0.5239	0.0000
DIAPH1|O60610	0.0000	0.0075	0.0000	0.0000	0.0000	0.0000	0.0000	0.0017	0.0000	0.0000	0.9125	0.0000
UPF2|Q9HAU5	0.0000	0.0457	0.0000	0.0000	0.9712	0.0048	0.0004	0.0004	0.0000	0.0000	0.0000	0.0000
SYMPK|Q92797	0.0000	0.6713	0.0000	0.0000	0.0000	0.0000	0.0000	0.0001	0.0000	0.0000	0.4501	0.0000
DCTN1|Q14203	0.0000	0.0000	0.0000	0.8808	0.0000	0.0005	0.0000	0.0013	0.0000	0.0000	0.0000	0.0000
BMS1|Q14692	0.0000	0.9513	0.0021	0.0000	0.0017	0.0014	0.3027	0.0000	0.0000	0.0000	0.0000	0.0000
SMC4|Q9NTJ3	0.0000	0.0086	0.0011	0.0000	0.3442	0.7580	0.0000	0.1711	0.0000	0.0000	0.0000	0.0003
CLASP2|O75122	0.0000	0.3845	0.0000	0.0000	0.0001	0.0037	0.0013	0.0111	0.0000	0.0000	0.0285	0.0000
RRP12|Q5JTH9	0.0000	0.0006	0.0000	0.0000	0.0002	0.0043	0.9998	0.0000	0.0000	0.0000	0.0000	0.0000
GIGYF2|Q6Y7W6	0.0000	0.9985	0.0000	0.0000	0.0002	0.0000	0.0000	0.0001	0.0000	0.0000	0.0008	0.0000
ZC3H4|Q9UPT8	0.0000	0.0000	0.0003	0.0000	0.0000	0.9993	0.0000	0.0000	0.0000	0.0000	0.0000	0.0000
SF3B1|O75533	0.9875	0.9364	0.0005	0.0000	0.0002	0.0000	0.0006	0.0000	0.0000	0.0000	0.0002	0.0000
CLUH|O75153	0.0000	0.0006	0.0000	0.0000	0.9998	0.0000	0.0001	0.0000	0.0000	0.0000	0.0000	0.0000
ARID4B|Q4LE39	0.0000	0.8887	0.0049	0.0051	0.0235	0.0004	0.0007	0.0007	0.0000	0.0000	0.0000	0.0000
RAD50|Q92878	0.0000	0.0002	0.0000	0.0000	0.0000	0.9995	0.0000	0.0149	0.0000	0.0000	0.0000	0.0000
SCAF1|Q9H7N4	0.0022	0.0253	0.0030	0.0000	0.0023	0.9867	0.1251	0.0004	0.0001	0.0022	0.0000	0.0000
ATXN2|Q99700	0.0000	0.9999	0.0000	0.0000	0.9631	0.0000	0.0000	0.0000	0.0000	0.0000	0.0000	0.0000
TNKS|O95271	0.0000	0.0032	0.0004	0.0000	0.4000	0.4532	0.0000	0.8293	0.0000	0.0000	0.0000	0.0021
MYBBP1A|Q9BQG0	0.0001	0.8964	0.0000	0.0000	0.0013	0.0120	0.5384	0.0000	0.0000	0.0000	0.0000	0.0000
RPTOR|Q8N122	0.0000	0.0480	0.0000	0.0000	0.9998	0.0000	0.0000	0.0002	0.0000	0.0000	0.0000	0.0000
WDR33|Q9C0J8	0.0000	0.9992	0.0000	0.0000	0.0000	0.0000	0.0004	0.0000	0.0000	0.0000	0.0000	0.0000
PDS5A|Q29RF7	0.0000	0.8730	0.0000	0.0019	0.7961	0.0000	0.0000	0.0000	0.0000	0.0000	0.0000	0.0000
PFAS|O15067	0.0000	0.0226	0.0000	0.0000	0.9966	0.0000	0.0006	0.0000	0.0000	0.0000	0.0000	0.0000
ACIN1|Q9UKV3	0.8390	0.0641	0.0000	0.0000	0.0002	0.0024	0.0026	0.0000	0.0001	0.0000	0.0005	0.0000
KTN1|Q86UP2	0.0000	0.2668	0.0002	0.0000	0.0000	0.0013	0.0001	0.4213	0.0000	0.0000	0.0013	0.0000
PIK3R4|Q99570	0.0000	0.0000	0.0000	0.8382	0.0000	0.0000	0.0000	0.0004	0.0000	0.0000	0.0003	0.0000
MSH6|P52701	0.0000	0.0270	0.0001	0.0000	0.9881	0.0093	0.0005	0.0000	0.0000	0.0000	0.0000	0.0000
NSD2|O96028	0.0000	0.0015	0.0000	0.0000	0.0003	0.9921	0.3616	0.0000	0.0000	0.0000	0.0000	0.0000
KIF24|Q5T7B8	0.0000	0.0125	0.1806	0.0000	0.0000	0.0054	0.0026	0.0011	0.0000	0.0000	0.0038	0.0003
DHX29|Q7Z478	0.0000	0.7861	0.0000	0.0000	0.0000	0.0000	0.6233	0.0000	0.0000	0.0000	0.0000	0.0000
ZMYM3|Q14202	0.0000	0.0003	0.1813	0.0000	0.0000	0.0474	0.0000	0.0002	0.0000	0.0000	0.0000	0.0001
DROSHA|Q9NRR4	0.0002	0.1239	0.0001	0.0000	0.5949	0.0374	0.6871	0.0000	0.0000	0.0006	0.0000	0.0002
ZMYM2|Q9UBW7	0.0000	0.0009	0.9970	0.0000	0.0001	0.0000	0.0000	0.0002	0.0003	0.0000	0.0000	0.0001
TONSL|Q96HA7	0.0000	0.0000	0.0000	0.0000	0.0000	0.9996	0.0000	0.0011	0.0000	0.0000	0.0015	0.0000
EIF3A|Q14152	0.0000	0.0844	0.0000	0.0000	0.1056	0.0000	0.0001	0.0000	0.0000	0.0000	0.0040	0.0000
TDRD9|Q8NDG6	0.0000	0.0006	0.0000	0.0000	0.0001	0.0085	0.1060	0.0000	0.0000	0.0000	0.3130	0.0000
DHX57|Q6P158	0.0000	0.9994	0.0000	0.0000	0.8759	0.0002	0.0000	0.0001	0.0000	0.0000	0.0000	0.0000
ROCK2|O75116	0.0000	0.0026	0.0002	0.6715	0.0000	0.0000	0.0000	0.0033	0.0000	0.0000	0.0000	0.0000
POLR3A|O14802	0.0000	0.9869	0.0000	0.0000	0.0001	0.0000	0.0000	0.0000	0.0000	0.0000	0.0001	0.0000
LRPPRC|P42704	0.0000	0.0003	0.0000	0.9947	0.0000	0.0000	0.0000	0.0117	0.0000	0.0000	0.0000	0.0000
EDC4|Q6P2E9	0.0000	0.9998	0.0001	0.0000	0.0002	0.0000	0.0000	0.0006	0.0000	0.0000	0.0000	0.0000
NCAPD2|Q15021	0.0000	0.0008	0.0000	0.0000	0.0000	0.9914	0.0028	0.0551	0.0000	0.0000	0.0000	0.0000
TNS2|Q63HR2	0.0000	0.0015	0.0000	0.0000	0.0000	0.0000	0.0000	0.0000	0.0000	0.0000	0.9999	0.0000
RRBP1|Q9P2E9	0.0000	0.0001	0.0000	0.5867	0.0000	0.0011	0.0000	0.0000	0.0000	0.0000	0.0000	0.0000
BLM|P54132	0.0000	0.0657	0.0842	0.0000	0.0000	0.0021	0.0000	0.7724	0.0000	0.0000	0.0001	0.0000
SMG6|Q86US8	0.0000	0.0000	0.0000	0.0000	0.0000	0.9995	0.9996	0.0000	0.0000	0.0000	0.0000	0.0000
YTHDC2|Q9H6S0	0.0000	0.9999	0.0000	0.0000	0.9725	0.0000	0.0000	0.0000	0.0000	0.0000	0.0000	0.0000
CASKIN1|Q8WXD9	0.0000	0.0000	0.0000	0.7319	0.0000	0.0000	0.0000	0.0000	0.0000	0.0000	0.0000	0.0000
WRN|Q14191	0.0000	0.0033	0.9970	0.0000	0.0001	0.0002	0.0000	0.0347	0.0001	0.0000	0.0000	0.0002
HFM1|A2PYH4	0.0000	0.0000	0.0000	0.0000	0.0000	0.0004	0.0000	0.0000	0.0000	0.0000	0.7750	0.0000
CPSF1|Q10570	0.0000	0.9999	0.0000	0.0000	0.0001	0.0000	0.0000	0.0000	0.0000	0.0000	0.0000	0.0000
TNS3|Q68CZ2	0.0000	0.0000	0.0000	0.0000	0.0002	0.0000	0.0000	0.0000	0.0000	0.0000	0.9999	0.0000
ARAP1|Q96P48	0.0000	0.0038	0.0009	0.0000	0.0056	0.4645	0.0001	0.4820	0.0021	0.0000	0.0003	0.0003
RPRD2|Q5VT52	0.0000	0.1563	0.0004	0.0000	0.0096	0.0020	0.0000	0.0326	0.0000	0.0000	0.6109	0.0000
NKTR|P30414	0.8360	0.1029	0.0000	0.0000	0.0001	0.0000	0.0050	0.0000	0.0000	0.0000	0.6212	0.0000
POLA1|P09884	0.0000	0.0048	0.0030	0.0004	0.0000	0.0001	0.1826	0.0008	0.0000	0.0000	0.0038	0.0000
SCAF11|Q99590	0.0000	0.9489	0.0005	0.0000	0.0241	0.6207	0.0002	0.0014	0.0000	0.0000	0.0000	0.0000
RAD54L2|Q9Y4B4	0.0000	0.0019	0.0188	0.0000	0.0000	0.0200	0.0000	0.0158	0.0000	0.0000	0.9617	0.0000
NUP153|P49790	0.0000	0.0002	0.0001	0.0000	0.0000	0.0001	0.0000	0.9996	0.0000	0.0000	0.0015	0.0000
BAZ1B|Q9UIG0	0.0000	0.9993	0.0000	0.0000	0.0000	0.0005	0.0001	0.0000	0.0000	0.0000	0.0000	0.0000
AQR|O60306	0.0000	0.2486	0.0000	0.0000	0.9883	0.0005	0.0012	0.0000	0.0000	0.0000	0.0000	0.0001
TCOF1|Q13428	0.0000	0.0168	0.0000	0.0000	0.0000	0.9800	0.9162	0.0000	0.0000	0.0000	0.0001	0.0000
CDK12|Q9NYV4	0.9993	0.0000	0.0030	0.0000	0.0000	0.0006	0.0001	0.0000	0.0003	0.0000	0.0000	0.0002
ERCC6|Q03468	0.0000	0.0164	0.0003	0.0000	0.0108	0.9850	0.0000	0.0028	0.0000	0.0000	0.0000	0.0001
TUT7|Q5VYS8	0.0001	0.4013	0.0010	0.0000	0.0034	0.2935	0.2858	0.0007	0.0045	0.0001	0.0003	0.0000
SYNJ2|O15056	0.0000	0.1158	0.0125	0.0020	0.0007	0.0598	0.0668	0.0058	0.0001	0.0000	0.0000	0.0000
NCAPD3|P42695	0.0000	0.0000	0.0001	0.0000	0.0001	0.9831	0.0000	0.2425	0.0000	0.0000	0.0000	0.0000
GPATCH8|Q9UKJ3	0.5349	0.3929	0.0001	0.0000	0.0000	0.2896	0.0040	0.0000	0.0000	0.0000	0.0000	0.0000
GEMIN5|Q8TEQ6	0.0000	0.3317	0.0001	0.0000	0.0013	0.0172	0.0016	0.1711	0.0000	0.0000	0.0000	0.0000
EPRS1|P07814	0.0000	0.9821	0.0000	0.8697	0.0000	0.0000	0.0000	0.0000	0.0000	0.0000	0.0000	0.0000
WDR62|O43379	0.0000	0.0173	0.0001	0.0000	0.9976	0.0002	0.0000	0.0008	0.0000	0.0000	0.0000	0.0000
URB2|Q14146	0.0000	0.0000	0.0002	0.0000	0.0000	0.0001	0.9999	0.0000	0.0001	0.0000	0.0000	0.0000
TOP2A|P11388	0.0000	0.9982	0.0000	0.0000	0.0000	0.0001	0.0211	0.0000	0.0000	0.0000	0.0000	0.0000
CLASP1|Q7Z460	0.0000	0.0340	0.0054	0.0147	0.0022	0.8752	0.0001	0.0116	0.0001	0.0000	0.0149	0.0000
ARAP3|Q8WWN8	0.0000	0.0002	0.0001	0.0000	0.0000	0.2408	0.7221	0.0400	0.0008	0.0000	0.0002	0.0000
ZMYM4|Q5VZL5	0.0000	0.0094	0.0021	0.0000	0.0000	0.0614	0.0317	0.0005	0.0000	0.0000	0.0014	0.0000
PCF11|O94913	0.0000	0.5614	0.0001	0.0000	0.5356	0.0009	0.0000	0.0000	0.0000	0.0000	0.6858	0.0000
BAZ1A|Q9NRL2	0.0000	0.4260	0.0000	0.0000	0.0325	0.9544	0.0001	0.0001	0.0000	0.0000	0.0000	0.0000
INO80|Q9ULG1	0.0000	0.0039	0.0000	0.0000	0.0000	0.9994	0.0000	0.0000	0.0000	0.0000	0.0009	0.0000
ERCC6L2|Q5T890	0.0001	0.0025	0.0008	0.0000	0.0012	0.5152	0.0047	0.0032	0.0021	0.0000	0.0000	0.0000
SKIC3|Q6PGP7	0.0000	0.0000	0.0001	0.9253	0.0000	0.0000	0.0000	0.0076	0.0000	0.0000	0.0000	0.0000
SYNJ1|O43426	0.0000	0.0000	0.0000	0.3493	0.0000	0.0000	0.0000	0.2355	0.0000	0.0000	0.0001	0.0000
CEP170|Q5SW79	0.0002	0.4150	0.4120	0.0111	0.0334	0.0217	0.0018	0.0833	0.0139	0.0001	0.0013	0.0012
SAMD9L|Q8IVG5	0.0000	0.0074	0.0001	0.0000	0.0008	0.0932	0.0006	0.0035	0.0000	0.0000	0.0123	0.0000
EIF4G3|O43432	0.0000	0.0036	0.0000	0.0000	0.9940	0.0001	0.0025	0.0000	0.0000	0.0000	0.0000	0.0000
SAMD9|Q5K651	0.0001	0.0017	0.0029	0.0000	0.0047	0.0374	0.0374	0.0014	0.0001	0.0000	0.0000	0.0001
SMARCA2|P51531	0.3797	0.0049	0.5145	0.0000	0.0001	0.0261	0.0006	0.0000	0.0028	0.0000	0.0000	0.0094
THOC2|Q8NI27	0.0002	0.3554	0.0002	0.0000	0.0073	0.0062	0.0124	0.0001	0.0035	0.0000	0.0003	0.0000
EIF4G1|Q04637	0.0000	0.9787	0.0007	0.0350	0.9421	0.0001	0.0000	0.0000	0.0000	0.0000	0.0002	0.0003
DNMT1|P26358	0.0000	0.0001	0.0000	0.1010	0.0031	0.1380	0.0000	0.0001	0.0000	0.0000	0.0001	0.0000
TARBP1|Q13395	0.0000	0.0000	0.0000	0.0000	0.0000	0.0013	0.1009	0.0000	0.0000	0.0000	0.1145	0.0000
RNF17|Q9BXT8	0.0000	0.8516	0.0174	0.0000	0.0081	0.0040	0.0000	0.1885	0.0000	0.0000	0.0005	0.0014
TOP2B|Q02880	0.0000	0.7761	0.0014	0.0000	0.0010	0.0074	0.7359	0.0000	0.0000	0.0000	0.0000	0.0000
TUT4|Q5TAX3	0.0005	0.9106	0.0496	0.0000	0.5901	0.0097	0.0175	0.0000	0.0007	0.1136	0.0002	0.0002
SMARCA4|P51532	0.8717	0.0000	0.9351	0.0000	0.0000	0.0046	0.0000	0.0001	0.0032	0.0000	0.0000	0.0426
KIF14|Q15058	0.0000	0.0040	0.0063	0.0239	0.0000	0.0036	0.0000	0.0682	0.0000	0.0000	0.0000	0.0000
EIF2AK4|Q9P2K8	0.0000	0.0001	0.0000	0.0000	0.0000	0.0016	0.0000	0.0141	0.0000	0.0000	0.7928	0.0000
IQGAP1|P46940	0.0000	0.0000	0.0000	0.7783	0.0000	0.0005	0.0000	0.0008	0.0000	0.0000	0.0000	0.0000
PPRC1|Q5VV67	0.0000	0.0000	0.0010	0.0000	0.0000	0.0607	0.0000	0.3437	0.0003	0.0000	0.0001	0.0000
ZC3H13|Q5T200	0.9921	0.0129	0.0073	0.0000	0.0000	0.0098	0.0000	0.0000	0.0002	0.0000	0.0019	0.0000
CLTC|Q00610	0.0000	0.0001	0.0000	0.2058	0.0000	0.0000	0.0000	0.0001	0.0000	0.0000	0.0000	0.0000
SHPRH|Q149N8	0.0000	0.0001	0.0000	0.0000	0.0000	0.9938	0.0000	0.0030	0.0000	0.0000	0.0015	0.0000
ARAP2|Q8WZ64	0.0000	0.0004	0.0009	0.0000	0.0000	0.9587	0.0000	0.0207	0.0000	0.0000	0.0001	0.0000
DDX60L|Q5H9U9	0.0000	0.0009	0.0009	0.0000	0.0000	0.9609	0.0019	0.0115	0.0000	0.0000	0.0000	0.0000
XRN1|Q8IZH2	0.0000	0.9998	0.0000	0.0000	0.9163	0.0000	0.0001	0.0000	0.0000	0.0000	0.0000	0.0000
SETD1A|O15047	0.9828	0.0001	0.0044	0.0000	0.0001	0.9439	0.0011	0.0001	0.0028	0.0000	0.0000	0.0001
CHD1|O14646	0.0000	0.3971	0.0000	0.0000	0.9826	0.0637	0.0000	0.0000	0.0000	0.0000	0.0000	0.0000
DDX60|Q8IY21	0.0000	0.0003	0.0008	0.0000	0.0000	0.9977	0.0000	0.0031	0.0000	0.0000	0.0002	0.0000
POLR1A|O95602	0.0000	0.0086	0.0000	0.0000	0.0000	0.9532	0.4092	0.0036	0.0000	0.0000	0.0000	0.0000
SUPT6H|Q7KZ85	0.1342	0.0000	0.0000	0.0093	0.0000	0.0000	0.0004	0.0000	0.0000	0.0000	0.0377	0.0000
CNOT12|Q9C0C2	0.0000	0.8238	0.0012	0.0000	0.2943	0.5965	0.0046	0.0006	0.0000	0.0006	0.0002	0.0000
MARF1|Q9Y4F3	0.0000	0.5334	0.0001	0.0000	0.4607	0.0059	0.0000	0.0244	0.0001	0.0000	0.0000	0.0006
RBBP6|Q7Z6E9	0.0000	0.0013	0.0000	0.0000	0.0000	0.9992	0.9616	0.0000	0.0000	0.0000	0.0000	0.0000
SHANK3|Q9BYB0	0.0000	0.0000	0.0004	0.3278	0.0000	0.0000	0.0000	0.0006	0.0000	0.0000	0.2211	0.0000
VIRMA|Q69YN4	0.0000	0.0147	0.0000	0.0000	0.0000	0.0095	0.0649	0.0107	0.0006	0.0000	0.0071	0.0000
NUP98|P52948	0.0000	0.0000	0.0000	0.0000	0.0000	0.0018	0.0000	0.9998	0.0000	0.0000	0.0001	0.0000
PHIP|Q8WWQ0	0.0000	0.0045	0.5119	0.0029	0.0000	0.0022	0.0153	0.0347	0.0003	0.0000	0.0000	0.0000
AFDN|P55196	0.0000	0.0002	0.0000	0.0046	0.0000	0.0000	0.0000	0.0001	0.0000	0.0000	0.2950	0.0000
MAP2|P11137	0.0000	0.0008	0.0004	0.0264	0.0000	0.0000	0.0000	0.1598	0.0001	0.0000	0.0097	0.0000
CHD2|O14647	0.0029	0.7253	0.0003	0.0000	0.3045	0.0004	0.0271	0.0000	0.0001	0.0000	0.0000	0.0001
TNRC6B|Q9UPQ9	0.0000	0.9986	0.0000	0.0000	0.3034	0.0000	0.0000	0.0814	0.0000	0.0000	0.0000	0.0000
TNS1|Q9HBL0	0.0000	0.0217	0.0000	0.0000	0.0000	0.0053	0.0000	0.0018	0.0000	0.0000	0.9918	0.0000
BTAF1|O14981	0.0000	0.4619	0.0004	0.0000	0.2510	0.0005	0.2047	0.0001	0.0004	0.0000	0.0000	0.0000
SHANK2|Q9UPX8	0.0000	0.0005	0.0000	0.0072	0.0000	0.0000	0.0000	0.0019	0.0000	0.0000	0.1191	0.0000
PDCD11|Q14690	0.0000	0.0570	0.0000	0.0003	0.0000	0.0000	0.1261	0.0001	0.0000	0.0000	0.0003	0.0000
ZNF106|Q9H2Y7	0.0000	0.3690	0.0000	0.0000	0.0000	0.2520	0.0004	0.0402	0.0000	0.0000	0.0044	0.0000
NUP210|Q8TEM1	0.0000	0.7158	0.0000	0.0002	0.0000	0.0000	0.0000	0.0013	0.0000	0.0000	0.0167	0.0000
BAZ2A|Q9UIF9	0.0001	0.0014	0.1809	0.0000	0.0000	0.8751	0.0052	0.0003	0.0000	0.0000	0.0001	0.0002
CHD4|Q14839	0.0000	0.0053	0.0000	0.0144	0.0000	0.0582	0.0003	0.0000	0.0000	0.0000	0.0021	0.0000
ZNFX1|Q9P2E3	0.0000	0.0101	0.0001	0.0000	0.0001	0.9311	0.0664	0.0000	0.0000	0.0000	0.0000	0.0000
DICER1|Q9UPY3	0.0000	0.0208	0.0063	0.0000	0.0000	0.0797	0.0000	0.0063	0.0000	0.0000	0.0438	0.0000
TDRD15|B5MCY1	0.0000	0.8403	0.0182	0.0000	0.0064	0.0001	0.0128	0.0001	0.0001	0.0000	0.0000	0.0000
TNRC6C|Q9HCJ0	0.0000	0.9992	0.0005	0.0000	0.1150	0.0001	0.0000	0.0027	0.0000	0.0000	0.0004	0.0004
HELZ|P42694	0.0000	0.9179	0.0000	0.0000	0.0000	0.0000	0.0000	0.0000	0.0000	0.0000	0.9627	0.0000
CHD5|Q8TDI0	0.0000	0.0295	0.0000	0.0000	0.0001	0.0133	0.7725	0.0003	0.0000	0.0000	0.0000	0.0000
MYH9|P35579	0.0000	0.0000	0.0000	0.0090	0.0020	0.7891	0.0002	0.0010	0.0000	0.0000	0.0000	0.0000
TNRC6A|Q8NDV7	0.0000	0.9878	0.0000	0.0000	0.3311	0.0025	0.0002	0.0000	0.0000	0.0000	0.0000	0.0000
SETD1B|Q9UPS6	0.0000	0.0016	0.0006	0.0000	0.0000	0.0114	0.9457	0.0000	0.0003	0.0000	0.0076	0.0000
POLR2A|P24928	0.0000	0.0038	0.0000	0.0029	0.0035	0.0000	0.0000	0.2996	0.0000	0.0000	0.5293	0.0000
TP53BP1|Q12888	0.0000	0.0012	0.0001	0.0131	0.0043	0.2945	0.0000	0.0062	0.0000	0.0000	0.0001	0.0000
MYH10|P35580	0.0000	0.0007	0.0000	0.5684	0.0000	0.0005	0.0000	0.0254	0.0000	0.0000	0.0000	0.0000
ZNF638|Q14966	0.0000	0.0001	0.0082	0.0033	0.0000	0.0205	0.0373	0.0032	0.0026	0.0000	0.0012	0.0000
ZFC3H1|O60293	0.0000	0.0008	0.0011	0.0000	0.0000	0.0025	0.0007	0.0033	0.0000	0.0000	0.0010	0.0000
MYH14|Q7Z406	0.0000	0.4505	0.0049	0.0032	0.0033	0.0022	0.0000	0.0253	0.0000	0.0000	0.0091	0.0001
CHD3|Q12873	0.0000	0.0083	0.0016	0.0011	0.0000	0.0006	0.0013	0.0009	0.0000	0.0000	0.0000	0.0000
SMCHD1|A6NHR9	0.0000	0.2155	0.0000	0.0001	0.0023	0.0000	0.0024	0.0000	0.0000	0.0000	0.0711	0.0000
NUP205|Q92621	0.0000	0.7813	0.0000	0.0000	0.0000	0.0000	0.0122	0.0185	0.0000	0.0000	0.0000	0.0000
PCM1|Q15154	0.0000	0.0000	0.0000	0.0000	0.0000	0.2908	0.0037	0.0032	0.0000	0.0000	0.1501	0.0000
CKAP5|Q14008	0.0000	0.0056	0.0000	0.0005	0.0000	0.0419	0.0004	0.1875	0.0000	0.0000	0.0000	0.0000
HCFC1|P51610	0.0000	0.0000	0.0002	0.3296	0.0000	0.0000	0.0000	0.0152	0.0000	0.0000	0.0319	0.0000
PHF3|Q92576	0.0000	0.8488	0.0001	0.0000	0.0021	0.0000	0.0007	0.0000	0.0000	0.0000	0.0387	0.0000
FANCM|Q8IYD8	0.0000	0.0000	0.0000	0.0000	0.0000	0.9783	0.0000	0.0108	0.0000	0.0000	0.0271	0.0000
MYO18A|Q92614	0.0000	0.0161	0.0000	0.0000	0.0003	0.0005	0.0001	0.0038	0.0000	0.0000	0.9352	0.0000
TRIP12|Q14669	0.0000	0.0013	0.0031	0.0001	0.0000	0.0496	0.0013	0.0119	0.0000	0.0000	0.0066	0.0000
NACA|E9PAV3	0.0000	0.0765	0.0003	0.0000	0.0022	0.0009	0.0000	0.0037	0.0000	0.0000	0.2329	0.0030
MDC1|Q14676	0.0000	0.0000	0.0000	0.0001	0.0000	0.0002	0.0001	0.0000	0.0000	0.0000	0.9917	0.0000
NUP214|P35658	0.0000	0.0004	0.0003	0.0025	0.0000	0.0000	0.0000	0.9882	0.0000	0.0000	0.0391	0.0000
TDRD6|O60522	0.0000	0.0000	0.0000	0.0574	0.0000	0.0004	0.0000	0.0925	0.0000	0.0000	0.0065	0.0000
ZGRF1|Q86YA3	0.0000	0.0006	0.0003	0.0051	0.0002	0.0000	0.0000	0.0014	0.0000	0.0000	0.0344	0.0000
GTF3C1|Q12789	0.0000	0.0006	0.0015	0.0000	0.0000	0.0534	0.0019	0.0000	0.0000	0.0000	0.6365	0.0000
NUMA1|Q14980	0.0000	0.0013	0.0000	0.0000	0.0000	0.0049	0.0000	0.8420	0.0000	0.0000	0.2660	0.0000
SNRNP200|O75643	0.0000	0.0321	0.0000	0.0768	0.0000	0.0000	0.0000	0.0011	0.0000	0.0000	0.0070	0.0000
HEATR1|Q9H583	0.0000	0.0002	0.0000	0.0000	0.0000	0.0128	0.8168	0.0017	0.0000	0.0000	0.0000	0.0000
YLPM1|P49750	0.0001	0.9567	0.0018	0.0002	0.0118	0.0000	0.0000	0.0000	0.0000	0.0000	0.2361	0.0001
PRRC2A|P48634	0.0000	0.9785	0.0000	0.0000	0.0246	0.0000	0.0000	0.0000	0.0000	0.0000	0.1752	0.0000
SHANK1|Q9Y566	0.0000	0.0001	0.0001	0.0030	0.0000	0.0000	0.0000	0.0001	0.0000	0.0000	0.9741	0.0000
INTS1|Q8N201	0.0000	0.5653	0.0001	0.0001	0.0001	0.0000	0.0000	0.0045	0.0000	0.0000	0.0051	0.0000
ASCC3|Q8N3C0	0.0000	0.0454	0.0005	0.0221	0.0002	0.0000	0.0006	0.0046	0.0010	0.0000	0.0001	0.0000
CAD|P27708	0.0000	0.1591	0.0039	0.0147	0.0000	0.0000	0.0000	0.0034	0.0000	0.0000	0.0628	0.0000
PRRC2B|Q5JSZ5	0.0000	0.9738	0.0012	0.0001	0.0111	0.0000	0.0002	0.0001	0.0000	0.0000	0.0111	0.0003
DIDO1|Q9BTC0	0.0000	0.0086	0.0018	0.0247	0.0000	0.0000	0.0000	0.0007	0.0000	0.0000	0.0089	0.0000
AHCTF1|Q8WYP5	0.0000	0.0010	0.1975	0.0001	0.0000	0.0808	0.0000	0.1219	0.0000	0.0000	0.0002	0.0000
URB1|O60287	0.0000	0.9720	0.0001	0.0000	0.0000	0.0000	0.0023	0.0003	0.0000	0.0000	0.0000	0.0000
ZNF318|Q5VUA4	0.0000	0.0012	0.0111	0.0004	0.0000	0.0003	0.0000	0.3788	0.0000	0.0000	0.1590	0.0000
POLE|Q07864	0.0000	0.0014	0.0003	0.0141	0.0000	0.0023	0.0754	0.0013	0.0000	0.0000	0.0013	0.0000
PRPF8|Q6P2Q9	0.0000	0.9162	0.0000	0.0011	0.0004	0.0000	0.0000	0.0000	0.0000	0.0000	0.0016	0.0000
TPR|P12270	0.0000	0.0000	0.0000	0.0196	0.0000	0.0002	0.0000	0.0800	0.0000	0.0000	0.1517	0.0000
SPTBN1|Q01082	0.0000	0.0015	0.0000	0.0191	0.0000	0.0006	0.0006	0.0660	0.0000	0.0000	0.0005	0.0000
CNOT1|A5YKK6	0.0000	0.4663	0.0005	0.5371	0.0000	0.0000	0.0000	0.0029	0.0000	0.0000	0.0000	0.0000
SPTBN2|O15020	0.0000	0.0372	0.0000	0.2299	0.0000	0.0000	0.0035	0.0004	0.0000	0.0000	0.0004	0.0000
EP300|Q09472	0.0000	0.9094	0.0554	0.0000	0.0009	0.0000	0.0000	0.0008	0.0000	0.0000	0.0000	0.0010
SON|P18583	0.0108	0.5429	0.0005	0.0000	0.0000	0.0022	0.0003	0.0002	0.0000	0.0000	0.0000	0.0000
CREBBP|Q92793	0.0000	0.9950	0.0042	0.0000	0.0550	0.0003	0.0000	0.0004	0.0000	0.0000	0.0001	0.0002
RIF1|Q5UIP0	0.0000	0.1081	0.0075	0.0001	0.0016	0.4461	0.0000	0.2312	0.0000	0.0000	0.0000	0.0000
SPTAN1|Q13813	0.0000	0.8163	0.0000	0.0013	0.0000	0.0000	0.0003	0.0003	0.0000	0.0000	0.0094	0.0000
ATRX|P46100	0.0000	0.0197	0.0009	0.0000	0.0001	0.9896	0.0371	0.0004	0.0001	0.0000	0.0000	0.0000
FASN|P49327	0.0000	0.2131	0.0000	0.0140	0.0000	0.0000	0.0000	0.0023	0.0000	0.0000	0.0200	0.0000
TLN1|Q9Y490	0.0000	0.0031	0.0001	0.0436	0.0000	0.0000	0.0017	0.0009	0.0000	0.0000	0.0126	0.0000
ANKHD1|Q8IWZ3	0.0000	0.9036	0.0157	0.0162	0.1076	0.0000	0.0000	0.0001	0.0000	0.0000	0.0015	0.0000
SETD2|Q9BYW2	0.0000	0.0012	0.0060	0.0108	0.0000	0.0079	0.0000	0.0525	0.0000	0.0000	0.0136	0.0000
CHD8|Q9HCK8	0.0000	0.0813	0.0006	0.0357	0.0000	0.0000	0.0000	0.0000	0.0000	0.0000	0.0781	0.0000
POLQ|O75417	0.0000	0.3509	0.0017	0.0045	0.0003	0.0030	0.0002	0.0024	0.0000	0.0000	0.0009	0.0000
FLNB|O75369	0.0000	0.0079	0.0000	0.9001	0.0000	0.0000	0.0000	0.0000	0.0000	0.0000	0.0009	0.0000
ANKRD17|O75179	0.0000	0.0179	0.0000	0.5200	0.0913	0.0000	0.0000	0.0000	0.0000	0.0000	0.0006	0.0000
TEP1|Q99973	0.0000	0.9304	0.0000	0.0001	0.0006	0.0009	0.0000	0.0045	0.0000	0.0000	0.0001	0.0000
FLNA|P21333	0.0000	0.6095	0.0000	0.3886	0.0073	0.0000	0.0000	0.0000	0.0000	0.0000	0.0004	0.0000
GCN1|Q92616	0.0000	0.1064	0.0000	0.9337	0.0008	0.0000	0.0000	0.0049	0.0000	0.0000	0.0000	0.0000
SETX|Q7Z333	0.0000	0.0059	0.0076	0.0001	0.0009	0.2102	0.0003	0.0140	0.0000	0.0000	0.1176	0.0000
NSD1|Q96L73	0.0000	0.5784	0.0015	0.0000	0.0002	0.2063	0.0051	0.0003	0.0000	0.0000	0.0000	0.0000
CHD6|Q8TD26	0.0000	0.0000	0.0000	0.1287	0.0000	0.0000	0.0002	0.0001	0.0000	0.0000	0.0001	0.0000
KMT2B|Q9UMN6	0.0000	0.6666	0.0037	0.0004	0.0175	0.0063	0.0002	0.0001	0.0000	0.0000	0.0644	0.0001
SRRM2|Q9UQ35	0.0000	0.1602	0.0000	0.0000	0.0000	0.7165	0.0010	0.0001	0.0000	0.0000	0.0254	0.0000
UTP20|O75691	0.0000	0.0335	0.0000	0.0014	0.0000	0.0078	0.0012	0.0098	0.0000	0.0000	0.0000	0.0000
UBR5|O95071	0.0000	0.9880	0.0000	0.0013	0.0019	0.0000	0.0000	0.0011	0.0000	0.0000	0.0029	0.0000
APC|P25054	0.0000	0.0004	0.0007	0.0008	0.0000	0.0000	0.0000	0.0022	0.0000	0.0000	0.7133	0.0000
LRBA|P50851	0.0000	0.0018	0.0000	0.5747	0.0000	0.0000	0.0000	0.0051	0.0000	0.0000	0.0002	0.0000
DSP|P15924	0.0000	0.0119	0.0000	0.0595	0.0000	0.0000	0.0000	0.0067	0.0000	0.0000	0.0004	0.0000
HELZ2|Q9BYK8	0.0000	0.0415	0.0001	0.0061	0.0000	0.0000	0.0055	0.0120	0.0000	0.0000	0.0006	0.0000
PRRC2C|Q9Y520	0.0000	0.9558	0.0028	0.0005	0.1281	0.0000	0.0001	0.0001	0.0000	0.0000	0.0294	0.0000
CHD9|Q3L8U1	0.0000	0.0600	0.0002	0.0010	0.0000	0.0405	0.0000	0.0164	0.0000	0.0000	0.0016	0.0000
CHD7|Q9P2D1	0.0000	0.0001	0.0000	0.9980	0.0000	0.0000	0.0000	0.0000	0.0000	0.0000	0.0000	0.0000
BPTF|Q12830	0.0000	0.1652	0.0006	0.0440	0.0000	0.0000	0.0002	0.0000	0.0000	0.0000	0.0071	0.0000
TRIO|O75962	0.0000	0.8723	0.0001	0.0003	0.0002	0.0008	0.0036	0.0002	0.0000	0.0000	0.0012	0.0000
EP400|Q96L91	0.0000	0.6317	0.0002	0.0016	0.0001	0.0002	0.0000	0.0055	0.0000	0.0000	0.0128	0.0000
RANBP2|P49792	0.0000	0.9227	0.0008	0.0063	0.2313	0.0000	0.0000	0.0005	0.0000	0.0000	0.0166	0.0000
SRCAP|Q6ZRS2	0.0000	0.0007	0.2264	0.0090	0.0000	0.0000	0.0000	0.0845	0.0000	0.0000	0.1247	0.0000
MKI67|P46013	0.0000	0.0000	0.0000	0.0025	0.0000	0.2956	0.0000	0.0019	0.0000	0.0000	0.2897	0.0000
GOLGB1|Q14789	0.0000	0.5455	0.0000	0.0001	0.0000	0.0005	0.0000	0.1558	0.0000	0.0000	0.0211	0.0000
PCNT|O95613	0.0000	0.0922	0.0000	0.0003	0.0000	0.0011	0.0000	0.0139	0.0000	0.0000	0.5347	0.0000
UTRN|P46939	0.0000	0.1356	0.0000	0.0019	0.0000	0.0000	0.0001	0.0011	0.0000	0.0000	0.0773	0.0000
ZFHX4|Q86UP3	0.0000	0.9800	0.0142	0.0000	0.0269	0.0000	0.0000	0.0011	0.0000	0.0000	0.0026	0.0002
SMG1|Q96Q15	0.0000	0.3039	0.0000	0.4155	0.0000	0.0000	0.0000	0.0007	0.0000	0.0000	0.0001	0.0000
SPEN|Q96T58	0.0000	0.0731	0.0002	0.0246	0.0000	0.0002	0.0000	0.0012	0.0000	0.0000	0.1352	0.0000
SPTBN5|Q9NRC6	0.0000	0.3798	0.0000	0.0000	0.0000	0.0026	0.0009	0.0098	0.0000	0.0000	0.1081	0.0000
DMD|P11532	0.0000	0.1864	0.0002	0.0001	0.0000	0.0024	0.0000	0.0202	0.0000	0.0000	0.5149	0.0000
TRRAP|Q9Y4A5	0.0000	0.4531	0.0001	0.0170	0.0000	0.0000	0.0001	0.0033	0.0000	0.0000	0.0012	0.0000
AKAP9|Q99996	0.0000	0.6084	0.0000	0.0000	0.0000	0.0015	0.0000	0.0969	0.0000	0.0000	0.0017	0.0000
KMT2A|Q03164	0.0000	0.0663	0.0000	0.0004	0.0000	0.0404	0.0001	0.0001	0.0000	0.0000	0.0223	0.0000
PRKDC|P78527	0.0000	0.0599	0.0000	0.3313	0.0000	0.0000	0.0000	0.0058	0.0000	0.0000	0.0001	0.0000
HUWE1|Q7Z6Z7	0.0000	0.2281	0.0006	0.0065	0.0000	0.0003	0.0000	0.1678	0.0000	0.0000	0.0240	0.0000
DYNC1H1|Q14204	0.0000	0.5238	0.0000	0.4173	0.0000	0.0000	0.0000	0.0003	0.0000	0.0000	0.0002	0.0000
PLEC|Q15149	0.0000	0.0720	0.0000	0.6599	0.0000	0.0000	0.0000	0.0105	0.0000	0.0000	0.0019	0.0000
KMT2C|Q8NEZ4	0.0000	0.9611	0.0003	0.0000	0.0017	0.0002	0.0000	0.0001	0.0000	0.0000	0.0588	0.0000
TMSB4X|P62328	0.0000	0.0088	0.0000	0.0000	0.0000	0.0030	0.9993	0.0000	0.0000	0.0000	0.0000	0.0000
ELOF1|P60002	0.0000	0.0000	0.0001	0.0000	0.0000	0.7776	0.9905	0.0000	0.0000	0.0000	0.0000	0.0000
DBI|P07108	0.0000	0.3782	0.0001	0.0765	0.0001	0.0000	0.0000	0.0016	0.0000	0.0000	0.0000	0.0000
HMGN2|P05204	0.0000	0.0000	0.0000	0.0003	0.0530	0.0000	0.9032	0.0000	0.0000	0.0000	0.0001	0.0000
C2orf15|Q8WU43	0.0000	0.0035	0.0000	0.0000	0.0000	0.9995	0.0003	0.0011	0.0000	0.0000	0.0000	0.0000
S100A4|P26447	0.0000	0.0000	0.0000	0.0000	0.0000	0.0007	0.9984	0.1335	0.0000	0.0000	0.0000	0.0000
S100A16|Q96FQ6	0.0000	0.0000	0.3916	0.0000	0.0000	0.0000	0.6601	0.0001	0.0002	0.0000	0.0000	0.0000
CYCS|P99999	0.0000	0.0003	0.0000	0.5296	0.0000	0.0002	0.0000	0.0613	0.0000	0.0000	0.0000	0.0000
HMGA1|P17096	0.0000	0.0055	0.0006	0.0000	0.0628	0.9379	0.0012	0.0000	0.0000	0.0000	0.0001	0.0123
CISD1|Q9NZ45	0.0000	0.0004	0.0000	0.0000	0.0001	0.0000	0.0407	0.0000	0.0000	0.0000	0.8867	0.0000
FKBP1A|P62942	0.0000	0.0096	0.0001	0.0249	0.0147	0.0000	0.0000	0.0000	0.0000	0.0000	0.5141	0.0000
NDUFV3|P56181	0.0001	0.0026	0.0000	0.0000	0.0001	0.0018	0.2921	0.0000	0.0002	0.0000	0.0000	0.0000
TBCA|O75347	0.0353	0.0383	0.0004	0.0000	0.0002	0.5300	0.3511	0.0000	0.0000	0.0000	0.0000	0.0000
DCD|P81605	0.0000	0.0000	0.0000	0.0000	0.8679	0.0000	0.0001	0.0000	0.0000	0.0000	0.0607	0.0000
PTMA|P06454	0.0000	0.0000	0.0000	0.0000	0.0064	0.0000	0.9945	0.0000	0.0001	0.0000	0.0000	0.0000
FAM32A|Q9Y421	0.0000	0.3178	0.0000	0.0000	0.0001	0.0017	0.6649	0.0000	0.0000	0.0000	0.0000	0.0000
TMEM263|Q8WUH6	0.0000	0.7637	0.0000	0.7139	0.0109	0.0000	0.0000	0.1389	0.0000	0.0000	0.0000	0.0000
CHCHD1|Q96BP2	0.0000	0.3396	0.0000	0.0000	0.1136	0.0185	0.5186	0.0000	0.0000	0.0000	0.0000	0.0000
ENSA|O43768	0.0000	0.7802	0.0002	0.0000	0.1085	0.1577	0.0001	0.0005	0.0000	0.0000	0.0000	0.0000
SELENOH|Q8IZQ5	0.0000	0.0075	0.0000	0.0000	0.0000	0.0000	0.9987	0.0000	0.0001	0.0000	0.0000	0.0000
NDUFS6|O75380	0.0000	0.0000	0.0000	0.9801	0.0000	0.0004	0.0001	0.0000	0.0000	0.0000	0.0000	0.0000
COA6|Q5JTJ3	0.0000	0.0869	0.0000	0.0000	0.0031	0.3573	0.0087	0.0007	0.0014	0.0000	0.0000	0.0000
LEPROT|O15243	0.0000	0.0293	0.0000	0.0004	0.0000	0.0000	0.0223	0.0018	0.0000	0.0000	0.0000	0.0000
PIN4|Q9Y237	0.0000	0.1726	0.0000	0.0000	0.0000	0.0000	0.9760	0.0000	0.0000	0.0000	0.0000	0.0000
CPLX2|Q6PUV4	0.0009	0.0006	0.0000	0.5380	0.0003	0.0000	0.0043	0.0000	0.0000	0.0000	0.0000	0.0000
CISD2|Q8N5K1	0.0000	0.0000	0.0000	0.0000	0.0000	0.9541	0.8876	0.0000	0.0000	0.0000	0.0085	0.0000
LGALS1|P09382	0.0000	0.0000	0.0000	1.0000	0.0000	0.0000	0.0000	0.0000	0.0000	0.0000	0.0000	0.0000
FLYWCH2|Q96CP2	0.0000	0.0000	0.0000	0.0000	0.0000	0.2601	0.6864	0.0000	0.0000	0.0000	0.0000	0.0000
FKBP2|P26885	0.0000	0.0017	0.0000	0.7804	0.0000	0.0000	0.0003	0.0015	0.0000	0.0000	0.0000	0.0000
PLA2G1B|P04054	0.0000	0.0000	0.0000	0.0000	0.0000	0.0000	0.9710	0.0000	0.0002	0.0000	0.0746	0.0000
UBE2N|P61088	0.0002	0.0000	0.0000	0.0002	0.0000	0.0081	0.0036	0.0000	0.0000	0.0000	0.1196	0.0000
MGST1|P10620	0.0000	0.0006	0.0000	0.0000	0.0000	0.0000	0.0004	0.0000	0.0000	0.0000	0.9527	0.0000
CDKN2A|P42771	0.0000	0.0645	0.0000	0.0000	0.0001	0.0001	0.1262	0.0000	0.0000	0.0000	0.3891	0.0000
UBE2I|P63279	0.0000	0.0004	0.9998	0.0000	0.0901	0.0000	0.0000	0.0002	0.0000	0.0000	0.0000	0.0000
MCRIP2|Q9BUT9	0.0000	0.9996	0.0000	0.0000	0.1441	0.0000	0.0000	0.0000	0.0000	0.0000	0.0000	0.0000
NAA50|Q9GZZ1	0.0000	0.0123	0.0000	0.0000	0.0201	0.6982	0.1148	0.0000	0.0000	0.0000	0.0002	0.0000
CRYAB|P02511	0.0000	0.0000	0.0000	0.3760	0.0000	0.0000	0.0000	0.0000	0.0000	0.0000	0.0518	0.0000
PCNP|Q8WW12	0.0000	0.0000	0.0000	0.1978	0.3125	0.0002	0.0000	0.0000	0.0000	0.0000	0.0000	0.0000
BST2|Q10589	0.0000	0.0000	0.0000	0.0000	0.0000	0.0000	0.0000	0.0000	0.0000	0.0000	1.0000	0.0000
ARF1|P84077	0.0000	0.0000	0.0000	0.9975	0.0000	0.0000	0.0000	0.0000	0.0000	0.0000	0.0000	0.0000
UBE2M|P61081	0.0000	0.9927	0.0037	0.0000	0.3081	0.0001	0.0000	0.0003	0.0001	0.0000	0.0000	0.0175
GGCT|O75223	0.0000	0.0001	0.0000	0.8301	0.0000	0.0000	0.0000	0.0001	0.0000	0.0000	0.0431	0.0000
RWDD4|Q6NW29	0.0000	0.0000	0.0000	0.0000	0.0000	0.9982	0.0001	0.1367	0.0001	0.0000	0.0000	0.0000
CFAP20|Q9Y6A4	0.0000	0.0050	0.0078	0.0000	0.0000	0.0010	0.8803	0.0005	0.0004	0.0000	0.0030	0.0000
PGRMC1|O00264	0.0000	0.0791	0.0221	0.0002	0.0033	0.0010	0.4744	0.0032	0.0075	0.0000	0.0000	0.0000
LIN7C|Q9NUP9	0.0000	0.0000	0.0058	0.0053	0.0000	0.0000	0.0000	0.0164	0.0000	0.0000	0.7554	0.0000
DUSP14|O95147	0.0000	0.2925	0.0226	0.0000	0.9101	0.0001	0.0000	0.0338	0.0000	0.0000	0.0000	0.0053
TAGLN|Q01995	0.0000	0.8229	0.0000	0.0065	0.0127	0.0000	0.0000	0.0004	0.0000	0.0000	0.0133	0.0000
TPD52L2|O43399	0.0000	0.0000	0.0000	0.0000	0.0000	0.7078	0.0000	0.8979	0.0000	0.0000	0.0000	0.0000
GSTP1|P09211	0.0000	0.0000	0.0000	0.5678	0.0000	0.0012	0.0000	0.0000	0.0000	0.0000	0.0000	0.0000
PTRH1|Q86Y79	0.0000	0.0000	0.0001	0.0000	0.0000	0.0087	0.0088	0.0135	0.0000	0.0000	0.0463	0.0000
GRB2|P62993	0.0000	0.0000	0.0000	0.0000	0.9652	0.0000	0.0000	0.0000	0.0000	0.0000	0.1477	0.0000
TMED10|P49755	0.0000	0.0000	0.0050	0.0000	0.0046	0.0000	0.8231	0.0005	0.0005	0.0000	0.0000	0.0000
RP9|Q8TA86	0.0000	0.1174	0.0000	0.0000	0.0000	0.0009	0.9750	0.0000	0.0000	0.0000	0.0000	0.0000
CCDC43|Q96MW1	0.0000	0.0004	0.0001	0.0001	0.0000	0.0023	0.0284	0.0276	0.0000	0.0000	0.0279	0.0000
CHMP4B|Q9H444	0.0000	0.0000	0.0000	0.9989	0.0000	0.0000	0.0000	0.0000	0.0000	0.0000	0.0000	0.0000
HOXB6|P17509	0.0000	0.9648	0.0009	0.0005	0.9960	0.0000	0.0000	0.0000	0.0000	0.0000	0.0021	0.0021
BASP1|P80723	0.0000	0.0000	0.0000	0.9998	0.0000	0.0000	0.0000	0.0000	0.0000	0.0000	0.0000	0.0000
CHCHD3|Q9NX63	0.0000	0.0005	0.0011	0.9809	0.9634	0.0002	0.0000	0.0001	0.0001	0.0000	0.0000	0.0011
EBP|Q15125	0.0000	0.0000	0.0001	0.0000	0.0850	0.0000	0.0671	0.0003	0.0009	0.0000	0.0000	0.0000
PAFAH1B3|Q15102	0.0001	0.0137	0.0026	0.0000	0.0136	0.0036	0.0000	0.0166	0.0000	0.0000	0.7207	0.0000
PSMB1|P20618	0.0000	0.0000	0.0001	0.0004	0.0000	0.0000	0.0006	0.0001	0.0050	0.0000	0.0516	0.0000
ZCCHC24|Q8N2G6	0.0000	0.9367	0.0012	0.0000	0.4907	0.0000	0.0000	0.0039	0.0001	0.0000	0.0000	0.0640
FAM133B|Q5BKY9	0.0006	0.0781	0.0042	0.0000	0.0000	0.0002	0.9434	0.0000	0.0000	0.0000	0.0000	0.0000
LGALS3|P17931	0.0000	0.0053	0.0023	0.0001	0.9981	0.0000	0.0000	0.0000	0.0000	0.0000	0.0001	0.0221
DUT|P33316	0.0000	0.9851	0.0000	0.0000	0.1236	0.0000	0.0003	0.0000	0.0000	0.0000	0.0000	0.0000
PRDX3|P30048	0.0002	0.0275	0.0002	0.9263	0.0003	0.0000	0.0000	0.0000	0.0000	0.0000	0.0006	0.0000
LASP1|Q14847	0.0000	0.0009	0.0000	0.0023	0.0022	0.0000	0.0000	0.0000	0.0000	0.0000	0.7967	0.0000
PSMA4|P25789	0.0002	0.0154	0.0000	0.0000	0.0000	0.0000	0.9728	0.0000	0.0001	0.0000	0.0000	0.0000
STX7|O15400	0.0000	0.0064	0.0000	0.2579	0.0000	0.0000	0.0003	0.0000	0.0000	0.0000	0.0000	0.0000
CUSTOS|Q96C57	0.0002	0.0007	0.0003	0.0000	0.0001	0.0288	0.8538	0.0001	0.7704	0.0000	0.0031	0.0000
NQO1|P15559	0.0026	0.0000	0.0000	0.9973	0.0000	0.0000	0.0000	0.0000	0.0000	0.0000	0.0000	0.0000
HMGN5|P82970	0.0000	0.0006	0.0000	0.0001	0.4033	0.0000	0.9412	0.0000	0.0000	0.0000	0.0000	0.0000
PEF1|Q9UBV8	0.0000	0.5359	0.0010	0.0009	0.9275	0.0000	0.0000	0.0000	0.0000	0.0000	0.0000	0.0112
SSR1|P43307	0.0000	0.0000	0.0000	0.0000	0.0000	0.0000	0.0000	0.0000	0.0000	0.0000	0.9999	0.0000
METTL8|Q9H825	0.0079	0.0002	0.4240	0.0000	0.0000	0.0000	0.0011	0.0000	0.0004	0.0000	0.0009	0.0002
ATP5F1C|P36542	0.0000	0.0000	0.0013	0.9996	0.0000	0.0000	0.0000	0.0001	0.0000	0.0000	0.0000	0.0000
OGN|P20774	0.0000	0.0000	0.0000	0.0001	0.0000	0.0000	0.9008	0.0000	0.0001	0.0000	0.0000	0.0000
CNOT9|Q92600	0.0000	0.9998	0.0000	0.0000	0.9768	0.0000	0.0000	0.0004	0.0000	0.0000	0.0000	0.0006
F11R|Q9Y624	0.0000	0.0000	0.0000	0.0000	0.0000	0.0000	0.0000	0.0000	0.0000	0.0000	1.0000	0.0000
CRKL|P46109	0.0000	0.0012	0.0000	0.9950	0.8261	0.0000	0.0000	0.0000	0.0000	0.0000	0.0000	0.0000
SAP30BP|Q9UHR5	0.0000	0.0000	0.0003	0.8924	0.0000	0.0000	0.0000	0.0007	0.0000	0.0000	0.0507	0.0000
TECR|Q9NZ01	0.0009	0.4661	0.0017	0.0000	0.0000	0.0000	0.0000	0.0007	0.0000	0.0000	0.0001	0.0000
UBFD1|O14562	0.0011	0.0000	0.0000	0.3506	0.2703	0.0000	0.0016	0.0000	0.0000	0.0000	0.0000	0.0000
SLC25A48|Q6ZT89	0.0000	0.0000	0.0000	0.8949	0.0000	0.0000	0.0000	0.0000	0.0000	0.0000	0.0001	0.0000
GAS2|O43903	0.0035	0.0009	0.0000	0.0000	0.0000	0.9618	0.0024	0.0035	0.0004	0.0000	0.0000	0.0000
CXXC5|Q7LFL8	0.6696	0.0298	0.0003	0.0000	0.0025	0.0119	0.0177	0.0048	0.0358	0.0000	0.0000	0.0001
PPP1CC|P36873	0.0991	0.0462	0.2038	0.0131	0.0317	0.7356	0.5877	0.0043	0.0044	0.0160	0.0049	0.0046
KCTD12|Q96CX2	0.0000	0.0000	0.0000	0.9163	0.9813	0.0000	0.0000	0.0000	0.0000	0.0000	0.0010	0.0000
SCAMP2|O15127	0.0000	0.0063	0.0000	0.0008	0.0000	0.0000	0.0000	0.0001	0.0000	0.0000	0.9617	0.0000
UCHL5|Q9Y5K5	0.0000	0.0287	0.0000	0.0000	0.0043	0.8540	0.0258	0.0124	0.0000	0.0000	0.0000	0.0000
JUN|P05412	0.0000	0.0501	0.3575	0.0000	0.0000	0.0000	0.0001	0.0000	0.0000	0.0000	0.1507	0.0180
STX18|Q9P2W9	0.0000	0.0113	0.0068	0.1807	0.0169	0.0001	0.0000	0.0023	0.0000	0.0000	0.2964	0.0000
HIBADH|P31937	0.0000	0.0000	0.0001	0.9896	0.0000	0.0000	0.0000	0.0000	0.0000	0.0000	0.0000	0.0000
PAWR|Q96IZ0	0.0000	0.0610	0.0000	0.0000	0.9957	0.0008	0.0000	0.0000	0.0000	0.0000	0.0000	0.0000
SUCLG1|P53597	0.0000	0.0000	0.0000	0.9572	0.0000	0.0000	0.0001	0.0000	0.0000	0.0000	0.0000	0.0000
SCAMP3|O14828	0.0000	0.0001	0.0000	0.0937	0.0000	0.0000	0.0000	0.0000	0.0000	0.0000	0.0100	0.0000
GMPR2|Q9P2T1	0.0000	0.0000	0.0000	0.0000	0.0000	0.9961	0.0000	0.0001	0.0000	0.0000	0.0000	0.0000
TWF2|Q6IBS0	0.0000	0.0064	0.0000	0.0000	0.0000	0.0001	0.0011	0.0003	0.0000	0.0000	0.0000	0.0000
NDRG4|Q9ULP0	0.0000	0.0001	0.0001	0.0336	0.0001	0.0004	0.0000	0.0112	0.0000	0.0000	0.2416	0.0000
CDC42EP4|Q9H3Q1	0.0000	0.0000	0.0002	0.4420	0.0000	0.0003	0.0000	0.0342	0.0000	0.0000	0.0403	0.0000
IBA57|Q5T440	0.0000	0.0441	0.0013	0.0002	0.0086	0.0007	0.2649	0.0013	0.0010	0.0000	0.0043	0.0000
DCN|P07585	0.0000	0.0131	0.0000	0.0000	0.0000	0.0025	0.0004	0.0019	0.0000	0.0000	0.8161	0.0000
POU5F1|Q01860	0.0000	0.8023	0.0007	0.0000	0.9896	0.0004	0.0000	0.0000	0.0000	0.0000	0.0000	0.2002
ADK|P55263	0.0000	0.3655	0.0000	0.0003	0.0000	0.0000	0.0000	0.0008	0.0000	0.0000	0.0041	0.0000
HLA-A|P04439	0.0000	0.0000	0.0000	0.0005	0.0000	0.0000	0.0000	0.0000	0.0000	0.0000	0.7835	0.0000
NSFL1C|Q9UNZ2	0.0000	0.0311	0.0034	0.3444	0.0499	0.2918	0.0011	0.2003	0.0004	0.0002	0.0157	0.0001
NDRG2|Q9UN36	0.0000	0.0000	0.0001	0.9326	0.0000	0.0000	0.0000	0.0001	0.0000	0.0000	0.0000	0.0000
DNAJB12|Q9NXW2	0.0002	0.0000	0.0000	0.0000	0.0000	0.0000	0.0000	0.0000	0.0014	0.0000	0.3483	0.0000
DUSP9|Q99956	0.0000	0.0000	0.0000	0.0069	0.0000	0.0000	0.0000	0.0001	0.0000	0.0000	0.0045	0.0000
CAVIN1|Q6NZI2	0.0001	0.0001	0.0130	0.0000	0.0006	0.4407	0.0002	0.0003	0.0001	0.0000	0.9602	0.0010
MAT1A|Q00266	0.0000	0.0033	0.0000	0.0000	0.0000	0.0067	0.0000	0.0000	0.0000	0.0000	0.0490	0.0000
MAT2A|P31153	0.0000	0.2564	0.0000	0.0175	0.0000	0.0000	0.0001	0.0000	0.0000	0.0000	0.0017	0.0000
CEP43|O95684	0.0000	0.0000	0.0002	0.9242	0.0007	0.0000	0.0000	0.0167	0.0062	0.0000	0.0000	0.0000
SEC62|Q99442	0.0000	0.9588	0.0000	0.0000	0.0000	0.0000	0.0000	0.0000	0.0000	0.0000	0.9999	0.0000
DCTN2|Q13561	0.0010	0.0000	0.0003	0.0065	0.0000	0.0005	0.0020	0.0000	0.0000	0.0000	0.0052	0.0000
ASS1|P00966	0.0000	0.0000	0.0000	0.0006	0.0000	0.0001	0.0000	0.0011	0.0000	0.0000	0.0259	0.0000
IDH1|O75874	0.0013	0.0000	0.0000	0.5211	0.0440	0.0000	0.0000	0.0200	0.2012	0.0000	0.0000	0.0000
VSIG8|P0DPA2	0.0000	0.3803	0.0000	0.0000	0.0000	0.0000	0.0000	0.0000	0.0000	0.0000	0.9994	0.0000
CSNK1E|P49674	0.0000	0.0002	0.0000	0.8659	0.0000	0.0003	0.0000	0.0001	0.0000	0.0000	0.0000	0.0000
MMAA|Q8IVH4	0.0991	0.0004	0.0001	0.0000	0.0006	0.0689	0.0001	0.0001	0.0003	0.0000	0.0033	0.0056
SERPINH1|P50454	0.0000	0.0165	0.0000	0.0000	0.0000	0.0000	0.7368	0.0003	0.0068	0.0000	0.0000	0.0000
FDPS|P14324	0.0000	0.0000	0.1029	0.9881	0.0000	0.0000	0.0000	0.0008	0.0000	0.0000	0.0008	0.0000
TES|Q9UGI8	0.0000	0.0004	0.0000	0.0000	0.0000	0.0000	0.0000	0.0000	0.0000	0.0000	1.0000	0.0000
C19orf47|Q8N9M1	0.0000	0.0068	0.0010	0.0000	0.0003	0.1711	0.0915	0.0001	0.0000	0.0000	0.9102	0.0000
SEPTIN11|Q9NVA2	0.0000	0.0000	0.0000	0.0422	0.0000	0.0817	0.0000	0.6800	0.0000	0.0000	0.0000	0.0000
DBNL|Q9UJU6	0.0000	0.0000	0.0000	0.9890	0.0000	0.0000	0.0000	0.0000	0.0000	0.0000	0.0000	0.0000
KRT18|P05783	0.0000	0.0004	0.0003	0.0000	0.0000	0.0000	0.9999	0.0000	0.0001	0.0000	0.0000	0.0000
PTPN1|P18031	0.0000	0.0000	0.0000	0.0000	0.0004	0.0644	0.0000	0.1237	0.0001	0.0000	0.0176	0.0000
SEPTIN7|Q16181	0.0000	0.0003	0.0426	0.0019	0.0000	0.9481	0.0000	0.0239	0.0000	0.0000	0.0001	0.0003
CADM1|Q9BY67	0.0000	0.0000	0.0000	0.0587	0.0000	0.0000	0.0000	0.0000	0.0000	0.0000	0.3255	0.0000
TENT5A|Q96IP4	0.0000	0.3618	0.0018	0.0000	0.0000	0.0000	0.0000	0.4214	0.0000	0.0000	0.0009	0.0000
DRC9|Q9H095	0.0000	0.1144	0.0006	0.0000	0.1302	0.0027	0.0005	0.3353	0.0010	0.0000	0.0000	0.0002
FADS2|O95864	0.0000	0.0012	0.0000	0.7079	0.0000	0.0000	0.0000	0.0003	0.0001	0.0000	0.0166	0.0000
IDH2|P48735	0.0000	0.0001	0.0000	0.3919	0.0028	0.0000	0.0053	0.0002	0.7866	0.0000	0.0000	0.0000
KYAT3|Q6YP21	0.0000	0.0000	0.0000	0.0000	0.0000	0.0133	0.0024	0.0320	0.0000	0.0000	0.0000	0.0000
BAG4|O95429	0.0000	0.9903	0.0004	0.0000	0.9842	0.0000	0.0000	0.0002	0.0000	0.0000	0.0000	0.0028
CHGA|P10645	0.0000	0.9980	0.0001	0.0000	0.9335	0.0000	0.0000	0.0001	0.0000	0.0000	0.0000	0.0001
CORO1A|P31146	0.0000	0.0012	0.0000	0.1208	0.0000	0.0010	0.0000	0.0042	0.0000	0.0000	0.0000	0.0000
SLC16A3|O15427	0.0000	0.0001	0.0003	0.0223	0.0000	0.0000	0.0000	0.0000	0.0000	0.0000	0.0446	0.0000
SCG3|Q8WXD2	0.0000	0.0104	0.0000	0.0429	0.0628	0.0000	0.0000	0.0000	0.0000	0.0000	0.0004	0.0000
IFIT2|P09913	0.0000	0.0009	0.0001	0.8180	0.0000	0.0000	0.0000	0.0005	0.0000	0.0000	0.0000	0.0000
PTDSS1|P48651	0.0000	0.0145	0.0000	0.0000	0.0000	0.0000	0.0001	0.0000	0.0000	0.0000	0.9954	0.0000
CNDP2|Q96KP4	0.0000	0.0161	0.0000	0.0014	0.2113	0.0465	0.0004	0.0000	0.0000	0.0000	0.0000	0.0000
DHCR7|Q9UBM7	0.0000	0.0204	0.0000	0.0003	0.7862	0.0000	0.0001	0.0002	0.0010	0.0000	0.0000	0.0000
TRIP6|Q15654	0.0000	0.2908	0.0000	0.0000	0.9940	0.0004	0.0000	0.0000	0.0000	0.0000	0.0003	0.0000
MAZ|P56270	0.0000	0.8604	0.0006	0.0000	0.0002	0.0000	0.0000	0.0054	0.0000	0.0000	0.0000	0.1717
DBT|P11182	0.0000	0.0000	0.0000	0.9991	0.0000	0.0000	0.0000	0.0000	0.0000	0.0000	0.0000	0.0000
CCDC47|Q96A33	0.0000	0.0095	0.0003	0.0000	0.0000	0.0138	0.9463	0.0000	0.0000	0.0000	0.0685	0.0000
MECP2|P51608	0.0000	0.1323	0.0000	0.0000	0.0000	0.0007	0.0405	0.0000	0.0000	0.0000	0.7431	0.0000
YAP1|P46937	0.0000	0.0001	0.0031	0.0000	0.0000	0.0041	0.0000	0.0112	0.0000	0.0000	0.9641	0.0000
OASL|Q15646	0.0000	0.0005	0.0000	0.0000	0.0000	0.0061	1.0000	0.0000	0.0000	0.0000	0.0000	0.0000
PDIA2|Q13087	0.0000	0.0000	0.0000	0.9964	0.0000	0.0000	0.0000	0.0000	0.0000	0.0000	0.0000	0.0000
CAT|P04040	0.0000	1.0000	0.0000	0.0000	0.0012	0.0000	0.0000	0.0000	0.0000	0.0000	0.0000	0.0000
GPR161|Q8N6U8	0.0000	0.0004	0.0000	0.0000	0.2098	0.0000	0.0000	0.0003	0.0000	0.0000	0.9695	0.0000
CCDC9B|Q6ZUT6	0.0000	0.8425	0.0000	0.0000	0.0223	0.0000	0.0016	0.0000	0.0000	0.0000	0.2778	0.0000
ALDH6A1|Q02252	0.0000	0.0008	0.0000	0.9906	0.0000	0.0000	0.0000	0.0000	0.0000	0.0000	0.0000	0.0000
CPNE3|O75131	0.0000	0.0017	0.0000	0.0000	0.0000	0.0000	0.0000	0.0000	0.0000	0.0000	0.9996	0.0000
GP2|P55259	0.0000	0.0000	0.0000	0.9978	0.0000	0.0000	0.0000	0.0007	0.0000	0.0000	0.0000	0.0000
C14orf93|Q9H972	0.0000	0.9523	0.0001	0.0000	0.3664	0.0027	0.0070	0.0000	0.0000	0.0000	0.0011	0.0006
SNTB1|Q13884	0.0000	0.0000	0.0000	0.0000	0.0000	0.0000	0.0000	0.0000	0.0000	0.0000	1.0000	0.0000
ALDH7A1|P49419	0.0000	0.0002	0.0001	0.9956	0.0000	0.0000	0.0000	0.0000	0.0000	0.0000	0.0000	0.0000
SNTB2|Q13425	0.0000	0.1512	0.0005	0.1257	0.3229	0.0000	0.0000	0.0001	0.0000	0.0000	0.3808	0.0000
CTTN|Q14247	0.0000	0.4928	0.0000	0.0000	0.0000	0.0000	0.0000	0.0000	0.0000	0.0000	1.0000	0.0000
ZNF579|Q8NAF0	0.0000	0.0000	0.0000	0.0000	0.0000	0.4246	0.9520	0.0000	0.0000	0.0000	0.0000	0.0000
REPIN1|Q9BWE0	0.0000	0.0009	0.0001	0.0000	0.0000	0.6982	0.0000	0.0000	0.0000	0.0000	0.0425	0.0000
UBQLN1|Q9UMX0	0.0000	0.0643	0.0000	0.0000	0.0322	0.4296	0.0000	0.5566	0.0000	0.0000	0.0001	0.0000
GRN|P28799	0.0000	0.0001	0.0000	0.0000	0.0000	0.0000	0.0000	0.0632	0.0001	0.0000	0.1433	0.0000
STXBP1|P61764	0.0003	0.0000	0.0000	0.2991	0.0000	0.0000	0.0000	0.0008	0.0003	0.0000	0.0000	0.0000
P2RX7|Q99572	0.0000	0.0048	0.0000	0.0000	0.0057	0.0005	0.0000	0.0001	0.0000	0.0000	0.0001	0.0000
PDLIM5|Q96HC4	0.0000	0.0068	0.0000	0.0000	0.9846	0.0002	0.0000	0.0000	0.0000	0.0000	0.0000	0.0000
C4BPA|P04003	0.0000	0.0015	0.1520	0.0000	0.0000	0.0003	0.0002	0.0003	0.0000	0.0000	0.0000	0.0000
AFP|P02771	0.0000	0.0000	0.0012	0.0000	0.0000	0.0007	0.0000	0.9932	0.0001	0.0000	0.0000	0.0000
AHCYL2|Q96HN2	0.0000	0.0000	0.2642	0.0945	0.0000	0.0000	0.0000	0.0000	0.0001	0.0000	0.0301	0.0000
DLAT|P10515	0.0000	0.0000	0.0003	0.9808	0.0000	0.0000	0.0000	0.0003	0.0000	0.0000	0.0000	0.0000
UBC|P0CG48	0.0000	0.0000	0.0000	0.8713	0.0000	0.0014	0.0000	0.0155	0.0000	0.0000	0.0005	0.0000
PATZ1|Q9HBE1	0.0000	0.0275	0.0227	0.0000	0.0021	0.2579	0.0162	0.0003	0.0000	0.0000	0.0000	0.0000
TMEM214|Q6NUQ4	0.0000	0.0024	0.0000	0.0000	0.0000	0.0065	0.2114	0.0012	0.0000	0.0000	0.0034	0.0000
DCLRE1C|Q96SD1	0.0001	0.0000	0.0373	0.0000	0.0000	0.1910	0.0001	0.0042	0.0033	0.0000	0.0000	0.0000
PCSK9|Q8NBP7	0.0000	0.0027	0.0002	0.0000	0.0000	0.9886	0.0000	0.0206	0.0000	0.0000	0.0000	0.0000
ADD3|Q9UEY8	0.0000	0.0000	0.0001	0.4362	0.0000	0.0000	0.0000	0.0001	0.0000	0.0000	0.0000	0.0000
LMF2|Q9BU23	0.0000	0.0000	0.0000	0.0000	0.0000	0.0097	0.0000	0.0885	0.0000	0.0000	0.9136	0.0000
MTO1|Q9Y2Z2	0.0000	0.0000	0.0000	0.0013	0.0615	0.0000	0.0000	0.0163	0.0000	0.0000	0.0007	0.0000
GNE|Q9Y223	0.0000	0.9811	0.0000	0.0000	0.2061	0.0001	0.0011	0.0000	0.0000	0.0000	0.0000	0.0000
HOOK1|Q9UJC3	0.0000	0.0021	0.0000	0.0000	0.0001	0.9656	0.0014	0.0059	0.0000	0.0000	0.0000	0.0000
APEH|P13798	0.0000	0.0087	0.0000	0.0199	0.0000	0.0000	0.0008	0.0028	0.0000	0.0000	0.0000	0.0000
ADD1|P35611	0.0000	0.2727	0.0001	0.8779	0.9924	0.0000	0.0000	0.0000	0.0000	0.0000	0.0000	0.0000
CD44|P16070	0.0000	0.0015	0.0000	0.0018	0.0117	0.0000	0.0000	0.0003	0.0013	0.0000	0.3106	0.0000
NSF|P46459	0.0000	0.0050	0.0095	0.9730	0.0000	0.0000	0.0000	0.0117	0.0000	0.0000	0.0000	0.0000
IMMT|Q16891	0.0000	0.0016	0.0000	0.9863	0.0000	0.0000	0.0000	0.0006	0.0000	0.0000	0.0000	0.0000
LIMA1|Q9UHB6	0.0000	0.0000	0.0000	0.9825	0.0000	0.0000	0.0000	0.0000	0.0000	0.0000	0.0001	0.0000
TFRC|P02786	0.0000	0.0575	0.0048	0.4084	0.0001	0.0000	0.0000	0.0169	0.0000	0.0000	0.0001	0.0000
PTPN12|Q05209	0.0000	0.0000	0.0000	0.0000	0.0000	0.0000	0.0000	0.0000	0.0000	0.0000	1.0000	0.0000
MARK2|Q7KZI7	0.0000	0.0004	0.0002	0.9941	0.0000	0.0000	0.0000	0.0009	0.0000	0.0000	0.0000	0.0000
RNF10|Q8N5U6	0.0000	0.0001	0.0002	0.0000	0.0000	0.9842	0.0003	0.0136	0.0000	0.0000	0.0000	0.0000
VIL1|P09327	0.0000	0.1047	0.0000	0.0023	0.0000	0.0000	0.0000	0.0003	0.0000	0.0000	0.0363	0.0000
RADX|Q6NSI4	0.0000	0.0000	0.0000	0.0000	0.0000	0.9999	0.0001	0.0000	0.0000	0.0000	0.0000	0.0000
CC2D1B|Q5T0F9	0.0000	0.9517	0.0003	0.0013	0.6969	0.0015	0.0274	0.0000	0.0000	0.0000	0.0000	0.0000
DNM1|Q05193	0.0000	0.0000	0.0000	0.7675	0.0000	0.0000	0.0001	0.0000	0.0000	0.0000	0.0009	0.0000
EPB41|P11171	0.0000	0.0001	0.0000	0.6031	0.0000	0.0000	0.0000	0.0047	0.0000	0.0000	0.0000	0.0000
DMGDH|Q9UI17	0.0000	0.5483	0.0002	0.0002	0.0006	0.0000	0.0000	0.0003	0.0000	0.0000	0.0000	0.0000
TRIM71|Q2Q1W2	0.0000	0.9998	0.0000	0.0000	0.0000	0.0000	0.0000	0.0000	0.0000	0.0000	0.0001	0.0000
PCDHGA9|Q9Y5G4	0.0000	0.0388	0.0001	0.1166	0.0000	0.0000	0.0001	0.0000	0.0000	0.0000	0.0040	0.0000
PMS1|P54277	0.0000	0.0003	0.0002	0.0004	0.0013	0.0000	0.0457	0.0000	0.0074	0.0000	0.0052	0.0000
ROR2|Q01974	0.0001	0.0258	0.0804	0.0013	0.0004	0.0029	0.0000	0.0018	0.0002	0.0000	0.5759	0.0016
PCDH20|Q8N6Y1	0.0000	0.5175	0.0000	0.0000	0.0868	0.0000	0.0000	0.1117	0.0000	0.0000	0.0000	0.0000
STK10|O94804	0.0000	0.0472	0.0000	0.0004	0.0000	0.0000	0.6002	0.0019	0.0000	0.0000	0.0000	0.0000
PKN2|Q16513	0.0000	0.0000	0.0000	0.0000	0.0000	0.0000	0.0000	0.0000	0.0000	0.0000	1.0000	0.0000
EPB41L2|O43491	0.0000	0.0000	0.0000	0.7209	0.0000	0.0001	0.0000	0.0009	0.0000	0.0000	0.0000	0.0000
ELAPOR1|Q6UXG2	0.0000	0.0075	0.0001	0.0000	0.0000	0.0002	0.0008	0.0180	0.0000	0.0000	0.0000	0.0000
RPGR|Q92834	0.0000	0.0458	0.0004	0.0000	0.0026	0.0747	0.0042	0.0038	0.0100	0.0000	0.0000	0.0000
NLRP11|P59045	0.0000	0.0000	0.0017	0.0008	0.0099	0.0000	0.0000	0.0120	0.0021	0.0000	0.0000	0.0000
ATP2A2|P16615	0.0000	0.0000	0.0000	0.9982	0.0000	0.0000	0.0000	0.0001	0.0000	0.0000	0.0000	0.0000
FBRSL1|Q9HCM7	0.0000	0.9998	0.0000	0.0000	0.8374	0.0000	0.0000	0.0000	0.0000	0.0000	0.0000	0.0000
SORBS2|O94875	0.0000	0.0000	0.0001	0.0712	0.0001	0.0000	0.0000	0.0000	0.0000	0.0000	0.8022	0.0000
ALG13|Q9NP73	0.0000	0.9999	0.0000	0.0000	0.9950	0.0000	0.0000	0.0000	0.0000	0.0000	0.0000	0.0000
PC|P11498	0.0000	0.0000	0.0000	0.9915	0.0000	0.0000	0.0002	0.0000	0.0000	0.0000	0.0000	0.0000
RTN4|Q9NQC3	0.0000	0.0000	0.0079	0.1750	0.0000	0.0000	0.0000	0.0003	0.0001	0.0000	0.7555	0.0000
FNDC3A|Q9Y2H6	0.0000	0.7803	0.0012	0.0000	0.0000	0.0000	0.0000	0.0003	0.0000	0.0000	0.0006	0.0000
CGN|Q9P2M7	0.0000	0.0007	0.0000	0.0000	0.0000	0.0000	0.0000	0.0000	0.0000	0.0000	0.9999	0.0000
SUCO|Q9UBS9	0.0000	0.0207	0.0000	0.0024	0.0969	0.0123	0.0013	0.0002	0.0000	0.0000	0.0002	0.0000
SORBS1|Q9BX66	0.0000	0.0000	0.0000	0.0000	0.0000	0.0000	0.0000	0.0000	0.0000	0.0000	1.0000	0.0000
UBE2O|Q9C0C9	0.0000	0.0000	0.0174	0.0000	0.0000	0.9297	0.0000	0.0448	0.0000	0.0000	0.0001	0.0000
SPAG9|O60271	0.0000	0.0000	0.0001	0.6580	0.0000	0.0000	0.0000	0.0054	0.0000	0.0000	0.3277	0.0000
USP42|Q9H9J4	0.9189	0.0000	0.0002	0.0000	0.0000	0.0122	0.0000	0.0000	0.0006	0.0000	0.0148	0.0000
CDK13|Q14004	0.9953	0.0015	0.0001	0.0000	0.0000	0.0005	0.0001	0.0000	0.0001	0.0000	0.0001	0.0002
TASOR|Q9UK61	0.0000	0.0004	0.0000	0.0000	0.0002	0.9868	0.0003	0.0006	0.0000	0.0000	0.0229	0.0000
KDM5A|P29375	0.0000	0.0002	0.0000	0.0000	0.0000	0.0033	0.9999	0.0000	0.0001	0.0000	0.0000	0.0000
RIMS1|Q86UR5	0.0000	0.0000	0.0000	0.8847	0.0000	0.0000	0.0000	0.0554	0.0000	0.0000	0.0000	0.0000
COL14A1|Q05707	0.0000	0.9377	0.0000	0.3466	0.0052	0.0000	0.0000	0.0001	0.0000	0.0000	0.0001	0.0000
XIRP1|Q702N8	0.0000	0.0000	0.0021	0.0000	0.0000	0.0192	0.0000	0.4531	0.0000	0.0000	0.6788	0.0000
MYO5A|Q9Y4I1	0.0000	0.0077	0.0000	0.0000	0.0000	0.0251	0.0000	0.0145	0.0000	0.0000	0.1321	0.0000
MTCL1|Q9Y4B5	0.0000	0.0116	0.0055	0.0000	0.0000	0.0006	0.2663	0.0001	0.0001	0.0000	0.0007	0.0000
CFAP65|Q6ZU64	0.0000	0.0007	0.0013	0.0000	0.0000	0.0292	0.0003	0.1070	0.0015	0.0000	0.0000	0.0000
TCF20|Q9UGU0	0.0000	0.7386	0.0001	0.0000	0.0365	0.0110	0.0000	0.0000	0.0000	0.0000	0.0587	0.0013
GOLGA4|Q13439	0.0000	0.0356	0.0006	0.0000	0.0000	0.3095	0.0039	0.0241	0.0000	0.0000	0.0119	0.0000
BLTP2|Q14667	0.0000	0.1190	0.0000	0.0000	0.0000	0.0000	0.0013	0.0003	0.0000	0.0000	0.5150	0.0000
MAP1B|P46821	0.0000	0.0001	0.0001	0.2289	0.0000	0.0004	0.0000	0.2412	0.0000	0.0000	0.0518	0.0000
FN1|P02751	0.0000	0.8913	0.0000	0.0050	0.0069	0.0000	0.0000	0.0002	0.0000	0.0000	0.0049	0.0000
FBN1|P35555	0.0000	0.0236	0.0001	0.0000	0.0387	0.0001	0.0000	0.0018	0.0000	0.0000	0.0063	0.0000
LAMA2|P24043	0.0000	0.4222	0.0001	0.0829	0.0024	0.0000	0.0000	0.0004	0.0000	0.0000	0.0148	0.0000
NBPF10|Q6P3W6	0.0000	0.0049	0.0044	0.0000	0.0000	0.6920	0.0000	0.0001	0.0000	0.0000	0.0140	0.0000
DYNC2H1|Q8NCM8	0.0000	0.5895	0.0000	0.0658	0.0001	0.0000	0.0000	0.0129	0.0000	0.0000	0.0000	0.0000
ANK3|Q12955	0.0000	0.1614	0.0000	0.0008	0.0000	0.0000	0.0000	0.0014	0.0000	0.0000	0.3865	0.0000
LRP1|Q07954	0.0000	0.9664	0.0000	0.0083	0.2377	0.0000	0.0000	0.0000	0.0000	0.0000	0.0030	0.0000
APOB|P04114	0.0000	0.4347	0.0000	0.4179	0.0000	0.0000	0.0000	0.0029	0.0000	0.0000	0.0000	0.0000
